image_path,purity,weight,fraud,type
RingFIR_0.jpg,2,2.78,0,0
RingFIR_1.jpg,1,5.64,0,0
RingFIR_2.jpg,0,5.56,0,0
RingFIR_3.jpg,2,7.02,0,0
RingFIR_4.jpg,0,3.84,0,0
RingFIR_5.jpg,1,3.95,0,0
RingFIR_6.jpg,1,1.5,0,0
RingFIR_7.jpg,1,6.9,0,0
RingFIR_8.jpg,2,4.14,0,0
RingFIR_9.jpg,2,3.52,0,0
RingFIR_10.jpg,2,3.74,0,0
RingFIR_11.jpg,2,6.2,0,0
RingFIR_12.jpg,2,5.24,0,0
RingFIR_13.jpg,1,3.97,0,0
RingFIR_14.jpg,0,3.8,0,0
RingFIR_15.jpg,0,6.89,0,0
RingFIR_16.jpg,2,2.96,0,0
RingFIR_17.jpg,2,4.68,0,0
RingFIR_18.jpg,0,4.54,0,0
RingFIR_19.jpg,2,5.78,0,0
RingFIR_20.jpg,1,10.56,0,0
RingFIR_21.jpg,1,7.39,0,0
RingFIR_22.jpg,3,5.44,0,0
RingFIR_23.jpg,3,6.76,0,0
RingFIR_24.jpg,0,2.98,0,0
RingFIR_25.jpg,1,1.83,0,0
RingFIR_26.jpg,2,2.31,0,0
RingFIR_27.jpg,2,3.24,0,0
RingFIR_28.jpg,1,6.16,0,0
RingFIR_29.jpg,2,6.78,0,0
RingFIR_30.jpg,2,4.59,0,0
RingFIR_31.jpg,1,3.75,0,0
RingFIR_32.jpg,2,1.98,0,0
RingFIR_33.jpg,0,7.2,0,0
RingFIR_34.jpg,1,7.36,0,0
RingFIR_35.jpg,2,3.2,0,0
RingFIR_36.jpg,2,2.92,0,0
RingFIR_37.jpg,2,4.85,0,0
RingFIR_38.jpg,2,7.99,0,0
RingFIR_39.jpg,2,5.68,0,0
RingFIR_40.jpg,2,4.2,0,0
RingFIR_41.jpg,1,4.88,0,0
RingFIR_42.jpg,0,2.16,0,0
RingFIR_43.jpg,2,7.08,0,0
RingFIR_44.jpg,3,3.93,0,0
RingFIR_45.jpg,2,2.01,0,0
RingFIR_46.jpg,1,4.58,0,0
RingFIR_47.jpg,1,4.15,0,0
RingFIR_48.jpg,3,6.0,0,0
RingFIR_49.jpg,2,7.32,0,0
RingFIR_50.jpg,2,7.74,0,0
RingFIR_51.jpg,2,5.35,0,0
RingFIR_52.jpg,1,4.49,0,0
RingFIR_53.jpg,2,4.26,0,0
RingFIR_54.jpg,2,1.5,0,0
RingFIR_55.jpg,1,5.69,0,0
RingFIR_56.jpg,1,5.91,0,0
RingFIR_57.jpg,1,4.67,0,0
RingFIR_58.jpg,2,3.11,0,0
RingFIR_59.jpg,3,7.81,0,0
RingFIR_60.jpg,3,4.96,0,0
RingFIR_61.jpg,1,1.65,0,0
RingFIR_62.jpg,1,5.2,0,0
RingFIR_63.jpg,2,4.13,0,0
RingFIR_64.jpg,0,5.96,0,0
RingFIR_65.jpg,1,4.48,0,0
RingFIR_66.jpg,1,5.68,0,0
RingFIR_67.jpg,1,4.99,0,0
RingFIR_68.jpg,2,3.45,0,0
RingFIR_69.jpg,2,6.55,0,0
RingFIR_70.jpg,2,7.81,0,0
RingFIR_71.jpg,2,7.78,0,0
RingFIR_72.jpg,0,4.01,0,0
RingFIR_73.jpg,1,6.85,0,0
RingFIR_74.jpg,0,8.41,0,0
RingFIR_75.jpg,0,6.75,0,0
RingFIR_76.jpg,2,6.3,0,0
RingFIR_77.jpg,1,2.55,0,0
RingFIR_78.jpg,2,6.24,0,0
RingFIR_79.jpg,1,4.68,0,0
RingFIR_80.jpg,1,4.29,0,0
RingFIR_81.jpg,2,6.11,0,0
RingFIR_82.jpg,2,7.73,0,0
RingFIR_83.jpg,1,10.08,0,0
RingFIR_84.jpg,0,2.12,0,0
RingFIR_85.jpg,1,7.38,0,0
RingFIR_86.jpg,2,6.24,0,0
RingFIR_87.jpg,0,7.43,0,0
RingFIR_88.jpg,1,5.45,0,0
RingFIR_89.jpg,0,6.69,0,0
RingFIR_90.jpg,1,5.35,0,0
RingFIR_91.jpg,2,2.57,0,0
RingFIR_92.jpg,2,6.47,0,0
RingFIR_93.jpg,1,3.09,0,0
RingFIR_94.jpg,1,6.54,0,0
RingFIR_95.jpg,2,7.54,0,0
RingFIR_96.jpg,2,3.26,0,0
RingFIR_97.jpg,2,5.29,0,0
RingFIR_98.jpg,1,6.76,0,0
RingFIR_99.jpg,2,4.52,0,0
RingFIR_100.jpg,2,10.47,0,0
RingFIR_101.jpg,2,5.19,0,0
RingFIR_102.jpg,1,3.07,0,0
RingFIR_103.jpg,0,6.95,0,0
RingFIR_104.jpg,2,4.75,0,0
RingFIR_105.jpg,3,6.48,0,0
RingFIR_106.jpg,3,4.1,0,0
RingFIR_107.jpg,2,6.55,0,0
RingFIR_108.jpg,2,3.15,0,0
RingFIR_109.jpg,2,3.97,0,0
RingFIR_110.jpg,3,6.26,0,0
RingFIR_111.jpg,0,8.53,0,0
RingFIR_112.jpg,2,7.11,0,0
RingFIR_113.jpg,2,5.1,0,0
RingFIR_114.jpg,2,3.08,0,0
RingFIR_115.jpg,1,7.76,0,0
RingFIR_116.jpg,2,5.61,0,0
RingFIR_117.jpg,3,5.51,0,0
RingFIR_118.jpg,2,7.87,0,0
RingFIR_119.jpg,2,5.01,0,0
RingFIR_120.jpg,2,5.46,0,0
RingFIR_121.jpg,1,5.35,0,0
RingFIR_122.jpg,2,5.33,0,0
RingFIR_123.jpg,0,3.29,0,0
RingFIR_124.jpg,2,1.5,0,0
RingFIR_125.jpg,2,5.71,0,0
RingFIR_126.jpg,0,3.21,0,0
RingFIR_127.jpg,2,4.33,0,0
RingFIR_128.jpg,2,6.1,0,0
RingFIR_129.jpg,0,2.46,0,0
RingFIR_130.jpg,0,9.78,0,0
RingFIR_131.jpg,2,8.69,0,0
RingFIR_132.jpg,2,5.03,0,0
RingFIR_133.jpg,1,5.88,0,0
RingFIR_134.jpg,2,4.11,0,0
RingFIR_135.jpg,0,1.66,0,0
RingFIR_136.jpg,0,3.46,0,0
RingFIR_137.jpg,1,8.32,0,0
RingFIR_138.jpg,1,5.64,0,0
RingFIR_139.jpg,2,1.78,0,0
RingFIR_140.jpg,2,5.75,0,0
RingFIR_141.jpg,2,8.3,0,0
RingFIR_142.jpg,2,3.54,0,0
RingFIR_143.jpg,2,2.44,0,0
RingFIR_144.jpg,0,4.53,0,0
RingFIR_145.jpg,0,8.74,0,0
RingFIR_146.jpg,2,2.41,0,0
RingFIR_147.jpg,2,4.79,0,0
RingFIR_148.jpg,2,8.09,0,0
RingFIR_149.jpg,0,7.65,0,0
RingFIR_150.jpg,2,5.12,0,0
RingFIR_151.jpg,2,9.7,0,0
RingFIR_152.jpg,2,4.6,0,0
RingFIR_153.jpg,2,5.12,0,0
RingFIR_154.jpg,3,1.5,0,0
RingFIR_155.jpg,2,7.56,0,0
RingFIR_156.jpg,2,6.37,0,0
RingFIR_157.jpg,2,5.14,0,0
RingFIR_158.jpg,3,4.03,0,0
RingFIR_159.jpg,1,5.42,0,0
RingFIR_160.jpg,2,3.76,0,0
RingFIR_161.jpg,2,4.29,0,0
RingFIR_162.jpg,2,5.72,0,0
RingFIR_163.jpg,2,6.16,0,0
RingFIR_164.jpg,1,6.1,0,0
RingFIR_165.jpg,2,3.58,0,0
RingFIR_166.jpg,3,1.5,0,0
RingFIR_167.jpg,2,2.56,0,0
RingFIR_168.jpg,1,8.11,0,0
RingFIR_169.jpg,2,4.12,0,0
RingFIR_170.jpg,1,5.02,0,0
RingFIR_171.jpg,2,6.86,0,0
RingFIR_172.jpg,1,4.52,0,0
RingFIR_173.jpg,0,6.71,0,0
RingFIR_174.jpg,3,4.46,0,0
RingFIR_175.jpg,3,3.77,0,0
RingFIR_176.jpg,3,8.82,0,0
RingFIR_177.jpg,2,7.13,0,0
RingFIR_178.jpg,1,7.41,0,0
RingFIR_179.jpg,2,2.61,0,0
RingFIR_180.jpg,2,3.6,0,0
RingFIR_181.jpg,2,4.98,0,0
RingFIR_182.jpg,2,4.38,0,0
RingFIR_183.jpg,1,6.61,0,0
RingFIR_184.jpg,1,6.23,0,0
RingFIR_185.jpg,1,7.72,0,0
RingFIR_186.jpg,0,4.13,0,0
RingFIR_187.jpg,2,5.41,0,0
RingFIR_188.jpg,2,7.31,0,0
RingFIR_189.jpg,3,4.05,0,0
RingFIR_190.jpg,3,3.67,0,0
RingFIR_191.jpg,0,7.72,0,0
RingFIR_192.jpg,2,1.5,0,0
RingFIR_193.jpg,3,8.14,0,0
RingFIR_194.jpg,1,4.4,0,0
RingFIR_195.jpg,2,4.99,0,0
RingFIR_196.jpg,0,7.54,0,0
RingFIR_197.jpg,2,6.54,0,0
RingFIR_198.jpg,3,2.11,0,0
RingFIR_199.jpg,2,3.31,0,0
RingFIR_200.jpg,1,5.14,0,0
RingFIR_201.jpg,3,6.97,0,0
RingFIR_202.jpg,0,5.95,0,0
RingFIR_203.jpg,2,5.11,0,0
RingFIR_204.jpg,2,4.14,0,0
RingFIR_205.jpg,2,8.72,0,0
RingFIR_206.jpg,2,4.78,0,0
RingFIR_207.jpg,2,6.95,0,0
RingFIR_208.jpg,1,4.68,0,0
RingFIR_209.jpg,2,2.29,0,0
RingFIR_210.jpg,2,1.5,0,0
RingFIR_211.jpg,2,5.72,0,0
RingFIR_212.jpg,2,6.48,0,0
RingFIR_213.jpg,2,7.95,0,0
RingFIR_214.jpg,3,4.85,0,0
RingFIR_215.jpg,2,4.44,0,0
RingFIR_216.jpg,3,5.59,0,0
RingFIR_217.jpg,2,2.81,0,0
RingFIR_218.jpg,3,5.55,0,0
RingFIR_219.jpg,2,5.56,0,0
RingFIR_220.jpg,2,4.78,0,0
RingFIR_221.jpg,2,4.89,0,0
RingFIR_222.jpg,2,8.03,0,0
RingFIR_223.jpg,3,5.62,0,0
RingFIR_224.jpg,2,4.37,0,0
RingFIR_225.jpg,1,1.8,0,0
RingFIR_226.jpg,3,2.26,0,0
RingFIR_227.jpg,2,6.07,0,0
RingFIR_228.jpg,2,3.34,0,0
RingFIR_229.jpg,2,4.39,0,0
RingFIR_230.jpg,2,5.23,0,0
RingFIR_231.jpg,2,8.1,0,0
RingFIR_232.jpg,2,7.05,0,0
RingFIR_233.jpg,2,5.33,0,0
RingFIR_234.jpg,1,7.98,0,0
RingFIR_235.jpg,1,6.76,0,0
RingFIR_236.jpg,1,1.54,0,0
RingFIR_237.jpg,2,7.89,0,0
RingFIR_238.jpg,3,5.4,0,0
RingFIR_239.jpg,2,1.5,0,0
RingFIR_240.jpg,2,6.96,0,0
RingFIR_241.jpg,3,5.66,0,0
RingFIR_242.jpg,1,4.97,0,0
RingFIR_243.jpg,1,6.59,0,0
RingFIR_244.jpg,2,4.99,0,0
RingFIR_245.jpg,1,5.81,0,0
RingFIR_246.jpg,2,4.75,0,0
RingFIR_247.jpg,1,4.85,0,0
RingFIR_248.jpg,1,2.8,0,0
RingFIR_249.jpg,1,5.98,0,0
RingFIR_250.jpg,2,9.11,0,0
RingFIR_251.jpg,1,4.36,0,0
RingFIR_252.jpg,1,3.37,0,0
RingFIR_253.jpg,0,3.88,0,0
RingFIR_254.jpg,1,2.13,0,0
RingFIR_255.jpg,2,4.62,0,0
RingFIR_256.jpg,2,4.8,0,0
RingFIR_257.jpg,2,5.08,0,0
RingFIR_258.jpg,2,6.7,0,0
RingFIR_259.jpg,2,3.76,0,0
RingFIR_260.jpg,1,3.91,0,0
RingFIR_261.jpg,2,2.54,0,0
RingFIR_262.jpg,2,3.75,0,0
RingFIR_263.jpg,2,1.5,0,0
RingFIR_264.jpg,0,6.7,0,0
RingFIR_265.jpg,2,3.02,0,0
RingFIR_266.jpg,2,3.06,0,0
RingFIR_267.jpg,2,5.16,0,0
RingFIR_268.jpg,2,3.38,0,0
RingFIR_269.jpg,2,3.19,0,0
RingFIR_270.jpg,0,2.88,0,0
RingFIR_271.jpg,1,3.69,0,0
RingFIR_272.jpg,1,5.44,0,0
RingFIR_273.jpg,2,6.82,0,0
RingFIR_274.jpg,2,3.25,0,0
RingFIR_275.jpg,2,4.99,0,0
RingFIR_276.jpg,2,4.12,0,0
RingFIR_277.jpg,1,8.16,0,0
RingFIR_278.jpg,1,7.79,0,0
RingFIR_279.jpg,2,2.38,0,0
RingFIR_280.jpg,2,5.06,0,0
RingFIR_281.jpg,1,5.25,0,0
RingFIR_282.jpg,1,4.08,0,0
RingFIR_283.jpg,1,3.75,0,0
RingFIR_284.jpg,1,3.34,0,0
RingFIR_285.jpg,2,3.91,0,0
RingFIR_286.jpg,0,1.5,0,0
RingFIR_287.jpg,3,6.37,0,0
RingFIR_288.jpg,1,5.78,0,0
RingFIR_289.jpg,2,4.83,0,0
RingFIR_290.jpg,2,3.55,0,0
RingFIR_291.jpg,2,3.93,0,0
RingFIR_292.jpg,3,9.09,0,0
RingFIR_293.jpg,1,8.24,0,0
RingFIR_294.jpg,2,3.87,0,0
RingFIR_295.jpg,2,3.0,0,0
RingFIR_296.jpg,2,4.08,0,0
RingFIR_297.jpg,2,4.39,0,0
RingFIR_298.jpg,1,2.72,0,0
RingFIR_299.jpg,2,5.54,0,0
RingFIR_300.jpg,2,4.7,0,0
RingFIR_301.jpg,1,4.19,0,0
RingFIR_302.jpg,0,3.8,0,0
RingFIR_303.jpg,2,6.52,0,0
RingFIR_304.jpg,2,3.55,0,0
RingFIR_305.jpg,2,9.87,0,0
RingFIR_306.jpg,1,5.34,0,0
RingFIR_307.jpg,1,5.18,0,0
RingFIR_308.jpg,0,5.98,0,0
RingFIR_309.jpg,2,8.16,0,0
RingFIR_310.jpg,1,3.81,0,0
RingFIR_311.jpg,1,6.18,0,0
RingFIR_312.jpg,1,6.09,0,0
RingFIR_313.jpg,2,7.07,0,0
RingFIR_314.jpg,2,4.46,0,0
RingFIR_315.jpg,2,6.9,0,0
RingFIR_316.jpg,2,3.65,0,0
RingFIR_317.jpg,1,1.5,0,0
RingFIR_318.jpg,2,1.84,0,0
RingFIR_319.jpg,2,5.03,0,0
RingFIR_320.jpg,2,6.78,0,0
RingFIR_321.jpg,2,5.19,0,0
RingFIR_322.jpg,1,5.33,0,0
RingFIR_323.jpg,1,6.14,0,0
RingFIR_324.jpg,1,6.02,0,0
RingFIR_325.jpg,2,7.49,0,0
RingFIR_326.jpg,2,4.03,0,0
RingFIR_327.jpg,1,5.81,0,0
RingFIR_328.jpg,1,8.02,0,0
RingFIR_329.jpg,2,5.8,0,0
RingFIR_330.jpg,1,7.57,0,0
RingFIR_331.jpg,1,4.11,0,0
RingFIR_332.jpg,1,6.93,0,0
RingFIR_333.jpg,2,6.95,0,0
RingFIR_334.jpg,2,1.74,0,0
RingFIR_335.jpg,1,5.56,0,0
RingFIR_336.jpg,1,5.34,0,0
RingFIR_337.jpg,2,6.67,0,0
RingFIR_338.jpg,2,5.36,0,0
RingFIR_339.jpg,2,10.29,0,0
RingFIR_340.jpg,0,8.56,0,0
RingFIR_341.jpg,3,6.18,0,0
RingFIR_342.jpg,2,5.5,0,0
RingFIR_343.jpg,2,2.72,0,0
RingFIR_344.jpg,2,5.37,0,0
RingFIR_345.jpg,3,5.2,0,0
RingFIR_346.jpg,2,10.08,0,0
RingFIR_347.jpg,2,6.05,0,0
RingFIR_348.jpg,0,7.14,0,0
RingFIR_349.jpg,0,3.83,0,0
RingFIR_350.jpg,1,6.7,0,0
RingFIR_351.jpg,3,1.5,0,0
RingFIR_352.jpg,1,7.54,0,0
RingFIR_353.jpg,2,3.36,0,0
RingFIR_354.jpg,1,2.75,0,0
RingFIR_355.jpg,1,4.7,0,0
RingFIR_356.jpg,2,6.61,0,0
RingFIR_357.jpg,2,4.69,0,0
RingFIR_358.jpg,2,2.97,0,0
RingFIR_359.jpg,3,6.03,0,0
RingFIR_360.jpg,1,3.4,0,0
RingFIR_361.jpg,3,4.67,0,0
RingFIR_362.jpg,2,3.64,0,0
RingFIR_363.jpg,2,5.3,0,0
RingFIR_364.jpg,1,4.77,0,0
RingFIR_365.jpg,1,5.31,0,0
RingFIR_366.jpg,0,10.14,0,0
RingFIR_367.jpg,0,2.79,0,0
RingFIR_368.jpg,2,7.78,0,0
RingFIR_369.jpg,2,1.5,0,0
RingFIR_370.jpg,2,2.64,0,0
RingFIR_371.jpg,1,5.41,0,0
RingFIR_372.jpg,2,4.7,0,0
RingFIR_373.jpg,1,6.06,0,0
RingFIR_374.jpg,2,4.28,0,0
RingFIR_375.jpg,1,4.86,0,0
RingFIR_376.jpg,2,4.82,0,0
RingFIR_377.jpg,1,5.06,0,0
RingFIR_378.jpg,1,5.2,0,0
RingFIR_379.jpg,1,4.74,0,0
RingFIR_380.jpg,2,4.3,0,0
RingFIR_381.jpg,1,4.54,0,0
RingFIR_382.jpg,2,5.47,0,0
RingFIR_383.jpg,2,5.51,0,0
RingFIR_384.jpg,2,3.69,0,0
RingFIR_385.jpg,2,3.13,0,0
RingFIR_386.jpg,0,1.66,0,0
RingFIR_387.jpg,2,8.53,0,0
RingFIR_388.jpg,2,2.52,0,0
RingFIR_389.jpg,2,3.37,0,0
RingFIR_390.jpg,2,6.51,0,0
RingFIR_391.jpg,2,2.17,0,0
RingFIR_392.jpg,2,1.5,0,0
RingFIR_393.jpg,3,3.91,0,0
RingFIR_394.jpg,2,6.94,0,0
RingFIR_395.jpg,2,4.94,0,0
RingFIR_396.jpg,2,9.31,0,0
RingFIR_397.jpg,1,6.34,0,0
RingFIR_398.jpg,1,2.42,0,0
RingFIR_399.jpg,1,5.2,0,0
RingFIR_400.jpg,0,1.74,0,0
RingFIR_401.jpg,2,6.1,0,0
RingFIR_402.jpg,2,4.06,0,0
RingFIR_403.jpg,0,6.05,0,0
RingFIR_404.jpg,1,8.24,0,0
RingFIR_405.jpg,2,8.14,0,0
RingFIR_406.jpg,1,4.68,0,0
RingFIR_407.jpg,2,6.61,0,0
RingFIR_408.jpg,2,4.3,0,0
RingFIR_409.jpg,2,5.4,0,0
RingFIR_410.jpg,1,1.95,0,0
RingFIR_411.jpg,2,3.4,0,0
RingFIR_412.jpg,2,6.15,0,0
RingFIR_413.jpg,2,1.5,0,0
RingFIR_414.jpg,2,5.19,0,0
RingFIR_415.jpg,1,5.36,0,0
RingFIR_416.jpg,0,6.22,0,0
RingFIR_417.jpg,0,1.96,0,0
RingFIR_418.jpg,2,1.62,0,0
RingFIR_419.jpg,2,6.97,0,0
RingFIR_420.jpg,1,5.36,0,0
RingFIR_421.jpg,2,4.33,0,0
RingFIR_422.jpg,2,1.88,0,0
RingFIR_423.jpg,2,4.2,0,0
RingFIR_424.jpg,2,2.82,0,0
RingFIR_425.jpg,2,6.86,0,0
RingFIR_426.jpg,2,2.36,0,0
RingFIR_427.jpg,2,4.55,0,0
RingFIR_428.jpg,2,6.63,0,0
RingFIR_429.jpg,2,6.24,0,0
RingFIR_430.jpg,2,4.09,0,0
RingFIR_431.jpg,2,6.27,0,0
RingFIR_432.jpg,1,6.64,0,0
RingFIR_433.jpg,0,5.27,0,0
RingFIR_434.jpg,2,5.89,0,0
RingFIR_435.jpg,3,4.57,0,0
RingFIR_436.jpg,3,7.26,0,0
RingFIR_437.jpg,2,4.84,0,0
RingFIR_438.jpg,1,2.19,0,0
RingFIR_439.jpg,1,6.0,0,0
RingFIR_440.jpg,0,2.92,0,0
RingFIR_441.jpg,2,7.56,0,0
RingFIR_442.jpg,0,5.83,0,0
RingFIR_443.jpg,2,1.5,0,0
RingFIR_444.jpg,1,6.74,0,0
RingFIR_445.jpg,2,5.57,0,0
RingFIR_446.jpg,1,6.43,0,0
RingFIR_447.jpg,2,5.09,0,0
RingFIR_448.jpg,3,7.45,0,0
RingFIR_449.jpg,2,3.63,0,0
RingFIR_450.jpg,2,6.84,0,0
RingFIR_451.jpg,3,5.63,0,0
RingFIR_452.jpg,2,1.64,0,0
RingFIR_453.jpg,2,1.5,0,0
RingFIR_454.jpg,1,4.4,0,0
RingFIR_455.jpg,1,3.39,0,0
RingFIR_456.jpg,1,1.5,0,0
RingFIR_457.jpg,2,2.59,0,0
RingFIR_458.jpg,1,4.67,0,0
RingFIR_459.jpg,2,3.35,0,0
RingFIR_460.jpg,3,9.62,0,0
RingFIR_461.jpg,1,3.67,0,0
RingFIR_462.jpg,3,7.33,0,0
RingFIR_463.jpg,2,8.24,0,0
RingFIR_464.jpg,1,3.96,0,0
RingFIR_465.jpg,1,3.8,0,0
RingFIR_466.jpg,2,4.01,0,0
RingFIR_467.jpg,3,4.66,0,0
RingFIR_468.jpg,2,4.25,0,0
RingFIR_469.jpg,2,2.65,0,0
RingFIR_470.jpg,2,5.69,0,0
RingFIR_471.jpg,1,4.25,0,0
RingFIR_472.jpg,1,9.71,0,0
RingFIR_473.jpg,2,6.88,0,0
RingFIR_474.jpg,0,4.27,0,0
RingFIR_475.jpg,1,6.17,0,0
RingFIR_476.jpg,2,6.09,0,0
RingFIR_477.jpg,2,7.17,0,0
RingFIR_478.jpg,0,1.5,0,0
RingFIR_479.jpg,1,2.49,0,0
RingFIR_480.jpg,2,3.32,0,0
RingFIR_481.jpg,1,4.98,0,0
RingFIR_482.jpg,2,1.5,0,0
RingFIR_483.jpg,2,3.26,0,0
RingFIR_484.jpg,2,7.65,0,0
RingFIR_485.jpg,2,2.74,0,0
RingFIR_486.jpg,1,5.48,0,0
RingFIR_487.jpg,2,5.61,0,0
RingFIR_488.jpg,2,5.81,0,0
RingFIR_489.jpg,2,6.43,0,0
RingFIR_490.jpg,2,7.02,0,0
RingFIR_491.jpg,2,8.06,0,0
RingFIR_492.jpg,1,4.26,0,0
RingFIR_493.jpg,2,3.33,0,0
RingFIR_494.jpg,1,5.84,0,0
RingFIR_495.jpg,2,5.8,0,0
RingFIR_496.jpg,0,6.64,0,0
RingFIR_497.jpg,3,2.02,0,0
RingFIR_498.jpg,2,6.51,0,0
RingFIR_499.jpg,2,2.3,0,0
RingFIR_500.jpg,2,5.53,0,0
RingFIR_501.jpg,2,4.2,0,0
RingFIR_502.jpg,3,7.42,0,0
RingFIR_503.jpg,3,2.12,0,0
RingFIR_504.jpg,1,5.35,0,0
RingFIR_505.jpg,0,5.82,0,0
RingFIR_506.jpg,1,4.27,0,0
RingFIR_507.jpg,2,5.35,0,0
RingFIR_508.jpg,1,4.04,0,0
RingFIR_509.jpg,2,5.26,0,0
RingFIR_510.jpg,3,5.73,0,0
RingFIR_511.jpg,0,3.95,0,0
RingFIR_512.jpg,0,4.74,0,0
RingFIR_513.jpg,2,1.5,0,0
RingFIR_514.jpg,2,1.6,0,0
RingFIR_515.jpg,3,4.19,0,0
RingFIR_516.jpg,2,2.54,0,0
RingFIR_517.jpg,2,4.64,0,0
RingFIR_518.jpg,2,7.24,0,0
RingFIR_519.jpg,1,7.62,0,0
RingFIR_520.jpg,3,4.56,0,0
RingFIR_521.jpg,3,2.71,0,0
RingFIR_522.jpg,2,2.55,0,0
RingFIR_523.jpg,1,8.32,0,0
RingFIR_524.jpg,3,6.8,0,0
RingFIR_525.jpg,1,4.59,0,0
RingFIR_526.jpg,1,5.15,0,0
RingFIR_527.jpg,2,4.54,0,0
RingFIR_528.jpg,2,6.01,0,0
RingFIR_529.jpg,1,4.94,0,0
RingFIR_530.jpg,2,6.42,0,0
RingFIR_531.jpg,2,6.45,0,0
RingFIR_532.jpg,2,3.11,0,0
RingFIR_533.jpg,0,5.65,0,0
RingFIR_534.jpg,3,7.5,0,0
RingFIR_535.jpg,2,5.98,0,0
RingFIR_536.jpg,1,5.75,0,0
RingFIR_537.jpg,2,3.49,0,0
RingFIR_538.jpg,1,3.52,0,0
RingFIR_539.jpg,2,4.97,0,0
RingFIR_540.jpg,1,3.73,0,0
RingFIR_541.jpg,2,6.99,0,0
RingFIR_542.jpg,0,4.65,0,0
RingFIR_543.jpg,2,3.62,0,0
RingFIR_544.jpg,2,7.05,0,0
RingFIR_545.jpg,2,2.81,0,0
RingFIR_546.jpg,2,4.95,0,0
RingFIR_547.jpg,1,3.86,0,0
RingFIR_548.jpg,1,9.8,0,0
RingFIR_549.jpg,2,4.95,0,0
RingFIR_550.jpg,2,3.25,0,0
RingFIR_551.jpg,2,5.08,0,0
RingFIR_552.jpg,0,4.64,0,0
RingFIR_553.jpg,1,3.54,0,0
RingFIR_554.jpg,2,6.98,0,0
RingFIR_555.jpg,1,6.25,0,0
RingFIR_556.jpg,1,5.55,0,0
RingFIR_557.jpg,2,3.4,0,0
RingFIR_558.jpg,0,8.62,0,0
RingFIR_559.jpg,2,5.72,0,0
RingFIR_560.jpg,2,3.84,0,0
RingFIR_561.jpg,2,7.18,0,0
RingFIR_562.jpg,0,5.23,0,0
RingFIR_563.jpg,2,6.9,0,0
RingFIR_564.jpg,2,5.8,0,0
RingFIR_565.jpg,2,9.37,0,0
RingFIR_566.jpg,0,2.94,0,0
RingFIR_567.jpg,2,3.94,0,0
RingFIR_568.jpg,2,10.93,0,0
RingFIR_569.jpg,2,4.81,0,0
RingFIR_570.jpg,1,2.74,0,0
RingFIR_571.jpg,2,6.13,0,0
RingFIR_572.jpg,0,7.18,0,0
RingFIR_573.jpg,2,4.78,0,0
RingFIR_574.jpg,2,1.5,0,0
RingFIR_575.jpg,2,3.2,0,0
RingFIR_576.jpg,3,1.88,0,0
RingFIR_577.jpg,2,9.0,0,0
RingFIR_578.jpg,2,1.73,0,0
RingFIR_579.jpg,2,3.85,0,0
RingFIR_580.jpg,3,6.07,0,0
RingFIR_581.jpg,2,2.49,0,0
RingFIR_582.jpg,2,5.8,0,0
RingFIR_583.jpg,3,3.63,0,0
RingFIR_584.jpg,1,5.65,0,0
RingFIR_585.jpg,2,4.42,0,0
RingFIR_586.jpg,1,4.69,0,0
RingFIR_587.jpg,2,7.12,0,0
RingFIR_588.jpg,2,2.69,0,0
RingFIR_589.jpg,2,5.64,0,0
RingFIR_590.jpg,3,6.61,0,0
RingFIR_591.jpg,1,2.51,0,0
RingFIR_592.jpg,2,1.89,0,0
RingFIR_593.jpg,0,4.46,0,0
RingFIR_594.jpg,1,1.5,0,0
RingFIR_595.jpg,2,5.51,0,0
RingFIR_596.jpg,2,6.3,0,0
RingFIR_597.jpg,2,2.22,0,0
RingFIR_598.jpg,1,6.69,0,0
RingFIR_599.jpg,2,7.45,0,0
RingFIR_600.jpg,2,5.73,0,0
RingFIR_601.jpg,2,7.6,0,0
RingFIR_602.jpg,1,4.35,0,0
RingFIR_603.jpg,0,3.9,0,0
RingFIR_604.jpg,2,4.74,0,0
RingFIR_605.jpg,3,2.93,0,0
RingFIR_606.jpg,1,3.82,0,0
RingFIR_607.jpg,1,5.02,0,0
RingFIR_608.jpg,3,5.28,0,0
RingFIR_609.jpg,2,5.91,0,0
RingFIR_610.jpg,2,1.5,0,0
RingFIR_611.jpg,2,10.88,0,0
RingFIR_612.jpg,1,3.12,0,0
RingFIR_613.jpg,2,6.29,0,0
RingFIR_614.jpg,3,5.55,0,0
RingFIR_615.jpg,2,3.7,0,0
RingFIR_616.jpg,2,6.09,0,0
RingFIR_617.jpg,2,3.17,0,0
RingFIR_618.jpg,3,4.94,0,0
RingFIR_619.jpg,2,9.01,0,0
RingFIR_620.jpg,2,4.1,0,0
RingFIR_621.jpg,3,5.13,0,0
RingFIR_622.jpg,2,2.85,0,0
RingFIR_623.jpg,2,6.34,0,0
RingFIR_624.jpg,2,3.46,0,0
RingFIR_625.jpg,2,5.59,0,0
RingFIR_626.jpg,3,7.01,0,0
RingFIR_627.jpg,2,4.5,0,0
RingFIR_628.jpg,2,6.13,0,0
RingFIR_629.jpg,2,5.71,0,0
RingFIR_630.jpg,1,7.09,0,0
RingFIR_631.jpg,2,6.14,0,0
RingFIR_632.jpg,2,7.58,0,0
RingFIR_633.jpg,1,4.48,0,0
RingFIR_634.jpg,2,2.44,0,0
RingFIR_635.jpg,2,1.71,0,0
RingFIR_636.jpg,2,1.89,0,0
RingFIR_637.jpg,2,4.39,0,0
RingFIR_638.jpg,1,5.34,0,0
RingFIR_639.jpg,2,3.6,0,0
RingFIR_640.jpg,2,1.5,0,0
RingFIR_641.jpg,2,3.63,0,0
RingFIR_642.jpg,2,4.09,0,0
RingFIR_643.jpg,1,4.96,0,0
RingFIR_644.jpg,2,7.89,0,0
RingFIR_645.jpg,2,1.5,0,0
RingFIR_646.jpg,2,6.36,0,0
RingFIR_647.jpg,2,6.15,0,0
RingFIR_648.jpg,3,4.49,0,0
RingFIR_649.jpg,3,5.78,0,0
RingFIR_650.jpg,0,4.62,0,0
RingFIR_651.jpg,1,6.11,0,0
RingFIR_652.jpg,2,3.26,0,0
RingFIR_653.jpg,1,3.03,0,0
RingFIR_654.jpg,2,1.5,0,0
RingFIR_655.jpg,2,5.79,0,0
RingFIR_656.jpg,2,3.79,0,0
RingFIR_657.jpg,1,1.83,0,0
RingFIR_658.jpg,1,3.06,0,0
RingFIR_659.jpg,2,6.1,0,0
RingFIR_660.jpg,2,5.32,0,0
RingFIR_661.jpg,1,3.13,0,0
RingFIR_662.jpg,3,7.79,0,0
RingFIR_663.jpg,2,4.85,0,0
RingFIR_664.jpg,0,5.94,0,0
RingFIR_665.jpg,2,5.28,0,0
RingFIR_666.jpg,2,4.43,0,0
RingFIR_667.jpg,1,5.8,0,0
RingFIR_668.jpg,2,7.3,0,0
RingFIR_669.jpg,3,4.4,0,0
RingFIR_670.jpg,2,6.49,0,0
RingFIR_671.jpg,1,3.6,0,0
RingFIR_672.jpg,2,8.64,0,0
RingFIR_673.jpg,0,3.34,0,0
RingFIR_674.jpg,2,9.45,0,0
RingFIR_675.jpg,1,2.52,0,0
RingFIR_676.jpg,2,4.29,0,0
RingFIR_677.jpg,0,5.91,0,0
RingFIR_678.jpg,0,7.45,0,0
RingFIR_679.jpg,2,8.25,0,0
RingFIR_680.jpg,1,7.92,0,0
RingFIR_681.jpg,2,1.63,0,0
RingFIR_682.jpg,3,5.83,0,0
RingFIR_683.jpg,2,3.46,0,0
RingFIR_684.jpg,2,6.95,0,0
RingFIR_685.jpg,3,7.21,0,0
RingFIR_686.jpg,1,5.61,0,0
RingFIR_687.jpg,2,3.93,0,0
RingFIR_688.jpg,1,2.8,0,0
RingFIR_689.jpg,2,3.58,0,0
RingFIR_690.jpg,0,3.48,0,0
RingFIR_691.jpg,2,5.07,0,0
RingFIR_692.jpg,1,7.06,0,0
RingFIR_693.jpg,2,5.22,0,0
RingFIR_694.jpg,2,2.65,0,0
RingFIR_695.jpg,2,2.53,0,0
RingFIR_696.jpg,3,6.39,0,0
RingFIR_697.jpg,2,8.89,0,0
RingFIR_698.jpg,2,5.19,0,0
RingFIR_699.jpg,3,3.64,0,0
RingFIR_700.jpg,1,3.02,0,0
RingFIR_701.jpg,2,6.26,0,0
RingFIR_702.jpg,0,8.17,0,0
RingFIR_703.jpg,1,4.39,0,0
RingFIR_704.jpg,2,3.93,0,0
RingFIR_705.jpg,1,2.19,0,0
RingFIR_706.jpg,3,5.15,0,0
RingFIR_707.jpg,2,6.56,0,0
RingFIR_708.jpg,2,3.5,0,0
RingFIR_709.jpg,2,5.45,0,0
RingFIR_710.jpg,1,6.01,0,0
RingFIR_711.jpg,2,6.16,0,0
RingFIR_712.jpg,0,2.86,0,0
RingFIR_713.jpg,2,3.22,0,0
RingFIR_714.jpg,0,5.17,0,0
RingFIR_715.jpg,1,6.42,0,0
RingFIR_716.jpg,2,9.31,0,0
RingFIR_717.jpg,2,2.74,0,0
RingFIR_718.jpg,3,5.5,0,0
RingFIR_719.jpg,2,5.0,0,0
RingFIR_720.jpg,1,4.12,0,0
RingFIR_721.jpg,2,7.33,0,0
RingFIR_722.jpg,2,6.14,0,0
RingFIR_723.jpg,1,6.2,0,0
RingFIR_724.jpg,0,2.62,0,0
RingFIR_725.jpg,2,4.29,0,0
RingFIR_726.jpg,1,5.1,0,0
RingFIR_727.jpg,2,5.34,0,0
RingFIR_728.jpg,1,9.93,0,0
RingFIR_729.jpg,2,4.4,0,0
RingFIR_730.jpg,1,1.5,0,0
RingFIR_731.jpg,1,5.13,0,0
RingFIR_732.jpg,2,6.02,0,0
RingFIR_733.jpg,2,5.11,0,0
RingFIR_734.jpg,1,1.5,0,0
RingFIR_735.jpg,1,5.59,0,0
RingFIR_736.jpg,2,6.08,0,0
RingFIR_737.jpg,2,2.44,0,0
RingFIR_738.jpg,1,3.62,0,0
RingFIR_739.jpg,3,4.87,0,0
RingFIR_740.jpg,0,3.87,0,0
RingFIR_741.jpg,1,4.18,0,0
RingFIR_742.jpg,1,5.6,0,0
RingFIR_743.jpg,0,3.74,0,0
RingFIR_744.jpg,2,1.93,0,0
RingFIR_745.jpg,2,6.82,0,0
RingFIR_746.jpg,2,2.91,0,0
RingFIR_747.jpg,2,4.58,0,0
RingFIR_748.jpg,2,3.99,0,0
RingFIR_749.jpg,2,2.66,0,0
RingFIR_750.jpg,2,6.76,0,0
RingFIR_751.jpg,0,6.52,0,0
RingFIR_752.jpg,2,4.22,0,0
RingFIR_753.jpg,1,4.97,0,0
RingFIR_754.jpg,2,5.22,0,0
RingFIR_755.jpg,1,2.76,0,0
RingFIR_756.jpg,0,3.01,0,0
RingFIR_757.jpg,2,4.94,0,0
RingFIR_758.jpg,2,2.61,0,0
RingFIR_759.jpg,1,4.92,0,0
RingFIR_760.jpg,2,1.5,0,0
RingFIR_761.jpg,2,4.11,0,0
RingFIR_762.jpg,2,5.57,0,0
RingFIR_763.jpg,3,5.41,0,0
RingFIR_764.jpg,2,7.28,0,0
RingFIR_765.jpg,2,2.76,0,0
RingFIR_766.jpg,1,4.82,0,0
RingFIR_767.jpg,2,6.84,0,0
RingFIR_768.jpg,2,5.55,0,0
RingFIR_769.jpg,2,6.6,0,0
RingFIR_770.jpg,0,2.62,0,0
RingFIR_771.jpg,2,5.13,0,0
RingFIR_772.jpg,2,4.54,0,0
RingFIR_773.jpg,0,5.18,0,0
RingFIR_774.jpg,2,3.4,0,0
RingFIR_775.jpg,1,7.6,0,0
RingFIR_776.jpg,1,6.36,0,0
RingFIR_777.jpg,1,7.32,0,0
RingFIR_778.jpg,1,5.57,0,0
RingFIR_779.jpg,2,3.58,0,0
RingFIR_780.jpg,1,6.21,0,0
RingFIR_781.jpg,2,7.62,0,0
RingFIR_782.jpg,1,5.56,0,0
RingFIR_783.jpg,2,3.15,0,0
RingFIR_784.jpg,2,3.83,0,0
RingFIR_785.jpg,3,5.08,0,0
RingFIR_786.jpg,2,7.91,0,0
RingFIR_787.jpg,2,8.6,0,0
RingFIR_788.jpg,2,3.29,0,0
RingFIR_789.jpg,1,5.72,0,0
RingFIR_790.jpg,3,3.81,0,0
RingFIR_791.jpg,2,2.44,0,0
RingFIR_792.jpg,2,6.16,0,0
RingFIR_793.jpg,1,5.3,0,0
RingFIR_794.jpg,1,5.42,0,0
RingFIR_795.jpg,2,4.67,0,0
RingFIR_796.jpg,1,5.61,0,0
RingFIR_797.jpg,2,5.53,0,0
RingFIR_798.jpg,3,6.68,0,0
RingFIR_799.jpg,2,3.37,0,0
RingFIR_800.jpg,2,6.78,0,0
RingFIR_801.jpg,2,6.47,0,0
RingFIR_802.jpg,1,5.65,0,0
RingFIR_803.jpg,3,5.06,0,0
RingFIR_804.jpg,0,4.81,0,0
RingFIR_805.jpg,2,4.83,0,0
RingFIR_806.jpg,2,5.06,0,0
RingFIR_807.jpg,2,2.02,0,0
RingFIR_808.jpg,2,9.6,0,0
RingFIR_809.jpg,2,7.15,0,0
RingFIR_810.jpg,1,8.62,0,0
RingFIR_811.jpg,2,6.25,0,0
RingFIR_812.jpg,2,3.76,0,0
RingFIR_813.jpg,2,5.96,0,0
RingFIR_814.jpg,0,6.66,0,0
RingFIR_815.jpg,3,3.15,0,0
RingFIR_816.jpg,0,7.58,0,0
RingFIR_817.jpg,1,4.15,0,0
RingFIR_818.jpg,2,6.44,0,0
RingFIR_819.jpg,1,7.89,0,0
RingFIR_820.jpg,2,5.56,0,0
RingFIR_821.jpg,0,7.91,0,0
RingFIR_822.jpg,2,2.1,0,0
RingFIR_823.jpg,1,2.79,0,0
RingFIR_824.jpg,1,3.37,0,0
RingFIR_825.jpg,2,1.5,0,0
RingFIR_826.jpg,2,1.6,0,0
RingFIR_827.jpg,2,7.91,0,0
RingFIR_828.jpg,2,7.33,0,0
RingFIR_829.jpg,0,3.85,0,0
RingFIR_830.jpg,2,9.43,0,0
RingFIR_831.jpg,0,4.41,0,0
RingFIR_832.jpg,2,8.72,0,0
RingFIR_833.jpg,2,8.77,0,0
RingFIR_834.jpg,2,3.75,0,0
RingFIR_835.jpg,2,6.66,0,0
RingFIR_836.jpg,2,7.23,0,0
RingFIR_837.jpg,2,3.7,0,0
RingFIR_838.jpg,2,1.5,0,0
RingFIR_839.jpg,1,6.6,0,0
RingFIR_840.jpg,1,3.31,0,0
RingFIR_841.jpg,1,4.73,0,0
RingFIR_842.jpg,2,5.38,0,0
RingFIR_843.jpg,2,6.15,0,0
RingFIR_844.jpg,2,4.3,0,0
RingFIR_845.jpg,2,5.52,0,0
RingFIR_846.jpg,2,7.4,0,0
RingFIR_847.jpg,2,1.5,0,0
RingFIR_848.jpg,1,2.18,0,0
RingFIR_849.jpg,0,2.65,0,0
RingFIR_850.jpg,0,3.94,0,0
RingFIR_851.jpg,2,6.54,0,0
RingFIR_852.jpg,1,7.07,0,0
RingFIR_853.jpg,2,4.61,0,0
RingFIR_854.jpg,1,4.62,0,0
RingFIR_855.jpg,2,7.78,0,0
RingFIR_856.jpg,1,5.41,0,0
RingFIR_857.jpg,2,4.24,0,0
RingFIR_858.jpg,2,6.8,0,0
RingFIR_859.jpg,1,6.56,0,0
RingFIR_860.jpg,2,5.79,0,0
RingFIR_861.jpg,2,3.85,0,0
RingFIR_862.jpg,3,3.05,0,0
RingFIR_863.jpg,1,3.22,0,0
RingFIR_864.jpg,3,3.32,0,0
RingFIR_865.jpg,2,3.15,0,0
RingFIR_866.jpg,2,3.95,0,0
RingFIR_867.jpg,0,4.97,0,0
RingFIR_868.jpg,3,5.2,0,0
RingFIR_869.jpg,2,2.74,0,0
RingFIR_870.jpg,1,5.49,0,0
RingFIR_871.jpg,2,5.17,0,0
RingFIR_872.jpg,3,4.78,0,0
RingFIR_873.jpg,1,3.79,0,0
RingFIR_874.jpg,2,2.78,0,0
RingFIR_875.jpg,2,6.13,0,0
RingFIR_876.jpg,2,5.16,0,0
RingFIR_877.jpg,1,5.7,0,0
RingFIR_878.jpg,1,4.15,0,0
RingFIR_879.jpg,1,3.92,0,0
RingFIR_880.jpg,2,7.04,0,0
RingFIR_881.jpg,1,10.33,0,0
RingFIR_882.jpg,2,4.41,0,0
RingFIR_883.jpg,2,5.3,0,0
RingFIR_884.jpg,2,4.83,0,0
RingFIR_885.jpg,2,3.34,0,0
RingFIR_886.jpg,1,4.1,0,0
RingFIR_887.jpg,2,9.02,0,0
RingFIR_888.jpg,2,3.58,0,0
RingFIR_889.jpg,2,5.15,0,0
RingFIR_890.jpg,2,3.71,0,0
RingFIR_891.jpg,2,4.88,0,0
RingFIR_892.jpg,1,3.58,0,0
RingFIR_893.jpg,1,3.98,0,0
RingFIR_894.jpg,2,2.11,0,0
RingFIR_895.jpg,2,5.19,0,0
RingFIR_896.jpg,2,4.28,0,0
RingFIR_897.jpg,2,6.02,0,0
RingFIR_898.jpg,3,4.88,0,0
RingFIR_899.jpg,3,3.53,0,0
RingFIR_900.jpg,2,3.05,0,0
RingFIR_901.jpg,2,4.99,0,0
RingFIR_902.jpg,2,7.62,0,0
RingFIR_903.jpg,3,3.86,0,0
RingFIR_904.jpg,1,1.5,0,0
RingFIR_905.jpg,2,5.4,0,0
RingFIR_906.jpg,2,7.38,0,0
RingFIR_907.jpg,2,6.07,0,0
RingFIR_908.jpg,3,2.56,0,0
RingFIR_909.jpg,2,5.24,0,0
RingFIR_910.jpg,2,6.67,0,0
RingFIR_911.jpg,3,4.14,0,0
RingFIR_912.jpg,1,3.91,0,0
RingFIR_913.jpg,2,3.97,0,0
RingFIR_914.jpg,2,4.6,0,0
RingFIR_915.jpg,2,2.67,0,0
RingFIR_916.jpg,0,5.38,0,0
RingFIR_917.jpg,2,5.48,0,0
RingFIR_918.jpg,3,5.53,0,0
RingFIR_919.jpg,2,4.91,0,0
RingFIR_920.jpg,2,2.62,0,0
RingFIR_921.jpg,0,4.49,0,0
RingFIR_922.jpg,2,8.59,0,0
RingFIR_923.jpg,2,5.45,0,0
RingFIR_924.jpg,0,3.39,0,0
RingFIR_925.jpg,2,6.19,0,0
RingFIR_926.jpg,2,8.62,0,0
RingFIR_927.jpg,1,5.7,0,0
RingFIR_928.jpg,2,4.67,0,0
RingFIR_929.jpg,2,7.61,0,0
RingFIR_930.jpg,2,4.0,0,0
RingFIR_931.jpg,1,6.99,0,0
RingFIR_932.jpg,2,3.87,0,0
RingFIR_933.jpg,1,4.18,0,0
RingFIR_934.jpg,2,6.53,0,0
RingFIR_935.jpg,2,7.51,0,0
RingFIR_936.jpg,2,4.79,0,0
RingFIR_937.jpg,3,7.45,0,0
RingFIR_938.jpg,2,5.74,0,0
RingFIR_939.jpg,1,3.42,0,0
RingFIR_940.jpg,2,4.2,0,0
RingFIR_941.jpg,2,6.05,0,0
RingFIR_942.jpg,1,7.75,0,0
RingFIR_943.jpg,2,7.03,0,0
RingFIR_944.jpg,1,7.06,0,0
RingFIR_945.jpg,3,2.37,0,0
RingFIR_946.jpg,2,6.45,0,0
RingFIR_947.jpg,2,6.33,0,0
RingFIR_948.jpg,1,5.55,0,0
RingFIR_949.jpg,2,6.3,0,0
RingFIR_950.jpg,1,1.59,0,0
RingFIR_951.jpg,2,1.5,0,0
RingFIR_952.jpg,2,5.51,0,0
RingFIR_953.jpg,1,4.87,0,0
RingFIR_954.jpg,2,4.56,0,0
RingFIR_955.jpg,2,5.84,0,0
RingFIR_956.jpg,1,5.39,0,0
RingFIR_957.jpg,2,5.63,0,0
RingFIR_958.jpg,0,6.78,0,0
RingFIR_959.jpg,1,3.95,0,0
RingFIR_960.jpg,2,5.68,0,0
RingFIR_961.jpg,2,3.71,0,0
RingFIR_962.jpg,0,1.5,0,0
RingFIR_963.jpg,2,4.41,0,0
RingFIR_964.jpg,1,7.1,0,0
RingFIR_965.jpg,0,3.27,0,0
RingFIR_966.jpg,3,5.86,0,0
RingFIR_967.jpg,2,6.8,0,0
RingFIR_968.jpg,2,6.47,0,0
RingFIR_969.jpg,0,3.7,0,0
RingFIR_970.jpg,2,3.53,0,0
RingFIR_971.jpg,2,5.07,0,0
RingFIR_972.jpg,2,5.53,0,0
RingFIR_973.jpg,2,6.28,0,0
RingFIR_974.jpg,2,6.31,0,0
RingFIR_975.jpg,2,10.38,0,0
RingFIR_976.jpg,1,7.95,0,0
RingFIR_977.jpg,2,4.3,0,0
RingFIR_978.jpg,2,9.21,0,0
RingFIR_979.jpg,2,2.77,0,0
RingFIR_980.jpg,2,2.97,0,0
RingFIR_981.jpg,2,6.57,0,0
RingFIR_982.jpg,1,4.49,0,0
RingFIR_983.jpg,2,1.5,0,0
RingFIR_984.jpg,3,7.96,0,0
RingFIR_985.jpg,2,6.22,0,0
RingFIR_986.jpg,2,4.79,0,0
RingFIR_987.jpg,2,4.63,0,0
RingFIR_988.jpg,2,4.56,0,0
RingFIR_989.jpg,1,1.5,0,0
RingFIR_990.jpg,2,3.21,0,0
RingFIR_991.jpg,2,3.66,0,0
RingFIR_992.jpg,0,7.17,0,0
RingFIR_993.jpg,2,3.84,0,0
RingFIR_994.jpg,2,5.75,0,0
RingFIR_995.jpg,2,4.64,0,0
RingFIR_996.jpg,0,3.23,0,0
RingFIR_997.jpg,1,5.54,0,0
RingFIR_998.jpg,2,4.96,0,0
RingFIR_999.jpg,2,7.15,0,0
RingFIR_1000.jpg,3,4.2,0,0
RingFIR_1001.jpg,2,3.69,0,0
RingFIR_1002.jpg,2,6.66,0,0
RingFIR_1003.jpg,2,4.64,0,0
RingFIR_1004.jpg,2,6.84,0,0
RingFIR_1005.jpg,3,3.92,0,0
RingFIR_1006.jpg,2,5.29,0,0
RingFIR_1007.jpg,2,3.77,0,0
RingFIR_1008.jpg,1,3.34,0,0
RingFIR_1009.jpg,2,1.5,0,0
RingFIR_1010.jpg,1,8.04,0,0
RingFIR_1011.jpg,0,4.02,0,0
RingFIR_1012.jpg,0,6.02,0,0
RingFIR_1013.jpg,2,4.66,0,0
RingFIR_1014.jpg,2,7.35,0,0
RingFIR_1015.jpg,0,1.53,0,0
RingFIR_1016.jpg,2,5.41,0,0
RingFIR_1017.jpg,2,6.52,0,0
RingFIR_1018.jpg,2,5.12,0,0
RingFIR_1019.jpg,1,3.51,0,0
RingFIR_1020.jpg,0,1.61,0,0
RingFIR_1021.jpg,2,3.71,0,0
RingFIR_1022.jpg,2,1.5,0,0
RingFIR_1023.jpg,2,6.47,0,0
RingFIR_1024.jpg,2,5.94,0,0
RingFIR_1025.jpg,2,6.69,0,0
RingFIR_1026.jpg,2,3.11,0,0
RingFIR_1027.jpg,2,2.81,0,0
RingFIR_1028.jpg,2,6.06,0,0
RingFIR_1029.jpg,2,5.98,0,0
RingFIR_1030.jpg,3,1.5,0,0
RingFIR_1031.jpg,2,3.61,0,0
RingFIR_1032.jpg,2,8.17,0,0
RingFIR_1033.jpg,2,6.56,0,0
RingFIR_1034.jpg,2,4.49,0,0
RingFIR_1035.jpg,1,2.57,0,0
RingFIR_1036.jpg,2,3.07,0,0
RingFIR_1037.jpg,0,4.14,0,0
RingFIR_1038.jpg,2,2.17,0,0
RingFIR_1039.jpg,0,7.43,0,0
RingFIR_1040.jpg,2,7.22,0,0
RingFIR_1041.jpg,2,2.63,0,0
RingFIR_1042.jpg,2,8.78,0,0
RingFIR_1043.jpg,1,4.08,0,0
RingFIR_1044.jpg,2,5.01,0,0
RingFIR_1045.jpg,3,4.05,0,0
RingFIR_1046.jpg,2,2.8,0,0
RingFIR_1047.jpg,0,4.28,0,0
RingFIR_1048.jpg,2,1.5,0,0
RingFIR_1049.jpg,3,4.29,0,0
RingFIR_1050.jpg,1,4.81,0,0
RingFIR_1051.jpg,2,5.46,0,0
RingFIR_1052.jpg,2,1.92,0,0
RingFIR_1053.jpg,1,2.03,0,0
RingFIR_1054.jpg,2,5.37,0,0
RingFIR_1055.jpg,2,2.64,0,0
RingFIR_1056.jpg,2,4.56,0,0
RingFIR_1057.jpg,1,7.46,0,0
RingFIR_1058.jpg,1,2.48,0,0
RingFIR_1059.jpg,3,3.27,0,0
RingFIR_1060.jpg,2,6.92,0,0
RingFIR_1061.jpg,1,1.5,0,0
RingFIR_1062.jpg,2,4.59,0,0
RingFIR_1063.jpg,2,9.67,0,0
RingFIR_1064.jpg,3,5.58,0,0
RingFIR_1065.jpg,2,6.8,0,0
RingFIR_1066.jpg,2,4.1,0,0
RingFIR_1067.jpg,0,2.45,0,0
RingFIR_1068.jpg,2,1.95,0,0
RingFIR_1069.jpg,3,5.48,0,0
RingFIR_1070.jpg,3,5.53,0,0
RingFIR_1071.jpg,2,8.54,0,0
RingFIR_1072.jpg,1,4.28,0,0
RingFIR_1073.jpg,2,5.56,0,0
RingFIR_1074.jpg,1,4.75,0,0
RingFIR_1075.jpg,3,2.65,0,0
RingFIR_1076.jpg,2,5.51,0,0
RingFIR_1077.jpg,2,7.09,0,0
RingFIR_1078.jpg,1,6.28,0,0
RingFIR_1079.jpg,2,3.55,0,0
RingFIR_1080.jpg,2,10.43,0,0
RingFIR_1081.jpg,2,4.46,0,0
RingFIR_1082.jpg,3,7.39,0,0
RingFIR_1083.jpg,2,4.33,0,0
RingFIR_1084.jpg,2,7.33,0,0
RingFIR_1085.jpg,2,4.59,0,0
RingFIR_1086.jpg,0,4.73,0,0
RingFIR_1087.jpg,2,7.01,0,0
RingFIR_1088.jpg,2,8.91,0,0
RingFIR_1089.jpg,2,4.52,0,0
RingFIR_1090.jpg,2,4.18,0,0
RingFIR_1091.jpg,2,3.51,0,0
RingFIR_1092.jpg,2,3.21,0,0
RingFIR_1093.jpg,3,3.63,0,0
RingFIR_1094.jpg,0,3.93,0,0
RingFIR_1095.jpg,0,6.71,0,0
RingFIR_1096.jpg,2,6.03,0,0
RingFIR_1097.jpg,1,6.43,0,0
RingFIR_1098.jpg,2,6.39,0,0
RingFIR_1099.jpg,2,7.36,0,0
RingFIR_1100.jpg,2,3.47,0,0
RingFIR_1101.jpg,2,5.42,0,0
RingFIR_1102.jpg,0,1.72,0,0
RingFIR_1103.jpg,0,1.73,0,0
RingFIR_1104.jpg,1,5.21,0,0
RingFIR_1105.jpg,3,4.73,0,0
RingFIR_1106.jpg,0,5.06,0,0
RingFIR_1107.jpg,1,6.22,0,0
RingFIR_1108.jpg,0,7.91,0,0
RingFIR_1109.jpg,2,5.01,0,0
RingFIR_1110.jpg,0,4.68,0,0
RingFIR_1111.jpg,1,3.58,0,0
RingFIR_1112.jpg,1,6.75,0,0
RingFIR_1113.jpg,3,3.74,0,0
RingFIR_1114.jpg,2,4.44,0,0
RingFIR_1115.jpg,2,6.27,0,0
RingFIR_1116.jpg,1,5.16,0,0
RingFIR_1117.jpg,2,5.05,0,0
RingFIR_1118.jpg,2,3.29,0,0
RingFIR_1119.jpg,2,5.67,0,0
RingFIR_1120.jpg,2,9.37,0,0
RingFIR_1121.jpg,2,2.42,0,0
RingFIR_1122.jpg,0,2.79,0,0
RingFIR_1123.jpg,2,6.56,0,0
RingFIR_1124.jpg,2,5.47,0,0
RingFIR_1125.jpg,2,7.74,0,0
RingFIR_1126.jpg,1,3.52,0,0
RingFIR_1127.jpg,2,6.78,0,0
RingFIR_1128.jpg,1,5.67,0,0
RingFIR_1129.jpg,0,3.11,0,0
RingFIR_1130.jpg,2,3.75,0,0
RingFIR_1131.jpg,1,5.03,0,0
RingFIR_1132.jpg,2,3.28,0,0
RingFIR_1133.jpg,1,7.25,0,0
RingFIR_1134.jpg,2,6.46,0,0
RingFIR_1135.jpg,1,4.02,0,0
RingFIR_1136.jpg,2,4.68,0,0
RingFIR_1137.jpg,3,6.89,0,0
RingFIR_1138.jpg,2,4.87,0,0
RingFIR_1139.jpg,2,8.96,0,0
RingFIR_1140.jpg,2,6.04,0,0
RingFIR_1141.jpg,2,3.37,0,0
RingFIR_1142.jpg,3,2.89,0,0
RingFIR_1143.jpg,1,7.12,0,0
RingFIR_1144.jpg,2,4.12,0,0
RingFIR_1145.jpg,2,5.28,0,0
RingFIR_1146.jpg,3,1.5,0,0
RingFIR_1147.jpg,2,5.03,0,0
RingFIR_1148.jpg,1,2.19,0,0
RingFIR_1149.jpg,0,2.17,0,0
RingFIR_1150.jpg,2,7.47,0,0
RingFIR_1151.jpg,2,4.36,0,0
RingFIR_1152.jpg,1,4.26,0,0
RingFIR_1153.jpg,2,9.21,0,0
RingFIR_1154.jpg,1,6.94,0,0
RingFIR_1155.jpg,1,8.2,0,0
RingFIR_1156.jpg,1,7.55,0,0
RingFIR_1157.jpg,1,6.62,0,0
RingFIR_1158.jpg,2,8.1,0,0
RingFIR_1159.jpg,1,3.48,0,0
RingFIR_1160.jpg,2,3.24,0,0
RingFIR_1161.jpg,0,2.17,0,0
RingFIR_1162.jpg,1,1.51,0,0
RingFIR_1163.jpg,2,5.24,0,0
RingFIR_1164.jpg,0,1.95,0,0
RingFIR_1165.jpg,0,2.73,0,0
RingFIR_1166.jpg,1,4.56,0,0
RingFIR_1167.jpg,2,1.5,0,0
RingFIR_1168.jpg,2,4.85,0,0
RingFIR_1169.jpg,2,5.03,0,0
RingFIR_1170.jpg,3,9.04,0,0
RingFIR_1171.jpg,1,5.43,0,0
RingFIR_1172.jpg,2,5.24,0,0
RingFIR_1173.jpg,3,8.1,0,0
RingFIR_1174.jpg,1,4.52,0,0
RingFIR_1175.jpg,1,5.38,0,0
RingFIR_1176.jpg,0,6.96,0,0
RingFIR_1177.jpg,2,3.52,0,0
RingFIR_1178.jpg,1,6.98,0,0
RingFIR_1179.jpg,3,2.3,0,0
RingFIR_1180.jpg,2,6.34,0,0
RingFIR_1181.jpg,2,6.35,0,0
RingFIR_1182.jpg,2,4.21,0,0
RingFIR_1183.jpg,1,4.64,0,0
RingFIR_1184.jpg,1,8.34,0,0
RingFIR_1185.jpg,2,4.78,0,0
RingFIR_1186.jpg,0,6.07,0,0
RingFIR_1187.jpg,0,5.1,0,0
RingFIR_1188.jpg,2,3.68,0,0
RingFIR_1189.jpg,1,3.8,0,0
RingFIR_1190.jpg,2,5.79,0,0
RingFIR_1191.jpg,1,7.83,0,0
RingFIR_1192.jpg,2,2.4,0,0
RingFIR_1193.jpg,2,8.16,0,0
RingFIR_1194.jpg,1,6.28,0,0
RingFIR_1195.jpg,1,4.53,0,0
RingFIR_1196.jpg,2,5.66,0,0
RingFIR_1197.jpg,0,6.24,0,0
RingFIR_1198.jpg,1,2.82,0,0
RingFIR_1199.jpg,3,4.69,0,0
RingFIR_1200.jpg,2,5.01,0,0
RingFIR_1201.jpg,2,1.75,0,0
RingFIR_1202.jpg,0,6.68,0,0
RingFIR_1203.jpg,2,3.76,0,0
RingFIR_1204.jpg,2,3.87,0,0
RingFIR_1205.jpg,1,4.83,0,0
RingFIR_1206.jpg,2,5.9,0,0
RingFIR_1207.jpg,1,5.74,0,0
RingFIR_1208.jpg,3,5.1,0,0
RingFIR_1209.jpg,1,5.66,0,0
RingFIR_1210.jpg,2,3.57,0,0
RingFIR_1211.jpg,2,5.31,0,0
RingFIR_1212.jpg,3,6.1,0,0
RingFIR_1213.jpg,3,3.84,0,0
RingFIR_1214.jpg,3,5.05,0,0
RingFIR_1215.jpg,3,6.14,0,0
RingFIR_1216.jpg,2,4.83,0,0
RingFIR_1217.jpg,2,2.51,0,0
RingFIR_1218.jpg,1,7.78,0,0
RingFIR_1219.jpg,1,7.35,0,0
RingFIR_1220.jpg,2,4.99,0,0
RingFIR_1221.jpg,0,8.12,0,0
RingFIR_1222.jpg,0,6.24,0,0
RingFIR_1223.jpg,1,4.59,0,0
RingFIR_1224.jpg,2,3.61,0,0
RingFIR_1225.jpg,2,2.83,0,0
RingFIR_1226.jpg,2,4.69,0,0
RingFIR_1227.jpg,0,3.25,0,0
RingFIR_1228.jpg,2,3.41,0,0
RingFIR_1229.jpg,1,5.68,0,0
RingFIR_1230.jpg,2,2.31,0,0
RingFIR_1231.jpg,2,1.79,0,0
RingFIR_1232.jpg,3,5.2,0,0
RingFIR_1233.jpg,2,6.18,0,0
RingFIR_1234.jpg,2,5.81,0,0
RingFIR_1235.jpg,2,1.84,0,0
RingFIR_1236.jpg,2,3.58,0,0
RingFIR_1237.jpg,3,3.8,0,0
RingFIR_1238.jpg,1,1.95,0,0
RingFIR_1239.jpg,0,5.07,0,0
RingFIR_1240.jpg,0,5.43,0,0
RingFIR_1241.jpg,1,4.62,0,0
RingFIR_1242.jpg,3,1.92,0,0
RingFIR_1243.jpg,2,8.97,0,0
RingFIR_1244.jpg,2,3.39,0,0
RingFIR_1245.jpg,2,6.92,0,0
RingFIR_1246.jpg,2,7.82,0,0
RingFIR_1247.jpg,2,4.19,0,0
RingFIR_1248.jpg,2,5.82,0,0
RingFIR_1249.jpg,1,2.35,0,0
RingFIR_1250.jpg,1,4.27,0,0
RingFIR_1251.jpg,0,5.89,0,0
RingFIR_1252.jpg,0,5.02,0,0
RingFIR_1253.jpg,2,6.42,0,0
RingFIR_1254.jpg,2,4.04,0,0
RingFIR_1255.jpg,2,6.92,0,0
RingFIR_1256.jpg,2,3.1,0,0
RingFIR_1257.jpg,2,5.85,0,0
RingFIR_1258.jpg,2,3.85,0,0
RingFIR_1259.jpg,0,1.67,0,0
RingFIR_1260.jpg,1,6.38,0,0
RingFIR_1261.jpg,0,1.5,0,0
RingFIR_1262.jpg,3,3.54,0,0
RingFIR_1263.jpg,1,2.95,0,0
RingFIR_1264.jpg,1,7.43,0,0
RingFIR_1265.jpg,2,6.64,0,0
RingFIR_1266.jpg,2,2.88,0,0
RingFIR_1267.jpg,2,2.6,0,0
RingFIR_1268.jpg,2,4.08,0,0
RingFIR_1269.jpg,3,2.73,0,0
RingFIR_1270.jpg,2,7.92,0,0
RingFIR_1271.jpg,2,1.56,0,0
RingFIR_1272.jpg,0,8.6,0,0
RingFIR_1273.jpg,1,5.77,0,0
RingFIR_1274.jpg,2,6.14,0,0
RingFIR_1275.jpg,0,5.21,0,0
RingFIR_1276.jpg,1,1.82,0,0
RingFIR_1277.jpg,2,6.59,0,0
RingFIR_1278.jpg,2,5.07,0,0
RingFIR_1279.jpg,2,3.09,0,0
RingFIR_1280.jpg,2,7.16,0,0
RingFIR_1281.jpg,2,6.99,0,0
RingFIR_1282.jpg,3,7.17,0,0
RingFIR_1283.jpg,2,6.85,0,0
RingFIR_1284.jpg,1,3.93,0,0
RingFIR_1285.jpg,1,6.08,0,0
RingFIR_1286.jpg,1,7.12,0,0
RingFIR_1287.jpg,2,6.88,0,0
RingFIR_1288.jpg,3,1.5,0,0
RingFIR_1289.jpg,1,4.85,0,0
RingFIR_1290.jpg,2,3.58,0,0
RingFIR_1291.jpg,0,7.89,0,0
RingFIR_1292.jpg,2,4.88,0,0
RingFIR_1293.jpg,1,5.91,0,0
RingFIR_1294.jpg,2,5.39,0,0
RingFIR_1295.jpg,3,7.64,0,0
RingFIR_1296.jpg,0,8.64,0,0
RingFIR_1297.jpg,2,5.08,0,0
RingFIR_1298.jpg,1,5.49,0,0
RingFIR_1299.jpg,2,7.77,0,0
RingFIR_1300.jpg,1,2.77,0,0
RingFIR_1301.jpg,2,2.98,0,0
RingFIR_1302.jpg,2,3.7,0,0
RingFIR_1303.jpg,2,6.54,0,0
RingFIR_1304.jpg,2,5.14,0,0
RingFIR_1305.jpg,1,3.72,0,0
RingFIR_1306.jpg,1,7.5,0,0
RingFIR_1307.jpg,1,1.97,0,0
RingFIR_1308.jpg,2,3.63,0,0
RingFIR_1309.jpg,2,4.7,0,0
RingFIR_1310.jpg,1,8.63,0,0
RingFIR_1311.jpg,1,3.69,0,0
RingFIR_1312.jpg,0,6.08,0,0
RingFIR_1313.jpg,2,4.69,0,0
RingFIR_1314.jpg,2,2.63,0,0
RingFIR_1315.jpg,2,6.04,0,0
RingFIR_1316.jpg,2,4.41,0,0
RingFIR_1317.jpg,1,3.94,0,0
RingFIR_1318.jpg,2,2.34,0,0
RingFIR_1319.jpg,3,5.15,0,0
RingFIR_1320.jpg,1,8.03,0,0
RingFIR_1321.jpg,2,3.77,0,0
RingFIR_1322.jpg,2,2.78,0,0
RingFIR_1323.jpg,1,1.68,0,0
RingFIR_1324.jpg,1,1.51,0,0
RingFIR_1325.jpg,1,4.74,0,0
RingFIR_1326.jpg,2,5.18,0,0
RingFIR_1327.jpg,0,5.79,0,0
RingFIR_1328.jpg,0,4.83,0,0
RingFIR_1329.jpg,0,5.37,0,0
RingFIR_1330.jpg,2,8.0,0,0
RingFIR_1331.jpg,1,7.5,0,0
RingFIR_1332.jpg,0,7.38,0,0
RingFIR_1333.jpg,2,7.03,0,0
RingFIR_1334.jpg,1,6.31,0,0
RingFIR_1335.jpg,2,1.93,0,0
RingFIR_1336.jpg,3,4.57,0,0
RingFIR_1337.jpg,2,5.55,0,0
RingFIR_1338.jpg,2,3.27,0,0
RingFIR_1339.jpg,0,8.39,0,0
RingFIR_1340.jpg,2,4.35,0,0
RingFIR_1341.jpg,3,1.75,0,0
RingFIR_1342.jpg,2,4.23,0,0
RingFIR_1343.jpg,2,5.84,0,0
RingFIR_1344.jpg,3,3.27,0,0
RingFIR_1345.jpg,2,4.72,0,0
RingFIR_1346.jpg,3,1.79,0,0
RingFIR_1347.jpg,2,4.12,0,0
RingFIR_1348.jpg,2,5.03,0,0
RingFIR_1349.jpg,2,4.83,0,0
RingFIR_1350.jpg,2,6.62,0,0
RingFIR_1351.jpg,0,3.05,0,0
RingFIR_1352.jpg,1,5.72,0,0
RingFIR_1353.jpg,0,6.14,0,0
RingFIR_1354.jpg,1,3.6,0,0
RingFIR_1355.jpg,1,3.26,0,0
RingFIR_1356.jpg,0,8.41,0,0
RingFIR_1357.jpg,2,4.4,0,0
RingFIR_1358.jpg,2,5.82,0,0
RingFIR_1359.jpg,2,5.91,0,0
RingFIR_1360.jpg,3,2.2,0,0
RingFIR_1361.jpg,2,5.41,0,0
RingFIR_1362.jpg,2,5.31,0,0
RingFIR_1363.jpg,0,8.42,0,0
RingFIR_1364.jpg,2,5.31,0,0
RingFIR_1365.jpg,2,6.53,0,0
RingFIR_1366.jpg,1,6.62,0,0
RingFIR_1367.jpg,2,4.46,0,0
RingFIR_1368.jpg,2,9.28,0,0
RingFIR_1369.jpg,1,3.5,0,0
RingFIR_1370.jpg,2,1.77,0,0
RingFIR_1371.jpg,2,1.5,0,0
RingFIR_1372.jpg,3,4.04,0,0
RingFIR_1373.jpg,0,1.5,0,0
RingFIR_1374.jpg,1,3.62,0,0
RingFIR_1375.jpg,2,5.01,0,0
RingFIR_1376.jpg,3,5.5,0,0
RingFIR_1377.jpg,2,4.25,0,0
RingFIR_1378.jpg,2,3.6,0,0
RingFIR_1379.jpg,1,4.02,0,0
RingFIR_1380.jpg,0,6.09,0,0
RingFIR_1381.jpg,2,2.92,0,0
RingFIR_1382.jpg,2,3.61,0,0
RingFIR_1383.jpg,1,5.66,0,0
RingFIR_1384.jpg,1,5.2,0,0
RingFIR_1385.jpg,2,1.68,0,0
RingFIR_1386.jpg,2,7.1,0,0
RingFIR_1387.jpg,2,4.07,0,0
RingFIR_1388.jpg,1,2.71,0,0
RingFIR_1389.jpg,2,2.27,0,0
RingFIR_1390.jpg,3,7.13,0,0
RingFIR_1391.jpg,2,1.5,0,0
RingFIR_1392.jpg,1,5.84,0,0
RingFIR_1393.jpg,2,6.69,0,0
RingFIR_1394.jpg,2,4.22,0,0
RingFIR_1395.jpg,2,8.18,0,0
RingFIR_1396.jpg,1,3.02,0,0
RingFIR_1397.jpg,2,6.07,0,0
RingFIR_1398.jpg,1,5.22,0,0
RingFIR_1399.jpg,1,8.49,0,0
RingFIR_1400.jpg,0,4.44,0,0
RingFIR_1401.jpg,2,5.85,0,0
RingFIR_1402.jpg,1,5.21,0,0
RingFIR_1403.jpg,2,1.95,0,0
RingFIR_1404.jpg,1,4.71,0,0
RingFIR_1405.jpg,1,3.81,0,0
RingFIR_1406.jpg,1,5.23,0,0
RingFIR_1407.jpg,2,5.89,0,0
RingFIR_1408.jpg,2,7.68,0,0
RingFIR_1409.jpg,2,1.5,0,0
RingFIR_1410.jpg,2,5.0,0,0
RingFIR_1411.jpg,2,2.41,0,0
RingFIR_1412.jpg,2,6.1,0,0
RingFIR_1413.jpg,1,9.44,0,0
RingFIR_1414.jpg,2,4.33,0,0
RingFIR_1415.jpg,1,3.42,0,0
RingFIR_1416.jpg,2,4.05,0,0
RingFIR_1417.jpg,2,2.43,0,0
RingFIR_1418.jpg,1,1.5,0,0
RingFIR_1419.jpg,0,5.52,0,0
RingFIR_1420.jpg,2,4.91,0,0
RingFIR_1421.jpg,2,3.47,0,0
RingFIR_1422.jpg,2,2.81,0,0
RingFIR_1423.jpg,0,6.68,0,0
RingFIR_1424.jpg,2,7.49,0,0
RingFIR_1425.jpg,2,5.26,0,0
RingFIR_1426.jpg,2,1.5,0,0
RingFIR_1427.jpg,2,4.63,0,0
RingFIR_1428.jpg,2,5.67,0,0
RingFIR_1429.jpg,2,4.4,0,0
RingFIR_1430.jpg,2,4.63,0,0
RingFIR_1431.jpg,2,3.6,0,0
RingFIR_1432.jpg,3,4.45,0,0
RingFIR_1433.jpg,2,6.88,0,0
RingFIR_1434.jpg,3,5.38,0,0
RingFIR_1435.jpg,0,3.88,0,0
RingFIR_1436.jpg,2,4.41,0,0
RingFIR_1437.jpg,3,7.69,0,0
RingFIR_1438.jpg,2,2.84,0,0
RingFIR_1439.jpg,2,3.62,0,0
RingFIR_1440.jpg,2,4.63,0,0
RingFIR_1441.jpg,2,3.76,0,0
RingFIR_1442.jpg,2,7.58,0,0
RingFIR_1443.jpg,0,6.94,0,0
RingFIR_1444.jpg,1,4.58,0,0
RingFIR_1445.jpg,0,9.22,0,0
RingFIR_1446.jpg,2,5.54,0,0
RingFIR_1447.jpg,0,8.03,0,0
RingFIR_1448.jpg,2,7.79,0,0
RingFIR_1449.jpg,2,5.83,0,0
RingFIR_1450.jpg,2,2.71,0,0
RingFIR_1451.jpg,2,5.11,0,0
RingFIR_1452.jpg,2,3.56,0,0
RingFIR_1453.jpg,1,6.06,0,0
RingFIR_1454.jpg,2,5.71,0,0
RingFIR_1455.jpg,2,5.44,0,0
RingFIR_1456.jpg,2,6.57,0,0
RingFIR_1457.jpg,2,5.62,0,0
RingFIR_1458.jpg,2,4.82,0,0
RingFIR_1459.jpg,2,2.57,0,0
RingFIR_1460.jpg,1,3.74,0,0
RingFIR_1461.jpg,1,2.98,0,0
RingFIR_1462.jpg,1,6.7,0,0
RingFIR_1463.jpg,2,4.69,0,0
RingFIR_1464.jpg,1,5.44,0,0
RingFIR_1465.jpg,2,4.04,0,0
RingFIR_1466.jpg,2,7.22,0,0
RingFIR_1467.jpg,1,6.19,0,0
RingFIR_1468.jpg,2,5.2,0,0
RingFIR_1469.jpg,2,4.89,0,0
RingFIR_1470.jpg,1,3.37,0,0
RingFIR_1471.jpg,2,3.78,0,0
RingFIR_1472.jpg,1,1.95,0,0
RingFIR_1473.jpg,2,6.24,0,0
RingFIR_1474.jpg,2,6.43,0,0
RingFIR_1475.jpg,1,6.52,0,0
RingFIR_1476.jpg,0,3.1,0,0
RingFIR_1477.jpg,2,7.87,0,0
RingFIR_1478.jpg,0,4.33,0,0
RingFIR_1479.jpg,2,5.98,0,0
RingFIR_1480.jpg,0,2.53,0,0
RingFIR_1481.jpg,2,7.33,0,0
RingFIR_1482.jpg,2,6.34,0,0
RingFIR_1483.jpg,3,4.42,0,0
RingFIR_1484.jpg,2,4.06,0,0
RingFIR_1485.jpg,2,6.29,0,0
RingFIR_1486.jpg,0,7.32,0,0
RingFIR_1487.jpg,2,3.38,0,0
RingFIR_1488.jpg,2,4.81,0,0
RingFIR_1489.jpg,1,3.99,0,0
RingFIR_1490.jpg,0,7.43,0,0
RingFIR_1491.jpg,2,3.8,0,0
RingFIR_1492.jpg,1,2.6,0,0
RingFIR_1493.jpg,0,6.38,0,0
RingFIR_1494.jpg,2,7.67,0,0
RingFIR_1495.jpg,0,6.26,0,0
RingFIR_1496.jpg,2,7.14,0,0
RingFIR_1497.jpg,2,9.04,0,0
RingFIR_1498.jpg,2,8.27,0,0
RingFIR_1499.jpg,3,8.51,0,0
RingFIR_1500.jpg,2,8.54,0,0
RingFIR_1501.jpg,2,4.02,0,0
RingFIR_1502.jpg,1,6.41,0,0
RingFIR_1503.jpg,3,5.32,0,0
RingFIR_1504.jpg,1,2.06,0,0
RingFIR_1505.jpg,3,5.28,0,0
RingFIR_1506.jpg,3,7.24,0,0
RingFIR_1507.jpg,2,6.1,0,0
RingFIR_1508.jpg,2,4.87,0,0
RingFIR_1509.jpg,2,3.69,0,0
RingFIR_1510.jpg,2,6.12,0,0
RingFIR_1511.jpg,1,4.68,0,0
RingFIR_1512.jpg,2,7.23,0,0
RingFIR_1513.jpg,2,7.16,0,0
RingFIR_1514.jpg,1,5.81,0,0
RingFIR_1515.jpg,2,2.96,0,0
RingFIR_1516.jpg,1,4.2,0,0
RingFIR_1517.jpg,2,8.64,0,0
RingFIR_1518.jpg,2,6.05,0,0
RingFIR_1519.jpg,2,7.66,0,0
RingFIR_1520.jpg,2,3.04,0,0
RingFIR_1521.jpg,2,11.12,0,0
RingFIR_1522.jpg,1,1.69,0,0
RingFIR_1523.jpg,3,6.08,0,0
RingFIR_1524.jpg,2,1.52,0,0
RingFIR_1525.jpg,0,7.23,0,0
RingFIR_1526.jpg,0,3.39,0,0
RingFIR_1527.jpg,2,4.7,0,0
RingFIR_1528.jpg,2,5.66,0,0
RingFIR_1529.jpg,1,6.6,0,0
RingFIR_1530.jpg,2,4.67,0,0
RingFIR_1531.jpg,2,5.42,0,0
RingFIR_1532.jpg,1,5.58,0,0
RingFIR_1533.jpg,2,5.15,0,0
RingFIR_1534.jpg,2,4.64,0,0
RingFIR_1535.jpg,0,4.03,0,0
RingFIR_1536.jpg,3,5.69,0,0
RingFIR_1537.jpg,3,5.62,0,0
RingFIR_1538.jpg,0,3.67,0,0
RingFIR_1539.jpg,1,4.64,0,0
RingFIR_1540.jpg,1,1.54,0,0
RingFIR_1541.jpg,1,4.54,0,0
RingFIR_1542.jpg,1,1.6,0,0
RingFIR_1543.jpg,2,4.07,0,0
RingFIR_1544.jpg,1,2.97,0,0
RingFIR_1545.jpg,1,3.48,0,0
RingFIR_1546.jpg,1,7.74,0,0
RingFIR_1547.jpg,0,2.72,0,0
RingFIR_1548.jpg,1,4.24,0,0
RingFIR_1549.jpg,1,5.66,0,0
RingFIR_1550.jpg,2,1.5,0,0
RingFIR_1551.jpg,2,4.7,0,0
RingFIR_1552.jpg,2,5.47,0,0
RingFIR_1553.jpg,2,2.87,0,0
RingFIR_1554.jpg,1,2.15,0,0
RingFIR_1555.jpg,2,6.56,0,0
RingFIR_1556.jpg,0,1.5,0,0
RingFIR_1557.jpg,2,4.21,0,0
RingFIR_1558.jpg,0,2.63,0,0
RingFIR_1559.jpg,2,1.5,0,0
RingFIR_1560.jpg,2,7.26,0,0
RingFIR_1561.jpg,2,6.36,0,0
RingFIR_1562.jpg,1,7.45,0,0
RingFIR_1563.jpg,3,5.27,0,0
RingFIR_1564.jpg,2,2.63,0,0
RingFIR_1565.jpg,2,4.0,0,0
RingFIR_1566.jpg,2,1.5,0,0
RingFIR_1567.jpg,2,2.06,0,0
RingFIR_1568.jpg,2,4.45,0,0
RingFIR_1569.jpg,1,7.11,0,0
RingFIR_1570.jpg,2,4.02,0,0
RingFIR_1571.jpg,1,5.69,0,0
RingFIR_1572.jpg,3,5.52,0,0
RingFIR_1573.jpg,2,2.49,0,0
RingFIR_1574.jpg,2,2.53,0,0
RingFIR_1575.jpg,2,6.32,0,0
RingFIR_1576.jpg,2,3.22,0,0
RingFIR_1577.jpg,2,5.8,0,0
RingFIR_1578.jpg,1,3.18,0,0
RingFIR_1579.jpg,1,3.57,0,0
RingFIR_1580.jpg,2,5.76,0,0
RingFIR_1581.jpg,3,4.62,0,0
RingFIR_1582.jpg,2,4.3,0,0
RingFIR_1583.jpg,2,3.01,0,0
RingFIR_1584.jpg,2,5.23,0,0
RingFIR_1585.jpg,2,3.31,0,0
RingFIR_1586.jpg,2,6.04,0,0
RingFIR_1587.jpg,1,3.04,0,0
RingFIR_1588.jpg,1,4.28,0,0
RingFIR_1589.jpg,1,6.08,0,0
RingFIR_1590.jpg,0,5.59,0,0
RingFIR_1591.jpg,2,5.75,0,0
RingFIR_1592.jpg,2,4.72,0,0
RingFIR_1593.jpg,2,2.63,0,0
RingFIR_1594.jpg,0,6.66,0,0
RingFIR_1595.jpg,0,4.95,0,0
RingFIR_1596.jpg,1,3.69,0,0
RingFIR_1597.jpg,3,3.53,0,0
RingFIR_1598.jpg,2,8.18,0,0
RingFIR_1599.jpg,1,4.59,0,0
RingFIR_1600.jpg,2,8.88,0,0
RingFIR_1601.jpg,3,2.2,0,0
RingFIR_1602.jpg,2,7.34,0,0
RingFIR_1603.jpg,1,4.27,0,0
RingFIR_1604.jpg,0,3.8,0,0
RingFIR_1605.jpg,2,2.78,0,0
RingFIR_1606.jpg,2,5.04,0,0
RingFIR_1607.jpg,2,6.77,0,0
RingFIR_1608.jpg,0,5.11,0,0
RingFIR_1609.jpg,2,3.98,0,0
RingFIR_1610.jpg,2,1.89,0,0
RingFIR_1611.jpg,0,4.4,0,0
RingFIR_1612.jpg,2,5.5,0,0
RingFIR_1613.jpg,1,3.21,0,0
RingFIR_1614.jpg,1,7.44,0,0
RingFIR_1615.jpg,2,4.03,0,0
RingFIR_1616.jpg,2,5.65,0,0
RingFIR_1617.jpg,1,4.11,0,0
RingFIR_1618.jpg,2,6.49,0,0
RingFIR_1619.jpg,2,5.23,0,0
RingFIR_1620.jpg,0,8.07,0,0
RingFIR_1621.jpg,1,5.28,0,0
RingFIR_1622.jpg,1,6.01,0,0
RingFIR_1623.jpg,1,5.39,0,0
RingFIR_1624.jpg,2,2.66,0,0
RingFIR_1625.jpg,2,7.29,0,0
RingFIR_1626.jpg,3,5.66,0,0
RingFIR_1627.jpg,1,6.07,0,0
RingFIR_1628.jpg,1,6.98,0,0
RingFIR_1629.jpg,2,7.08,0,0
RingFIR_1630.jpg,3,2.82,0,0
RingFIR_1631.jpg,0,2.44,0,0
RingFIR_1632.jpg,2,3.36,0,0
RingFIR_1633.jpg,2,2.5,0,0
RingFIR_1634.jpg,3,4.06,0,0
RingFIR_1635.jpg,3,2.69,0,0
RingFIR_1636.jpg,0,2.81,0,0
RingFIR_1637.jpg,3,5.6,0,0
RingFIR_1638.jpg,2,1.7,0,0
RingFIR_1639.jpg,2,5.02,0,0
RingFIR_1640.jpg,2,6.65,0,0
RingFIR_1641.jpg,2,6.63,0,0
RingFIR_1642.jpg,3,6.13,0,0
RingFIR_1643.jpg,0,6.4,0,0
RingFIR_1644.jpg,0,6.27,0,0
RingFIR_1645.jpg,2,2.77,0,0
RingFIR_1646.jpg,2,4.46,0,0
RingFIR_1647.jpg,2,6.19,0,0
RingFIR_1648.jpg,1,4.0,0,0
RingFIR_1649.jpg,1,4.01,0,0
RingFIR_1650.jpg,2,5.46,0,0
RingFIR_1651.jpg,1,8.43,0,0
RingFIR_1652.jpg,2,6.56,0,0
RingFIR_1653.jpg,2,1.75,0,0
RingFIR_1654.jpg,1,5.25,0,0
RingFIR_1655.jpg,3,2.98,0,0
RingFIR_1656.jpg,1,6.7,0,0
RingFIR_1657.jpg,3,7.5,0,0
RingFIR_1658.jpg,2,8.82,0,0
RingFIR_1659.jpg,2,6.62,0,0
RingFIR_1660.jpg,2,5.93,0,0
RingFIR_1661.jpg,1,6.01,0,0
RingFIR_1662.jpg,2,2.94,0,0
RingFIR_1663.jpg,3,4.81,0,0
RingFIR_1664.jpg,1,5.3,0,0
RingFIR_1665.jpg,2,3.64,0,0
RingFIR_1666.jpg,0,5.85,0,0
RingFIR_1667.jpg,1,9.16,0,0
RingFIR_1668.jpg,1,1.51,0,0
RingFIR_1669.jpg,3,6.16,0,0
RingFIR_1670.jpg,2,4.87,0,0
RingFIR_1671.jpg,1,5.9,0,0
RingFIR_1672.jpg,0,5.26,0,0
RingFIR_1673.jpg,2,4.4,0,0
RingFIR_1674.jpg,1,2.17,0,0
RingFIR_1675.jpg,2,6.31,0,0
RingFIR_1676.jpg,2,5.86,0,0
RingFIR_1677.jpg,2,5.87,0,0
RingFIR_1678.jpg,2,7.31,0,0
RingFIR_1679.jpg,1,3.96,0,0
RingFIR_1680.jpg,1,4.86,0,0
RingFIR_1681.jpg,2,3.3,0,0
RingFIR_1682.jpg,2,3.89,0,0
RingFIR_1683.jpg,2,2.4,0,0
RingFIR_1684.jpg,2,3.42,0,0
RingFIR_1685.jpg,1,1.5,0,0
RingFIR_1686.jpg,3,5.67,0,0
RingFIR_1687.jpg,0,8.91,0,0
RingFIR_1688.jpg,2,2.71,0,0
RingFIR_1689.jpg,2,4.38,0,0
RingFIR_1690.jpg,3,8.45,0,0
RingFIR_1691.jpg,0,6.0,0,0
RingFIR_1692.jpg,2,5.53,0,0
RingFIR_1693.jpg,3,3.19,0,0
RingFIR_1694.jpg,2,4.57,0,0
RingFIR_1695.jpg,2,3.74,0,0
RingFIR_1696.jpg,2,5.81,0,0
RingFIR_1697.jpg,2,5.86,0,0
RingFIR_1698.jpg,2,4.07,0,0
RingFIR_1699.jpg,2,4.42,0,0
RingFIR_1700.jpg,2,7.31,0,0
RingFIR_1701.jpg,0,7.57,0,0
RingFIR_1702.jpg,2,4.25,0,0
RingFIR_1703.jpg,2,4.3,0,0
RingFIR_1704.jpg,0,2.6,0,0
RingFIR_1705.jpg,2,4.42,0,0
RingFIR_1706.jpg,2,5.03,0,0
RingFIR_1707.jpg,2,1.85,0,0
RingFIR_1708.jpg,3,5.71,0,0
RingFIR_1709.jpg,3,4.49,0,0
RingFIR_1710.jpg,3,7.74,0,0
RingFIR_1711.jpg,2,7.86,0,0
RingFIR_1712.jpg,2,8.98,0,0
RingFIR_1713.jpg,2,5.7,0,0
RingFIR_1714.jpg,2,4.4,0,0
RingFIR_1715.jpg,2,5.55,0,0
RingFIR_1716.jpg,2,4.54,0,0
RingFIR_1717.jpg,2,7.33,0,0
RingFIR_1718.jpg,3,6.31,0,0
RingFIR_1719.jpg,2,4.05,0,0
RingFIR_1720.jpg,2,6.35,0,0
RingFIR_1721.jpg,1,1.5,0,0
RingFIR_1722.jpg,0,8.02,0,0
RingFIR_1723.jpg,1,3.62,0,0
RingFIR_1724.jpg,2,7.69,0,0
RingFIR_1725.jpg,1,4.05,0,0
RingFIR_1726.jpg,3,5.15,0,0
RingFIR_1727.jpg,2,4.33,0,0
RingFIR_1728.jpg,2,5.89,0,0
RingFIR_1729.jpg,1,2.7,0,0
RingFIR_1730.jpg,1,1.5,0,0
RingFIR_1731.jpg,1,7.52,0,0
RingFIR_1732.jpg,1,7.99,0,0
RingFIR_1733.jpg,2,4.05,0,0
RingFIR_1734.jpg,0,3.32,0,0
RingFIR_1735.jpg,0,4.55,0,0
RingFIR_1736.jpg,2,2.73,0,0
RingFIR_1737.jpg,1,5.69,0,0
RingFIR_1738.jpg,0,4.25,0,0
RingFIR_1739.jpg,2,3.99,0,0
RingFIR_1740.jpg,3,3.81,0,0
RingFIR_1741.jpg,0,4.79,0,0
RingFIR_1742.jpg,2,4.28,0,0
RingFIR_1743.jpg,2,4.84,0,0
RingFIR_1744.jpg,0,3.65,0,0
RingFIR_1745.jpg,0,7.01,0,0
RingFIR_1746.jpg,2,5.69,0,0
RingFIR_1747.jpg,2,4.85,0,0
RingFIR_1748.jpg,1,2.96,0,0
RingFIR_1749.jpg,3,6.87,0,0
RingFIR_1750.jpg,2,3.74,0,0
RingFIR_1751.jpg,2,5.14,0,0
RingFIR_1752.jpg,2,3.82,0,0
RingFIR_1753.jpg,1,6.31,0,0
RingFIR_1754.jpg,2,1.5,0,0
RingFIR_1755.jpg,2,3.78,0,0
RingFIR_1756.jpg,0,6.35,0,0
RingFIR_1757.jpg,0,3.45,0,0
RingFIR_1758.jpg,2,1.5,0,0
RingFIR_1759.jpg,2,3.65,0,0
RingFIR_1760.jpg,2,5.5,0,0
RingFIR_1761.jpg,2,2.63,0,0
RingFIR_1762.jpg,2,4.66,0,0
RingFIR_1763.jpg,1,4.66,0,0
RingFIR_1764.jpg,2,8.4,0,0
RingFIR_1765.jpg,0,3.27,0,0
RingFIR_1766.jpg,0,8.14,0,0
RingFIR_1767.jpg,1,3.28,0,0
RingFIR_1768.jpg,2,6.05,0,0
RingFIR_1769.jpg,2,4.35,0,0
RingFIR_1770.jpg,1,4.06,0,0
RingFIR_1771.jpg,1,2.14,0,0
RingFIR_1772.jpg,2,6.03,0,0
RingFIR_1773.jpg,2,6.95,0,0
RingFIR_1774.jpg,2,5.96,0,0
RingFIR_1775.jpg,2,3.61,0,0
RingFIR_1776.jpg,2,4.25,0,0
RingFIR_1777.jpg,3,4.59,0,0
RingFIR_1778.jpg,1,6.21,0,0
RingFIR_1779.jpg,2,7.23,0,0
RingFIR_1780.jpg,2,4.44,0,0
RingFIR_1781.jpg,2,1.5,0,0
RingFIR_1782.jpg,2,1.5,0,0
RingFIR_1783.jpg,2,3.43,0,0
RingFIR_1784.jpg,2,6.86,0,0
RingFIR_1785.jpg,2,6.09,0,0
RingFIR_1786.jpg,2,6.33,0,0
RingFIR_1787.jpg,1,3.55,0,0
RingFIR_1788.jpg,2,4.09,0,0
RingFIR_1789.jpg,2,6.79,0,0
RingFIR_1790.jpg,2,8.25,0,0
RingFIR_1791.jpg,2,6.83,0,0
RingFIR_1792.jpg,2,6.84,0,0
RingFIR_1793.jpg,1,3.47,0,0
RingFIR_1794.jpg,2,6.24,0,0
RingFIR_1795.jpg,2,2.37,0,0
RingFIR_1796.jpg,1,7.15,0,0
RingFIR_1797.jpg,0,5.65,0,0
RingFIR_1798.jpg,2,4.43,0,0
RingFIR_1799.jpg,3,1.5,0,0
RingFIR_1800.jpg,1,4.37,0,0
RingFIR_1801.jpg,0,4.95,0,0
RingFIR_1802.jpg,1,5.15,0,0
RingFIR_1803.jpg,2,4.45,0,0
RingFIR_1804.jpg,2,3.91,0,0
RingFIR_1805.jpg,2,3.26,0,0
RingFIR_1806.jpg,3,8.24,0,0
RingFIR_1807.jpg,2,8.9,0,0
RingFIR_1808.jpg,0,5.39,0,0
RingFIR_1809.jpg,1,3.4,0,0
RingFIR_1810.jpg,3,2.86,0,0
RingFIR_1811.jpg,2,4.44,0,0
RingFIR_1812.jpg,1,8.8,0,0
RingFIR_1813.jpg,3,5.49,0,0
RingFIR_1814.jpg,2,7.36,0,0
RingFIR_1815.jpg,3,7.32,0,0
RingFIR_1816.jpg,1,6.31,0,0
RingFIR_1817.jpg,2,2.72,0,0
RingFIR_1818.jpg,2,7.33,0,0
RingFIR_1819.jpg,2,2.51,0,0
RingFIR_1820.jpg,1,3.48,0,0
RingFIR_1821.jpg,2,5.57,0,0
RingFIR_1822.jpg,2,4.24,0,0
RingFIR_1823.jpg,0,5.55,0,0
RingFIR_1824.jpg,2,2.4,0,0
RingFIR_1825.jpg,0,3.48,0,0
RingFIR_1826.jpg,2,6.22,0,0
RingFIR_1827.jpg,0,10.53,0,0
RingFIR_1828.jpg,2,7.84,0,0
RingFIR_1829.jpg,2,1.82,0,0
RingFIR_1830.jpg,1,4.43,0,0
RingFIR_1831.jpg,0,3.76,0,0
RingFIR_1832.jpg,1,4.94,0,0
RingFIR_1833.jpg,2,5.55,0,0
RingFIR_1834.jpg,2,3.88,0,0
RingFIR_1835.jpg,1,7.03,0,0
RingFIR_1836.jpg,2,7.41,0,0
RingFIR_1837.jpg,1,7.28,0,0
RingFIR_1838.jpg,1,3.17,0,0
RingFIR_1839.jpg,2,5.65,0,0
RingFIR_1840.jpg,2,7.07,0,0
RingFIR_1841.jpg,2,6.64,0,0
RingFIR_1842.jpg,2,6.49,0,0
RingFIR_1843.jpg,1,7.88,0,0
RingFIR_1844.jpg,0,4.08,0,0
RingFIR_1845.jpg,2,1.52,0,0
RingFIR_1846.jpg,2,4.41,0,0
RingFIR_1847.jpg,3,4.52,0,0
RingFIR_1848.jpg,1,10.11,0,0
RingFIR_1849.jpg,2,3.72,0,0
RingFIR_1850.jpg,0,7.36,0,0
RingFIR_1851.jpg,1,9.56,0,0
RingFIR_1852.jpg,2,8.94,0,0
RingFIR_1853.jpg,1,4.96,0,0
RingFIR_1854.jpg,1,6.67,0,0
RingFIR_1855.jpg,2,5.48,0,0
RingFIR_1856.jpg,2,3.4,0,0
RingFIR_1857.jpg,2,7.73,0,0
RingFIR_1858.jpg,2,6.2,0,0
RingFIR_1859.jpg,2,3.16,0,0
RingFIR_1860.jpg,2,4.25,0,0
RingFIR_1861.jpg,2,4.69,0,0
RingFIR_1862.jpg,2,7.45,0,0
RingFIR_1863.jpg,2,2.65,0,0
RingFIR_1864.jpg,2,1.5,0,0
RingFIR_1865.jpg,3,2.64,0,0
RingFIR_1866.jpg,1,5.44,0,0
RingFIR_1867.jpg,3,3.04,0,0
RingFIR_1868.jpg,2,4.64,0,0
RingFIR_1869.jpg,2,4.01,0,0
RingFIR_1870.jpg,1,1.5,0,0
RingFIR_1871.jpg,2,3.63,0,0
RingFIR_1872.jpg,1,4.57,0,0
RingFIR_1873.jpg,2,6.92,0,0
RingFIR_1874.jpg,2,8.99,0,0
RingFIR_1875.jpg,0,3.44,0,0
RingFIR_1876.jpg,2,5.35,0,0
RingFIR_1877.jpg,3,6.02,0,0
RingFIR_1878.jpg,1,9.89,0,0
RingFIR_1879.jpg,2,3.92,0,0
RingFIR_1880.jpg,2,3.33,0,0
RingFIR_1881.jpg,2,4.28,0,0
RingFIR_1882.jpg,1,3.32,0,0
RingFIR_1883.jpg,0,6.35,0,0
RingFIR_1884.jpg,2,6.99,0,0
RingFIR_1885.jpg,2,5.51,0,0
RingFIR_1886.jpg,1,5.37,0,0
RingFIR_1887.jpg,0,7.78,0,0
RingFIR_1888.jpg,2,4.59,0,0
RingFIR_1889.jpg,1,6.61,0,0
RingFIR_1890.jpg,1,4.56,0,0
RingFIR_1891.jpg,2,2.7,0,0
RingFIR_1892.jpg,0,7.4,0,0
RingFIR_1893.jpg,0,5.63,0,0
RingFIR_1894.jpg,2,7.19,0,0
RingFIR_1895.jpg,2,5.87,0,0
RingFIR_1896.jpg,1,6.12,0,0
RingFIR_1897.jpg,0,3.37,0,0
RingFIR_1898.jpg,2,10.27,0,0
RingFIR_1899.jpg,3,6.06,0,0
RingFIR_1900.jpg,2,7.76,0,0
RingFIR_1901.jpg,3,4.83,0,0
RingFIR_1902.jpg,0,3.82,0,0
RingFIR_1903.jpg,1,6.69,0,0
RingFIR_1904.jpg,2,2.47,0,0
RingFIR_1905.jpg,0,8.06,0,0
RingFIR_1906.jpg,2,4.53,0,0
RingFIR_1907.jpg,1,6.61,0,0
RingFIR_1908.jpg,2,5.65,0,0
RingFIR_1909.jpg,2,7.42,0,0
RingFIR_1910.jpg,2,7.54,0,0
RingFIR_1911.jpg,2,5.43,0,0
RingFIR_1912.jpg,2,1.96,0,0
RingFIR_1913.jpg,3,8.49,0,0
RingFIR_1914.jpg,2,2.31,0,0
RingFIR_1915.jpg,2,6.01,0,0
RingFIR_1916.jpg,2,7.8,0,0
RingFIR_1917.jpg,2,6.11,0,0
RingFIR_1918.jpg,1,3.81,0,0
RingFIR_1919.jpg,2,5.47,0,0
RingFIR_1920.jpg,1,3.97,0,0
RingFIR_1921.jpg,2,3.9,0,0
RingFIR_1922.jpg,0,5.57,0,0
RingFIR_1923.jpg,2,1.5,0,0
RingFIR_1924.jpg,2,4.6,0,0
RingFIR_1925.jpg,2,5.38,0,0
RingFIR_1926.jpg,0,5.25,0,0
RingFIR_1927.jpg,2,3.53,0,0
RingFIR_1928.jpg,2,6.09,0,0
RingFIR_1929.jpg,0,5.14,0,0
RingFIR_1930.jpg,0,9.21,0,0
RingFIR_1931.jpg,0,6.19,0,0
RingFIR_1932.jpg,3,4.02,0,0
RingFIR_1933.jpg,0,6.64,0,0
RingFIR_1934.jpg,1,1.72,0,0
RingFIR_1935.jpg,2,5.24,0,0
RingFIR_1936.jpg,3,5.64,0,0
RingFIR_1937.jpg,1,5.26,0,0
RingFIR_1938.jpg,2,3.42,0,0
RingFIR_1939.jpg,0,5.2,0,0
RingFIR_1940.jpg,2,2.77,0,0
RingFIR_1941.jpg,2,8.54,0,0
RingFIR_1942.jpg,2,5.22,0,0
RingFIR_1943.jpg,2,6.01,0,0
RingFIR_1944.jpg,1,2.21,0,0
RingFIR_1945.jpg,0,3.87,0,0
RingFIR_1946.jpg,1,6.24,0,0
RingFIR_1947.jpg,2,7.08,0,0
RingFIR_1948.jpg,2,3.21,0,0
RingFIR_1949.jpg,2,2.38,0,0
RingFIR_1950.jpg,3,6.01,0,0
RingFIR_1951.jpg,2,4.3,0,0
RingFIR_1952.jpg,1,1.95,0,0
RingFIR_1953.jpg,3,1.6,0,0
RingFIR_1954.jpg,1,3.81,0,0
RingFIR_1955.jpg,2,7.16,0,0
RingFIR_1956.jpg,2,7.4,0,0
RingFIR_1957.jpg,2,5.57,0,0
RingFIR_1958.jpg,2,5.32,0,0
RingFIR_1959.jpg,1,4.27,0,0
RingFIR_1960.jpg,2,1.5,0,0
RingFIR_1961.jpg,2,7.21,0,0
RingFIR_1962.jpg,3,5.8,0,0
RingFIR_1963.jpg,2,3.34,0,0
RingFIR_1964.jpg,1,7.74,0,0
RingFIR_1965.jpg,2,2.66,0,0
RingFIR_1966.jpg,2,7.29,0,0
RingFIR_1967.jpg,2,1.53,0,0
RingFIR_1968.jpg,1,10.14,0,0
RingFIR_1969.jpg,2,2.28,0,0
RingFIR_1970.jpg,1,7.41,0,0
RingFIR_1971.jpg,2,3.75,0,0
RingFIR_1972.jpg,1,6.23,0,0
RingFIR_1973.jpg,2,8.56,0,0
RingFIR_1974.jpg,2,4.48,0,0
RingFIR_1975.jpg,1,9.88,0,0
RingFIR_1976.jpg,1,8.62,0,0
RingFIR_1977.jpg,2,2.05,0,0
RingFIR_1978.jpg,1,5.0,0,0
RingFIR_1979.jpg,1,4.54,0,0
RingFIR_1980.jpg,2,5.13,0,0
RingFIR_1981.jpg,3,4.28,0,0
RingFIR_1982.jpg,1,3.22,0,0
RingFIR_1983.jpg,2,4.88,0,0
RingFIR_1984.jpg,2,6.16,0,0
RingFIR_1985.jpg,2,1.5,0,0
RingFIR_1986.jpg,1,6.87,0,0
RingFIR_1987.jpg,2,5.37,0,0
RingFIR_1988.jpg,2,8.12,0,0
RingFIR_1989.jpg,3,4.12,0,0
RingFIR_1990.jpg,2,3.86,0,0
RingFIR_1991.jpg,1,3.42,0,0
RingFIR_1992.jpg,1,6.05,0,0
RingFIR_1993.jpg,2,1.5,0,0
RingFIR_1994.jpg,2,3.55,0,0
RingFIR_1995.jpg,0,5.4,0,0
RingFIR_1996.jpg,1,2.02,0,0
RingFIR_1997.jpg,1,5.19,0,0
RingFIR_1998.jpg,2,7.67,0,0
RingFIR_1999.jpg,2,7.37,0,0
RingFIR_2000.jpg,3,4.79,0,0
RingFIR_2001.jpg,2,7.0,0,0
RingFIR_2002.jpg,2,5.96,0,0
RingFIR_2003.jpg,3,5.4,0,0
RingFIR_2004.jpg,2,6.3,0,0
RingFIR_2005.jpg,0,4.27,0,0
RingFIR_2006.jpg,1,4.45,0,0
RingFIR_2007.jpg,1,5.9,0,0
RingFIR_2008.jpg,1,5.0,0,0
RingFIR_2009.jpg,2,7.3,0,0
RingFIR_2010.jpg,1,6.58,0,0
RingFIR_2011.jpg,1,6.57,0,0
RingFIR_2012.jpg,2,6.12,0,0
RingFIR_2013.jpg,1,5.38,0,0
RingFIR_2014.jpg,2,6.52,0,0
RingFIR_2015.jpg,3,7.11,0,0
RingFIR_2016.jpg,2,5.76,0,0
RingFIR_2017.jpg,2,3.36,0,0
RingFIR_2018.jpg,2,5.04,0,0
RingFIR_2019.jpg,1,2.08,0,0
RingFIR_2020.jpg,2,7.58,0,0
RingFIR_2021.jpg,1,6.53,0,0
RingFIR_2022.jpg,2,3.33,0,0
RingFIR_2023.jpg,2,3.72,0,0
RingFIR_2024.jpg,3,7.68,0,0
RingFIR_2025.jpg,2,3.61,0,0
RingFIR_2026.jpg,2,1.98,0,0
RingFIR_2027.jpg,0,2.69,0,0
RingFIR_2028.jpg,2,4.42,0,0
RingFIR_2029.jpg,1,4.09,0,0
RingFIR_2030.jpg,2,4.25,0,0
RingFIR_2031.jpg,2,6.43,0,0
RingFIR_2032.jpg,2,3.87,0,0
RingFIR_2033.jpg,2,5.85,0,0
RingFIR_2034.jpg,3,2.73,0,0
RingFIR_2035.jpg,2,7.46,0,0
RingFIR_2036.jpg,2,2.91,0,0
RingFIR_2037.jpg,1,5.06,0,0
RingFIR_2038.jpg,2,4.74,0,0
RingFIR_2039.jpg,2,5.68,0,0
RingFIR_2040.jpg,2,6.63,0,0
RingFIR_2041.jpg,1,4.15,0,0
RingFIR_2042.jpg,2,6.69,0,0
RingFIR_2043.jpg,1,7.3,0,0
RingFIR_2044.jpg,2,4.59,0,0
RingFIR_2045.jpg,2,8.61,0,0
RingFIR_2046.jpg,2,5.68,0,0
RingFIR_2047.jpg,2,4.33,0,0
RingFIR_2048.jpg,1,5.18,0,0
RingFIR_2049.jpg,2,8.61,0,0
RingFIR_2050.jpg,2,5.76,0,0
RingFIR_2051.jpg,2,5.76,0,0
RingFIR_2052.jpg,1,5.95,0,0
RingFIR_2053.jpg,2,6.87,0,0
RingFIR_2054.jpg,2,5.72,0,0
RingFIR_2055.jpg,1,6.22,0,0
RingFIR_2056.jpg,2,5.15,0,0
RingFIR_2057.jpg,2,5.37,0,0
RingFIR_2058.jpg,1,6.99,0,0
RingFIR_2059.jpg,2,3.54,0,0
RingFIR_2060.jpg,1,5.05,0,0
RingFIR_2061.jpg,3,4.47,0,0
RingFIR_2062.jpg,2,2.26,0,0
RingFIR_2063.jpg,2,2.49,0,0
RingFIR_2064.jpg,2,5.03,0,0
RingFIR_2065.jpg,2,7.1,0,0
RingFIR_2066.jpg,1,5.43,0,0
RingFIR_2067.jpg,2,3.88,0,0
RingFIR_2068.jpg,2,7.8,0,0
RingFIR_2069.jpg,1,4.24,0,0
RingFIR_2070.jpg,2,3.01,0,0
RingFIR_2071.jpg,2,8.65,0,0
RingFIR_2072.jpg,1,5.17,0,0
RingFIR_2073.jpg,1,8.3,0,0
RingFIR_2074.jpg,2,4.99,0,0
RingFIR_2075.jpg,3,5.04,0,0
RingFIR_2076.jpg,1,2.18,0,0
RingFIR_2077.jpg,0,4.18,0,0
RingFIR_2078.jpg,3,5.96,0,0
RingFIR_2079.jpg,1,6.36,0,0
RingFIR_2080.jpg,1,5.3,0,0
RingFIR_2081.jpg,3,4.42,0,0
RingFIR_2082.jpg,2,5.07,0,0
RingFIR_2083.jpg,1,2.92,0,0
RingFIR_2084.jpg,2,7.91,0,0
RingFIR_2085.jpg,1,6.61,0,0
RingFIR_2086.jpg,0,4.79,0,0
RingFIR_2087.jpg,2,4.09,0,0
RingFIR_2088.jpg,1,8.81,0,0
RingFIR_2089.jpg,2,3.79,0,0
RingFIR_2090.jpg,2,4.58,0,0
RingFIR_2091.jpg,3,8.01,0,0
RingFIR_2092.jpg,2,5.5,0,0
RingFIR_2093.jpg,3,1.75,0,0
RingFIR_2094.jpg,2,5.58,0,0
RingFIR_2095.jpg,1,3.87,0,0
RingFIR_2096.jpg,0,2.16,0,0
RingFIR_2097.jpg,2,3.97,0,0
RingFIR_2098.jpg,1,2.87,0,0
RingFIR_2099.jpg,1,3.42,0,0
RingFIR_2100.jpg,0,5.47,0,0
RingFIR_2101.jpg,1,2.35,0,0
RingFIR_2102.jpg,2,6.84,0,0
RingFIR_2103.jpg,3,4.4,0,0
RingFIR_2104.jpg,2,3.56,0,0
RingFIR_2105.jpg,3,4.38,0,0
RingFIR_2106.jpg,0,2.89,0,0
RingFIR_2107.jpg,1,2.88,0,0
RingFIR_2108.jpg,1,4.23,0,0
RingFIR_2109.jpg,2,5.58,0,0
RingFIR_2110.jpg,1,5.97,0,0
RingFIR_2111.jpg,2,4.06,0,0
RingFIR_2112.jpg,0,4.59,0,0
RingFIR_2113.jpg,2,5.44,0,0
RingFIR_2114.jpg,0,8.14,0,0
RingFIR_2115.jpg,3,5.14,0,0
RingFIR_2116.jpg,3,3.72,0,0
RingFIR_2117.jpg,1,3.22,0,0
RingFIR_2118.jpg,2,6.87,0,0
RingFIR_2119.jpg,1,1.5,0,0
RingFIR_2120.jpg,2,3.98,0,0
RingFIR_2121.jpg,2,3.2,0,0
RingFIR_2122.jpg,2,6.58,0,0
RingFIR_2123.jpg,1,7.6,0,0
RingFIR_2124.jpg,2,4.56,0,0
RingFIR_2125.jpg,2,3.52,0,0
RingFIR_2126.jpg,0,4.73,0,0
RingFIR_2127.jpg,0,5.82,0,0
RingFIR_2128.jpg,1,6.11,0,0
RingFIR_2129.jpg,1,4.73,0,0
RingFIR_2130.jpg,2,7.63,0,0
RingFIR_2131.jpg,1,3.87,0,0
RingFIR_2132.jpg,2,4.24,0,0
RingFIR_2133.jpg,3,4.34,0,0
RingFIR_2134.jpg,3,5.56,0,0
RingFIR_2135.jpg,2,6.72,0,0
RingFIR_2136.jpg,0,2.5,0,0
RingFIR_2137.jpg,2,2.78,0,0
RingFIR_2138.jpg,2,5.6,0,0
RingFIR_2139.jpg,2,2.83,0,0
RingFIR_2140.jpg,2,4.44,0,0
RingFIR_2141.jpg,1,4.33,0,0
RingFIR_2142.jpg,1,7.37,0,0
RingFIR_2143.jpg,2,8.35,0,0
RingFIR_2144.jpg,2,4.03,0,0
RingFIR_2145.jpg,2,6.07,0,0
RingFIR_2146.jpg,2,4.34,0,0
RingFIR_2147.jpg,2,6.6,0,0
RingFIR_2148.jpg,0,2.78,0,0
RingFIR_2149.jpg,0,7.29,0,0
RingFIR_2150.jpg,2,3.79,0,0
RingFIR_2151.jpg,0,2.23,0,0
RingFIR_2152.jpg,1,3.93,0,0
RingFIR_2153.jpg,3,4.47,0,0
RingFIR_2154.jpg,0,2.88,0,0
RingFIR_2155.jpg,1,4.91,0,0
RingFIR_2156.jpg,3,6.33,0,0
RingFIR_2157.jpg,2,3.39,0,0
RingFIR_2158.jpg,2,8.09,0,0
RingFIR_2159.jpg,1,9.83,0,0
RingFIR_2160.jpg,1,4.51,0,0
RingFIR_2161.jpg,2,6.19,0,0
RingFIR_2162.jpg,2,5.76,0,0
RingFIR_2163.jpg,2,4.73,0,0
RingFIR_2164.jpg,2,4.52,0,0
RingFIR_2165.jpg,1,1.66,0,0
RingFIR_2166.jpg,2,4.71,0,0
RingFIR_2167.jpg,1,6.57,0,0
RingFIR_2168.jpg,3,3.85,0,0
RingFIR_2169.jpg,2,1.5,0,0
RingFIR_2170.jpg,3,8.03,0,0
RingFIR_2171.jpg,2,5.8,0,0
RingFIR_2172.jpg,1,7.3,0,0
RingFIR_2173.jpg,2,4.56,0,0
RingFIR_2174.jpg,2,5.32,0,0
RingFIR_2175.jpg,2,6.14,0,0
RingFIR_2176.jpg,2,4.33,0,0
RingFIR_2177.jpg,0,7.19,0,0
RingFIR_2178.jpg,2,3.89,0,0
RingFIR_2179.jpg,2,8.88,0,0
RingFIR_2180.jpg,2,2.73,0,0
RingFIR_2181.jpg,2,5.98,0,0
RingFIR_2182.jpg,2,3.69,0,0
RingFIR_2183.jpg,2,3.14,0,0
RingFIR_2184.jpg,2,3.23,0,0
RingFIR_2185.jpg,2,1.5,0,0
RingFIR_2186.jpg,2,2.97,0,0
RingFIR_2187.jpg,2,6.7,0,0
RingFIR_2188.jpg,1,6.51,0,0
RingFIR_2189.jpg,2,2.63,0,0
RingFIR_2190.jpg,2,5.95,0,0
RingFIR_2191.jpg,2,3.56,0,0
RingFIR_2192.jpg,2,1.5,0,0
RingFIR_2193.jpg,2,6.73,0,0
RingFIR_2194.jpg,0,7.02,0,0
RingFIR_2195.jpg,2,3.9,0,0
RingFIR_2196.jpg,2,7.33,0,0
RingFIR_2197.jpg,1,4.83,0,0
RingFIR_2198.jpg,2,5.19,0,0
RingFIR_2199.jpg,2,4.71,0,0
RingFIR_2200.jpg,1,2.58,0,0
RingFIR_2201.jpg,2,4.5,0,0
RingFIR_2202.jpg,2,2.66,0,0
RingFIR_2203.jpg,1,6.04,0,0
RingFIR_2204.jpg,0,6.26,0,0
RingFIR_2205.jpg,2,1.5,0,0
RingFIR_2206.jpg,2,6.18,0,0
RingFIR_2207.jpg,2,4.83,0,0
RingFIR_2208.jpg,3,1.62,0,0
RingFIR_2209.jpg,0,5.39,0,0
RingFIR_2210.jpg,2,4.27,0,0
RingFIR_2211.jpg,2,3.59,0,0
RingFIR_2212.jpg,2,2.7,0,0
RingFIR_2213.jpg,2,5.69,0,0
RingFIR_2214.jpg,2,5.15,0,0
RingFIR_2215.jpg,2,5.25,0,0
RingFIR_2216.jpg,1,7.23,0,0
RingFIR_2217.jpg,2,8.02,0,0
RingFIR_2218.jpg,2,1.5,0,0
RingFIR_2219.jpg,2,5.71,0,0
RingFIR_2220.jpg,1,3.96,0,0
RingFIR_2221.jpg,0,6.01,0,0
RingFIR_2222.jpg,2,3.48,0,0
RingFIR_2223.jpg,1,8.86,0,0
RingFIR_2224.jpg,2,6.1,0,0
RingFIR_2225.jpg,3,4.61,0,0
RingFIR_2226.jpg,2,7.37,0,0
RingFIR_2227.jpg,0,3.28,0,0
RingFIR_2228.jpg,2,6.19,0,0
RingFIR_2229.jpg,0,4.54,0,0
RingFIR_2230.jpg,2,4.79,0,0
RingFIR_2231.jpg,0,8.41,0,0
RingFIR_2232.jpg,3,9.78,0,0
RingFIR_2233.jpg,1,5.75,0,0
RingFIR_2234.jpg,2,3.48,0,0
RingFIR_2235.jpg,1,4.75,0,0
RingFIR_2236.jpg,2,3.57,0,0
RingFIR_2237.jpg,2,3.78,0,0
RingFIR_2238.jpg,2,5.24,0,0
RingFIR_2239.jpg,1,3.65,0,0
RingFIR_2240.jpg,0,7.36,0,0
RingFIR_2241.jpg,1,4.57,0,0
RingFIR_2242.jpg,2,4.88,0,0
RingFIR_2243.jpg,2,3.9,0,0
RingFIR_2244.jpg,2,2.53,0,0
RingFIR_2245.jpg,1,2.76,0,0
RingFIR_2246.jpg,2,5.43,0,0
RingFIR_2247.jpg,3,4.35,0,0
RingFIR_2248.jpg,3,5.56,0,0
RingFIR_2249.jpg,2,7.03,0,0
RingFIR_2250.jpg,1,3.54,0,0
RingFIR_2251.jpg,2,9.3,0,0
RingFIR_2252.jpg,2,3.07,0,0
RingFIR_2253.jpg,3,2.69,0,0
RingFIR_2254.jpg,0,6.75,0,0
RingFIR_2255.jpg,2,4.94,0,0
RingFIR_2256.jpg,2,3.46,0,0
RingFIR_2257.jpg,2,2.54,0,0
RingFIR_2258.jpg,2,3.12,0,0
RingFIR_2259.jpg,0,5.07,0,0
RingFIR_2260.jpg,3,7.74,0,0
RingFIR_2261.jpg,0,1.73,0,0
RingFIR_2262.jpg,2,5.25,0,0
RingFIR_2263.jpg,1,6.42,0,0
RingFIR_2264.jpg,2,4.0,0,0
RingFIR_2265.jpg,2,7.85,0,0
RingFIR_2266.jpg,2,5.5,0,0
RingFIR_2267.jpg,1,6.62,0,0
RingFIR_2268.jpg,1,6.53,0,0
RingFIR_2269.jpg,1,7.25,0,0
RingFIR_2270.jpg,1,4.67,0,0
RingFIR_2271.jpg,1,8.24,0,0
RingFIR_2272.jpg,2,4.81,0,0
RingFIR_2273.jpg,2,4.51,0,0
RingFIR_2274.jpg,1,4.42,0,0
RingFIR_2275.jpg,2,4.28,0,0
RingFIR_2276.jpg,2,4.27,0,0
RingFIR_2277.jpg,0,5.1,0,0
RingFIR_2278.jpg,2,5.16,0,0
RingFIR_2279.jpg,0,5.13,0,0
RingFIR_2280.jpg,2,4.59,0,0
RingFIR_2281.jpg,2,6.52,0,0
RingFIR_2282.jpg,1,5.33,0,0
RingFIR_2283.jpg,2,5.83,0,0
RingFIR_2284.jpg,3,3.18,0,0
RingFIR_2285.jpg,2,2.56,0,0
RingFIR_2286.jpg,2,6.3,0,0
RingFIR_2287.jpg,0,6.62,0,0
RingFIR_2288.jpg,2,3.04,0,0
RingFIR_2289.jpg,3,2.82,0,0
RingFIR_2290.jpg,2,7.42,0,0
RingFIR_2291.jpg,2,4.01,0,0
RingFIR_2292.jpg,2,3.65,0,0
RingFIR_2293.jpg,2,2.81,0,0
RingFIR_2294.jpg,2,2.83,0,0
RingFIR_2295.jpg,2,9.23,0,0
RingFIR_2296.jpg,1,4.71,0,0
RingFIR_2297.jpg,2,4.36,0,0
RingFIR_2298.jpg,1,2.68,0,0
RingFIR_2299.jpg,0,1.64,0,0
RingFIR_2300.jpg,2,8.37,0,0
RingFIR_2301.jpg,2,7.0,0,0
RingFIR_2302.jpg,2,5.27,0,0
RingFIR_2303.jpg,0,1.5,0,0
RingFIR_2304.jpg,2,4.44,0,0
RingFIR_2305.jpg,2,5.2,0,0
RingFIR_2306.jpg,3,5.13,0,0
RingFIR_2307.jpg,3,1.5,0,0
RingFIR_2308.jpg,2,7.68,0,0
RingFIR_2309.jpg,2,5.74,0,0
RingFIR_2310.jpg,2,1.5,0,0
RingFIR_2311.jpg,3,3.97,0,0
RingFIR_2312.jpg,2,3.47,0,0
RingFIR_2313.jpg,2,4.93,0,0
RingFIR_2314.jpg,2,4.5,0,0
RingFIR_2315.jpg,2,5.64,0,0
RingFIR_2316.jpg,2,1.5,0,0
RingFIR_2317.jpg,2,5.22,0,0
RingFIR_2318.jpg,2,3.1,0,0
RingFIR_2319.jpg,1,3.79,0,0
RingFIR_2320.jpg,1,4.69,0,0
RingFIR_2321.jpg,1,8.02,0,0
RingFIR_2322.jpg,1,5.92,0,0
RingFIR_2323.jpg,1,4.65,0,0
RingFIR_2324.jpg,3,2.34,0,0
RingFIR_2325.jpg,2,4.88,0,0
RingFIR_2326.jpg,2,3.06,0,0
RingFIR_2327.jpg,1,6.96,0,0
RingFIR_2328.jpg,0,4.8,0,0
RingFIR_2329.jpg,2,2.78,0,0
RingFIR_2330.jpg,2,4.68,0,0
RingFIR_2331.jpg,2,6.87,0,0
RingFIR_2332.jpg,2,6.79,0,0
RingFIR_2333.jpg,2,4.49,0,0
RingFIR_2334.jpg,1,6.35,0,0
RingFIR_2335.jpg,3,5.37,0,0
RingFIR_2336.jpg,2,1.52,0,0
RingFIR_2337.jpg,3,4.26,0,0
RingFIR_2338.jpg,1,1.71,0,0
RingFIR_2339.jpg,1,6.21,0,0
RingFIR_2340.jpg,2,3.41,0,0
RingFIR_2341.jpg,1,5.3,0,0
RingFIR_2342.jpg,2,1.59,0,0
RingFIR_2343.jpg,1,5.15,0,0
RingFIR_2344.jpg,0,4.68,0,0
RingFIR_2345.jpg,2,5.86,0,0
RingFIR_2346.jpg,3,4.36,0,0
RingFIR_2347.jpg,1,5.05,0,0
RingFIR_2348.jpg,2,7.18,0,0
RingFIR_2349.jpg,3,6.81,0,0
RingFIR_2350.jpg,1,8.98,0,0
RingFIR_2351.jpg,2,9.56,0,0
RingFIR_2352.jpg,1,10.02,0,0
RingFIR_2353.jpg,1,4.92,0,0
RingFIR_2354.jpg,2,5.3,0,0
RingFIR_2355.jpg,3,8.86,0,0
RingFIR_2356.jpg,2,7.57,0,0
RingFIR_2357.jpg,1,3.78,0,0
RingFIR_2358.jpg,2,3.3,0,0
RingFIR_2359.jpg,2,1.5,0,0
RingFIR_2360.jpg,2,5.71,0,0
RingFIR_2361.jpg,1,7.73,0,0
RingFIR_2362.jpg,2,3.48,0,0
RingFIR_2363.jpg,2,3.56,0,0
RingFIR_2364.jpg,1,1.5,0,0
RingFIR_2365.jpg,3,6.18,0,0
RingFIR_2366.jpg,2,7.11,0,0
RingFIR_2367.jpg,2,5.4,0,0
RingFIR_2368.jpg,2,3.49,0,0
RingFIR_2369.jpg,2,4.52,0,0
RingFIR_2370.jpg,2,4.24,0,0
RingFIR_2371.jpg,3,6.09,0,0
RingFIR_2372.jpg,3,3.5,0,0
RingFIR_2373.jpg,2,2.51,0,0
RingFIR_2374.jpg,3,1.5,0,0
RingFIR_2375.jpg,2,3.81,0,0
RingFIR_2376.jpg,2,6.88,0,0
RingFIR_2377.jpg,0,3.2,0,0
RingFIR_2378.jpg,0,1.85,0,0
RingFIR_2379.jpg,1,2.56,0,0
RingFIR_2380.jpg,2,2.99,0,0
RingFIR_2381.jpg,1,3.83,0,0
RingFIR_2382.jpg,3,2.36,0,0
RingFIR_2383.jpg,2,1.5,0,0
RingFIR_2384.jpg,3,6.56,0,0
RingFIR_2385.jpg,2,2.78,0,0
RingFIR_2386.jpg,2,5.52,0,0
RingFIR_2387.jpg,0,3.78,0,0
RingFIR_2388.jpg,2,3.35,0,0
RingFIR_2389.jpg,2,6.37,0,0
RingFIR_2390.jpg,0,4.72,0,0
RingFIR_2391.jpg,1,7.41,0,0
RingFIR_2392.jpg,1,3.87,0,0
RingFIR_2393.jpg,2,2.76,0,0
RingFIR_2394.jpg,2,4.24,0,0
RingFIR_2395.jpg,1,3.64,0,0
RingFIR_2396.jpg,1,8.3,0,0
RingFIR_2397.jpg,1,3.56,0,0
RingFIR_2398.jpg,2,5.59,0,0
RingFIR_2399.jpg,3,4.87,0,0
RingFIR_2400.jpg,2,2.73,0,0
RingFIR_2401.jpg,2,3.21,0,0
RingFIR_2402.jpg,2,5.2,0,0
RingFIR_2403.jpg,2,5.21,0,0
RingFIR_2404.jpg,2,4.21,0,0
RingFIR_2405.jpg,2,4.66,0,0
RingFIR_2406.jpg,0,1.56,0,0
RingFIR_2407.jpg,2,3.17,0,0
RingFIR_2408.jpg,2,6.87,0,0
RingFIR_2409.jpg,1,3.82,0,0
RingFIR_2410.jpg,2,6.86,0,0
RingFIR_2411.jpg,3,7.19,0,0
RingFIR_2412.jpg,1,7.17,0,0
RingFIR_2413.jpg,3,8.21,0,0
RingFIR_2414.jpg,1,5.84,0,0
RingFIR_2415.jpg,1,8.11,0,0
RingFIR_2416.jpg,2,6.72,0,0
RingFIR_2417.jpg,2,1.5,0,0
RingFIR_2418.jpg,2,5.65,0,0
RingFIR_2419.jpg,0,9.56,0,0
RingFIR_2420.jpg,1,1.5,0,0
RingFIR_2421.jpg,1,4.83,0,0
RingFIR_2422.jpg,2,2.69,0,0
RingFIR_2423.jpg,2,3.31,0,0
RingFIR_2424.jpg,1,3.79,0,0
RingFIR_2425.jpg,2,5.64,0,0
RingFIR_2426.jpg,2,4.18,0,0
RingFIR_2427.jpg,2,5.57,0,0
RingFIR_2428.jpg,2,8.72,0,0
RingFIR_2429.jpg,2,6.96,0,0
RingFIR_2430.jpg,2,5.19,0,0
RingFIR_2431.jpg,0,4.35,0,0
RingFIR_2432.jpg,2,5.79,0,0
RingFIR_2433.jpg,1,1.5,0,0
RingFIR_2434.jpg,2,4.0,0,0
RingFIR_2435.jpg,1,5.88,0,0
RingFIR_2436.jpg,1,5.16,0,0
RingFIR_2437.jpg,2,7.11,0,0
RingFIR_2438.jpg,1,6.78,0,0
RingFIR_2439.jpg,2,5.72,0,0
RingFIR_2440.jpg,2,4.19,0,0
RingFIR_2441.jpg,2,3.77,0,0
RingFIR_2442.jpg,3,7.24,0,0
RingFIR_2443.jpg,2,5.74,0,0
RingFIR_2444.jpg,1,3.19,0,0
RingFIR_2445.jpg,2,6.89,0,0
RingFIR_2446.jpg,1,5.64,0,0
RingFIR_2447.jpg,0,4.67,0,0
RingFIR_2448.jpg,2,6.53,0,0
RingFIR_2449.jpg,3,6.02,0,0
RingFIR_2450.jpg,3,7.66,0,0
RingFIR_2451.jpg,1,7.64,0,0
RingFIR_2452.jpg,2,3.92,0,0
RingFIR_2453.jpg,2,4.86,0,0
RingFIR_2454.jpg,2,4.25,0,0
RingFIR_2455.jpg,0,8.7,0,0
RingFIR_2456.jpg,2,6.55,0,0
RingFIR_2457.jpg,2,4.89,0,0
RingFIR_2458.jpg,1,3.51,0,0
RingFIR_2459.jpg,3,5.09,0,0
RingFIR_2460.jpg,2,1.5,0,0
RingFIR_2461.jpg,2,4.33,0,0
RingFIR_2462.jpg,2,3.02,0,0
RingFIR_2463.jpg,1,6.84,0,0
RingFIR_2464.jpg,1,4.36,0,0
RingFIR_2465.jpg,2,5.22,0,0
RingFIR_2466.jpg,2,4.75,0,0
RingFIR_2467.jpg,2,6.93,0,0
RingFIR_2468.jpg,0,6.99,0,0
RingFIR_2469.jpg,1,6.06,0,0
RingFIR_2470.jpg,2,5.62,0,0
RingFIR_2471.jpg,1,1.84,0,0
RingFIR_2472.jpg,1,4.57,0,0
RingFIR_2473.jpg,1,7.36,0,0
RingFIR_2474.jpg,2,5.4,0,0
RingFIR_2475.jpg,2,4.36,0,0
RingFIR_2476.jpg,1,4.02,0,0
RingFIR_2477.jpg,0,4.03,0,0
RingFIR_2478.jpg,2,5.19,0,0
RingFIR_2479.jpg,2,3.81,0,0
RingFIR_2480.jpg,1,7.19,0,0
RingFIR_2481.jpg,1,1.58,0,0
RingFIR_2482.jpg,0,6.49,0,0
RingFIR_2483.jpg,2,7.8,0,0
RingFIR_2484.jpg,2,2.89,0,0
RingFIR_2485.jpg,2,6.26,0,0
RingFIR_2486.jpg,1,5.77,0,0
RingFIR_2487.jpg,2,3.39,0,0
RingFIR_2488.jpg,3,2.71,0,0
RingFIR_2489.jpg,1,5.93,0,0
RingFIR_2490.jpg,2,8.73,0,0
RingFIR_2491.jpg,2,7.49,0,0
RingFIR_2492.jpg,2,6.28,0,0
RingFIR_2493.jpg,1,5.9,0,0
RingFIR_2494.jpg,2,5.4,0,0
RingFIR_2495.jpg,0,4.84,0,0
RingFIR_2496.jpg,2,6.04,0,0
RingFIR_2497.jpg,1,3.36,0,0
RingFIR_2498.jpg,1,6.73,0,0
RingFIR_2499.jpg,1,4.98,0,0
RingFIR_2500.jpg,1,5.01,0,0
RingFIR_2501.jpg,3,8.24,0,0
RingFIR_2502.jpg,1,2.53,0,0
RingFIR_2503.jpg,1,6.35,0,0
RingFIR_2504.jpg,2,7.93,0,0
RingFIR_2505.jpg,1,6.08,0,0
RingFIR_2506.jpg,2,5.46,0,0
RingFIR_2507.jpg,1,4.91,0,0
RingFIR_2508.jpg,1,6.74,0,0
RingFIR_2509.jpg,1,1.5,0,0
RingFIR_2510.jpg,3,5.99,0,0
RingFIR_2511.jpg,1,4.41,0,0
RingFIR_2512.jpg,2,4.9,0,0
RingFIR_2513.jpg,3,5.98,0,0
RingFIR_2514.jpg,2,3.14,0,0
RingFIR_2515.jpg,1,3.82,0,0
RingFIR_2516.jpg,0,7.72,0,0
RingFIR_2517.jpg,1,4.29,0,0
RingFIR_2518.jpg,1,2.71,0,0
RingFIR_2519.jpg,0,6.08,0,0
RingFIR_2520.jpg,1,7.69,0,0
RingFIR_2521.jpg,2,2.48,0,0
RingFIR_2522.jpg,2,7.07,0,0
RingFIR_2523.jpg,1,7.93,0,0
RingFIR_2524.jpg,0,6.95,0,0
RingFIR_2525.jpg,2,4.78,0,0
RingFIR_2526.jpg,2,7.18,0,0
RingFIR_2527.jpg,3,7.4,0,0
RingFIR_2528.jpg,3,2.82,0,0
RingFIR_2529.jpg,2,6.59,0,0
RingFIR_2530.jpg,1,5.25,0,0
RingFIR_2531.jpg,2,5.17,0,0
RingFIR_2532.jpg,2,1.56,0,0
RingFIR_2533.jpg,1,1.5,0,0
RingFIR_2534.jpg,2,5.26,0,0
RingFIR_2535.jpg,2,4.77,0,0
RingFIR_2536.jpg,1,4.75,0,0
RingFIR_2537.jpg,3,4.52,0,0
RingFIR_2538.jpg,2,3.08,0,0
RingFIR_2539.jpg,2,6.75,0,0
RingFIR_2540.jpg,0,7.9,0,0
RingFIR_2541.jpg,1,2.15,0,0
RingFIR_2542.jpg,2,6.4,0,0
RingFIR_2543.jpg,2,2.57,0,0
RingFIR_2544.jpg,2,4.51,0,0
RingFIR_2545.jpg,2,5.87,0,0
RingFIR_2546.jpg,3,3.63,0,0
RingFIR_2547.jpg,2,3.31,0,0
RingFIR_2548.jpg,3,5.01,0,0
RingFIR_2549.jpg,2,6.72,0,0
RingFIR_2550.jpg,1,3.99,0,0
RingFIR_2551.jpg,1,3.3,0,0
RingFIR_2552.jpg,1,4.1,0,0
RingFIR_2553.jpg,0,7.33,0,0
RingFIR_2554.jpg,1,5.06,0,0
RingFIR_2555.jpg,2,5.21,0,0
RingFIR_2556.jpg,1,4.32,0,0
RingFIR_2557.jpg,0,4.66,0,0
RingFIR_2558.jpg,1,6.45,0,0
RingFIR_2559.jpg,2,5.27,0,0
RingFIR_2560.jpg,2,8.55,0,0
RingFIR_2561.jpg,2,4.08,0,0
RingFIR_2562.jpg,1,7.73,0,0
RingFIR_2563.jpg,0,2.24,0,0
RingFIR_2564.jpg,2,5.29,0,0
RingFIR_2565.jpg,2,5.02,0,0
RingFIR_2566.jpg,2,7.75,0,0
RingFIR_2567.jpg,2,4.37,0,0
RingFIR_2568.jpg,2,8.46,0,0
RingFIR_2569.jpg,2,2.05,0,0
RingFIR_2570.jpg,2,3.53,0,0
RingFIR_2571.jpg,2,3.66,0,0
RingFIR_2572.jpg,1,2.49,0,0
RingFIR_2573.jpg,3,5.04,0,0
RingFIR_2574.jpg,2,4.47,0,0
RingFIR_2575.jpg,2,7.07,0,0
RingFIR_2576.jpg,1,2.66,0,0
RingFIR_2577.jpg,2,9.55,0,0
RingFIR_2578.jpg,0,8.31,0,0
RingFIR_2579.jpg,2,3.83,0,0
RingFIR_2580.jpg,2,6.34,0,0
RingFIR_2581.jpg,2,3.85,0,0
RingFIR_2582.jpg,1,6.28,0,0
RingFIR_2583.jpg,2,2.37,0,0
RingFIR_2584.jpg,2,6.2,0,0
RingFIR_2585.jpg,2,4.21,0,0
RingFIR_2586.jpg,2,2.11,0,0
RingFIR_2587.jpg,2,4.88,0,0
RingFIR_2588.jpg,2,4.99,0,0
RingFIR_2589.jpg,2,5.36,0,0
RingFIR_2590.jpg,2,8.5,0,0
RingFIR_2591.jpg,2,4.22,0,0
RingFIR_2592.jpg,2,4.68,0,0
RingFIR_2593.jpg,1,2.25,0,0
RingFIR_2594.jpg,3,5.73,0,0
RingFIR_2595.jpg,2,4.73,0,0
RingFIR_2596.jpg,2,2.85,0,0
RingFIR_2597.jpg,2,5.25,0,0
RingFIR_2598.jpg,0,3.18,0,0
RingFIR_2599.jpg,2,9.21,0,0
RingFIR_2600.jpg,1,4.35,0,0
RingFIR_2601.jpg,3,2.68,0,0
RingFIR_2602.jpg,2,6.12,0,0
RingFIR_2603.jpg,0,1.5,0,0
RingFIR_2604.jpg,3,2.53,0,0
RingFIR_2605.jpg,2,6.92,0,0
Tanishq_Necklace_0.jpg,1,19.9,0,2
Tanishq_Necklace_1.jpg,2,43.78,0,2
Tanishq_Necklace_2.jpg,2,47.39,0,2
Tanishq_Necklace_3.jpg,2,53.77,0,2
Tanishq_Necklace_4.jpg,0,20.91,0,2
Tanishq_Necklace_5.jpg,3,25.54,0,2
Tanishq_Necklace_6.jpg,2,45.77,0,2
Tanishq_Necklace_7.jpg,1,48.56,0,2
Tanishq_Necklace_8.jpg,1,27.17,0,2
Tanishq_Necklace_9.jpg,1,15.74,0,2
Tanishq_Necklace_10.jpg,0,19.74,0,2
Tanishq_Necklace_11.jpg,0,20.03,0,2
Tanishq_Necklace_12.jpg,2,31.47,0,2
Tanishq_Necklace_13.jpg,1,38.25,0,2
Tanishq_Necklace_14.jpg,2,29.19,0,2
Tanishq_Necklace_15.jpg,2,36.48,0,2
Tanishq_Necklace_16.jpg,1,50.42,0,2
Tanishq_Necklace_17.jpg,2,27.49,0,2
Tanishq_Necklace_18.jpg,2,33.52,0,2
Tanishq_Necklace_19.jpg,2,42.06,0,2
Tanishq_Necklace_20.jpg,2,40.88,0,2
Tanishq_Necklace_21.jpg,1,41.57,0,2
Tanishq_Necklace_22.jpg,2,29.44,0,2
Tanishq_Necklace_23.jpg,3,44.23,0,2
Tanishq_Necklace_24.jpg,0,36.52,0,2
Tanishq_Necklace_25.jpg,2,20.87,0,2
Tanishq_Necklace_26.jpg,2,35.45,0,2
Tanishq_Necklace_27.jpg,3,31.72,0,2
Tanishq_Necklace_28.jpg,2,10.6,0,2
Tanishq_Necklace_29.jpg,2,60.35,0,2
Tanishq_Necklace_30.jpg,0,35.42,0,2
Tanishq_Necklace_31.jpg,2,58.96,0,2
Tanishq_Necklace_32.jpg,2,39.88,0,2
Tanishq_Necklace_33.jpg,1,23.46,0,2
Tanishq_Necklace_34.jpg,2,21.99,0,2
Tanishq_Necklace_35.jpg,3,39.29,0,2
Tanishq_Necklace_36.jpg,2,37.32,0,2
Tanishq_Necklace_37.jpg,1,27.19,0,2
Tanishq_Necklace_38.jpg,2,10.0,0,2
Tanishq_Necklace_39.jpg,2,36.54,0,2
Tanishq_Necklace_40.jpg,1,58.99,0,2
Tanishq_Necklace_41.jpg,0,59.33,0,2
Tanishq_Necklace_42.jpg,2,42.02,0,2
Tanishq_Necklace_43.jpg,1,30.56,0,2
Tanishq_Necklace_44.jpg,2,38.01,0,2
Tanishq_Necklace_45.jpg,2,25.26,0,2
Tanishq_Necklace_46.jpg,2,42.93,0,2
Tanishq_Necklace_47.jpg,1,19.82,0,2
Tanishq_Necklace_48.jpg,2,38.13,0,2
Tanishq_Necklace_49.jpg,1,47.28,0,2
Tanishq_Necklace_50.jpg,2,40.96,0,2
Tanishq_Necklace_51.jpg,2,24.91,0,2
Tanishq_Necklace_52.jpg,1,51.33,0,2
Tanishq_Necklace_53.jpg,3,35.32,0,2
Tanishq_Necklace_54.jpg,2,35.6,0,2
Tanishq_Necklace_55.jpg,2,42.63,0,2
Tanishq_Necklace_56.jpg,2,10.0,0,2
Tanishq_Necklace_57.jpg,2,25.18,0,2
Tanishq_Necklace_58.jpg,2,30.93,0,2
Tanishq_Necklace_59.jpg,1,49.0,0,2
Tanishq_Necklace_60.jpg,2,16.94,0,2
Tanishq_Necklace_61.jpg,2,40.02,0,2
Tanishq_Necklace_62.jpg,2,26.2,0,2
Tanishq_Necklace_63.jpg,1,31.29,0,2
Tanishq_Necklace_64.jpg,3,24.39,0,2
Tanishq_Necklace_65.jpg,2,28.75,0,2
Tanishq_Necklace_66.jpg,1,34.38,0,2
Tanishq_Necklace_67.jpg,2,33.36,0,2
Tanishq_Necklace_68.jpg,2,25.99,0,2
Tanishq_Necklace_69.jpg,3,10.47,0,2
Tanishq_Necklace_70.jpg,2,24.67,0,2
Tanishq_Necklace_71.jpg,2,25.27,0,2
Tanishq_Necklace_72.jpg,2,42.95,0,2
Tanishq_Necklace_73.jpg,0,23.84,0,2
Tanishq_Necklace_74.jpg,2,26.9,0,2
Tanishq_Necklace_75.jpg,2,48.86,0,2
Tanishq_Necklace_76.jpg,1,30.74,0,2
Tanishq_Necklace_77.jpg,2,39.98,0,2
Tanishq_Necklace_78.jpg,2,23.72,0,2
Tanishq_Necklace_79.jpg,3,48.89,0,2
Tanishq_Necklace_80.jpg,1,34.65,0,2
Tanishq_Necklace_81.jpg,0,19.06,0,2
Tanishq_Necklace_82.jpg,1,43.16,0,2
Tanishq_Necklace_83.jpg,2,32.61,0,2
Tanishq_Necklace_84.jpg,1,47.08,0,2
Tanishq_Necklace_85.jpg,3,50.39,0,2
Tanishq_Necklace_86.jpg,1,30.46,0,2
Tanishq_Necklace_87.jpg,1,36.74,0,2
Tanishq_Necklace_88.jpg,0,35.61,0,2
Tanishq_Necklace_89.jpg,1,52.88,0,2
Tanishq_Necklace_90.jpg,1,24.98,0,2
Tanishq_Necklace_91.jpg,2,17.61,0,2
Tanishq_Necklace_92.jpg,2,32.62,0,2
Tanishq_Necklace_93.jpg,3,24.42,0,2
Tanishq_Necklace_94.jpg,2,33.12,0,2
Tanishq_Necklace_95.jpg,2,51.84,0,2
Tanishq_Necklace_96.jpg,1,38.55,0,2
Tanishq_Necklace_97.jpg,1,39.72,0,2
Tanishq_Necklace_98.jpg,2,63.06,0,2
Tanishq_Necklace_99.jpg,3,32.17,0,2
Tanishq_Necklace_100.jpg,2,27.36,0,2
Tanishq_Necklace_101.jpg,0,35.68,0,2
Tanishq_Necklace_102.jpg,1,26.87,0,2
Tanishq_Necklace_103.jpg,2,39.99,0,2
Tanishq_Necklace_104.jpg,1,22.44,0,2
Tanishq_Necklace_105.jpg,2,25.05,0,2
Tanishq_Necklace_106.jpg,1,10.0,0,2
Tanishq_Necklace_107.jpg,3,31.31,0,2
Tanishq_Necklace_108.jpg,0,28.59,0,2
Tanishq_Necklace_109.jpg,2,36.81,0,2
Tanishq_Necklace_110.jpg,2,66.13,0,2
Tanishq_Necklace_111.jpg,1,48.65,0,2
Tanishq_Necklace_112.jpg,1,45.42,0,2
Tanishq_Necklace_113.jpg,1,14.8,0,2
Tanishq_Necklace_114.jpg,1,42.01,0,2
Tanishq_Necklace_115.jpg,1,42.37,0,2
Tanishq_Necklace_116.jpg,1,40.34,0,2
Tanishq_Necklace_117.jpg,2,25.41,0,2
Tanishq_Necklace_118.jpg,2,37.06,0,2
Tanishq_Necklace_119.jpg,1,39.69,0,2
Tanishq_Necklace_120.jpg,1,29.9,0,2
Tanishq_Necklace_121.jpg,0,41.0,0,2
Tanishq_Necklace_122.jpg,2,43.99,0,2
Tanishq_Necklace_123.jpg,2,32.91,0,2
Tanishq_Necklace_124.jpg,0,22.84,0,2
Tanishq_Necklace_125.jpg,0,14.75,0,2
Tanishq_Necklace_126.jpg,2,31.95,0,2
Tanishq_Necklace_127.jpg,2,23.4,0,2
Tanishq_Necklace_128.jpg,2,29.82,0,2
Tanishq_Necklace_129.jpg,2,39.53,0,2
Tanishq_Necklace_130.jpg,2,39.57,0,2
Tanishq_Necklace_131.jpg,2,29.66,0,2
Tanishq_Necklace_132.jpg,1,25.26,0,2
Tanishq_Necklace_133.jpg,2,31.71,0,2
Tanishq_Necklace_134.jpg,1,50.98,0,2
Tanishq_Necklace_135.jpg,3,12.67,0,2
Tanishq_Necklace_136.jpg,2,29.94,0,2
Tanishq_Necklace_137.jpg,2,21.43,0,2
Tanishq_Necklace_138.jpg,2,45.69,0,2
Tanishq_Necklace_139.jpg,2,39.39,0,2
Tanishq_Necklace_140.jpg,3,36.17,0,2
Tanishq_Necklace_141.jpg,2,24.21,0,2
Tanishq_Necklace_142.jpg,2,21.34,0,2
Tanishq_Necklace_143.jpg,2,39.37,0,2
Tanishq_Necklace_144.jpg,2,34.1,0,2
Tanishq_Necklace_145.jpg,1,24.71,0,2
Tanishq_Necklace_146.jpg,1,34.39,0,2
Tanishq_Necklace_147.jpg,2,32.04,0,2
Tanishq_Necklace_148.jpg,2,46.63,0,2
Tanishq_Necklace_149.jpg,1,40.66,0,2
Tanishq_Necklace_150.jpg,1,32.79,0,2
Tanishq_Necklace_151.jpg,3,37.26,0,2
Tanishq_Necklace_152.jpg,2,39.67,0,2
Tanishq_Necklace_153.jpg,0,35.01,0,2
Tanishq_Necklace_154.jpg,1,18.29,0,2
Tanishq_Necklace_155.jpg,3,50.4,0,2
Tanishq_Necklace_156.jpg,0,61.47,0,2
Tanishq_Necklace_157.jpg,2,49.39,0,2
Tanishq_Necklace_158.jpg,1,47.29,0,2
Tanishq_Necklace_159.jpg,1,30.16,0,2
Tanishq_Necklace_160.jpg,2,53.35,0,2
Tanishq_Necklace_161.jpg,2,39.38,0,2
Tanishq_Necklace_162.jpg,1,47.71,0,2
Tanishq_Necklace_163.jpg,2,37.38,0,2
Tanishq_Necklace_164.jpg,3,21.39,0,2
Tanishq_Necklace_165.jpg,2,33.18,0,2
Tanishq_Necklace_166.jpg,3,44.61,0,2
Tanishq_Necklace_167.jpg,2,30.29,0,2
Tanishq_Necklace_168.jpg,2,37.66,0,2
Tanishq_Necklace_169.jpg,1,30.06,0,2
Tanishq_Necklace_170.jpg,2,26.28,0,2
Tanishq_Necklace_171.jpg,2,10.0,0,2
Tanishq_Necklace_172.jpg,2,10.13,0,2
Tanishq_Necklace_173.jpg,2,23.58,0,2
Tanishq_Necklace_174.jpg,2,28.87,0,2
Tanishq_Necklace_175.jpg,2,48.69,0,2
Tanishq_Necklace_176.jpg,2,23.88,0,2
Tanishq_Necklace_177.jpg,3,23.48,0,2
Tanishq_Necklace_178.jpg,2,57.3,0,2
Tanishq_Necklace_179.jpg,0,46.65,0,2
Tanishq_Necklace_180.jpg,2,71.18,0,2
Tanishq_Necklace_181.jpg,2,42.52,0,2
Tanishq_Necklace_182.jpg,0,24.47,0,2
Tanishq_Necklace_183.jpg,0,10.0,0,2
Tanishq_Necklace_184.jpg,0,38.75,0,2
Tanishq_Necklace_185.jpg,2,56.39,0,2
Tanishq_Necklace_186.jpg,1,26.52,0,2
Tanishq_Necklace_187.jpg,1,41.26,0,2
Tanishq_Necklace_188.jpg,2,23.23,0,2
Tanishq_Necklace_189.jpg,2,25.04,0,2
Tanishq_Necklace_190.jpg,2,31.26,0,2
Tanishq_Necklace_191.jpg,0,49.73,0,2
Tanishq_Necklace_192.jpg,1,35.69,0,2
Tanishq_Necklace_193.jpg,2,38.42,0,2
Tanishq_Necklace_194.jpg,0,28.33,0,2
Tanishq_Necklace_195.jpg,2,35.26,0,2
Tanishq_Necklace_196.jpg,3,35.51,0,2
Tanishq_Necklace_197.jpg,2,40.93,0,2
Tanishq_Necklace_198.jpg,3,29.31,0,2
Tanishq_Necklace_199.jpg,2,37.27,0,2
Tanishq_Necklace_200.jpg,1,10.0,0,2
Tanishq_Necklace_201.jpg,2,14.89,0,2
Tanishq_Necklace_202.jpg,2,35.17,0,2
Tanishq_Necklace_203.jpg,2,19.86,0,2
Tanishq_Necklace_204.jpg,2,41.1,0,2
Tanishq_Necklace_205.jpg,3,32.74,0,2
Tanishq_Necklace_206.jpg,1,37.79,0,2
Tanishq_Necklace_207.jpg,2,45.82,0,2
Tanishq_Necklace_208.jpg,0,31.91,0,2
Tanishq_Necklace_209.jpg,2,15.64,0,2
Tanishq_Necklace_210.jpg,2,24.51,0,2
Tanishq_Necklace_211.jpg,2,46.55,0,2
Tanishq_Necklace_212.jpg,0,53.1,0,2
Tanishq_Necklace_213.jpg,2,28.75,0,2
Tanishq_Necklace_214.jpg,3,34.82,0,2
Tanishq_Necklace_215.jpg,1,13.38,0,2
Tanishq_Necklace_216.jpg,2,40.15,0,2
Tanishq_Necklace_217.jpg,2,44.98,0,2
Tanishq_Necklace_218.jpg,1,31.09,0,2
Tanishq_Necklace_219.jpg,1,43.89,0,2
Tanishq_Necklace_220.jpg,2,46.28,0,2
Tanishq_Necklace_221.jpg,2,30.33,0,2
Tanishq_Necklace_222.jpg,1,12.18,0,2
Tanishq_Necklace_223.jpg,3,20.0,0,2
Tanishq_Necklace_224.jpg,2,38.68,0,2
Tanishq_Necklace_225.jpg,2,35.04,0,2
Tanishq_Necklace_226.jpg,0,29.75,0,2
Tanishq_Necklace_227.jpg,1,15.49,0,2
Tanishq_Necklace_228.jpg,3,25.73,0,2
Tanishq_Necklace_229.jpg,2,45.67,0,2
Tanishq_Necklace_230.jpg,2,53.52,0,2
Tanishq_Necklace_231.jpg,2,36.02,0,2
Tanishq_Necklace_232.jpg,2,14.2,0,2
Tanishq_Necklace_233.jpg,0,37.66,0,2
Tanishq_Necklace_234.jpg,2,36.04,0,2
Tanishq_Necklace_235.jpg,2,29.91,0,2
Tanishq_Necklace_236.jpg,3,26.17,0,2
Tanishq_Necklace_237.jpg,2,34.68,0,2
Tanishq_Necklace_238.jpg,2,42.52,0,2
Tanishq_Necklace_239.jpg,1,31.68,0,2
Tanishq_Necklace_240.jpg,2,29.0,0,2
Tanishq_Necklace_241.jpg,1,33.77,0,2
Tanishq_Necklace_242.jpg,1,38.76,0,2
Tanishq_Necklace_243.jpg,1,36.56,0,2
Tanishq_Necklace_244.jpg,2,35.69,0,2
Tanishq_Necklace_245.jpg,0,26.94,0,2
Tanishq_Necklace_246.jpg,3,43.47,0,2
Tanishq_Necklace_247.jpg,2,49.29,0,2
Tanishq_Necklace_248.jpg,2,35.39,0,2
Tanishq_Necklace_249.jpg,1,44.67,0,2
Tanishq_Necklace_250.jpg,2,37.96,0,2
Tanishq_Necklace_251.jpg,2,23.06,0,2
Tanishq_Necklace_252.jpg,2,42.74,0,2
Tanishq_Necklace_253.jpg,2,34.85,0,2
Tanishq_Necklace_254.jpg,2,43.99,0,2
Tanishq_Necklace_255.jpg,1,53.59,0,2
Tanishq_Necklace_256.jpg,2,31.1,0,2
Tanishq_Necklace_257.jpg,0,23.75,0,2
Tanishq_Necklace_258.jpg,1,27.2,0,2
Tanishq_Necklace_259.jpg,0,42.32,0,2
Tanishq_Necklace_260.jpg,2,42.06,0,2
Tanishq_Necklace_261.jpg,3,43.0,0,2
Tanishq_Necklace_262.jpg,2,30.96,0,2
Tanishq_Necklace_263.jpg,2,36.65,0,2
Tanishq_Necklace_264.jpg,2,35.49,0,2
Tanishq_Necklace_265.jpg,1,52.19,0,2
Tanishq_Necklace_266.jpg,2,29.66,0,2
Tanishq_Necklace_267.jpg,1,28.3,0,2
Tanishq_Necklace_268.jpg,2,29.9,0,2
Tanishq_Necklace_269.jpg,2,47.7,0,2
Tanishq_Necklace_270.jpg,2,44.58,0,2
Tanishq_Necklace_271.jpg,2,20.88,0,2
Tanishq_Necklace_272.jpg,2,20.33,0,2
Tanishq_Necklace_273.jpg,2,40.04,0,2
Tanishq_Necklace_274.jpg,3,34.53,0,2
Tanishq_Necklace_275.jpg,0,13.94,0,2
Tanishq_Necklace_276.jpg,2,20.99,0,2
Tanishq_Necklace_277.jpg,2,35.11,0,2
Tanishq_Necklace_278.jpg,1,65.61,0,2
Tanishq_Necklace_279.jpg,0,42.8,0,2
Tanishq_Necklace_280.jpg,2,24.42,0,2
Tanishq_Necklace_281.jpg,0,51.85,0,2
Tanishq_Necklace_282.jpg,2,23.1,0,2
Tanishq_Necklace_283.jpg,2,28.36,0,2
Tanishq_Necklace_284.jpg,1,51.42,0,2
Tanishq_Necklace_285.jpg,2,23.01,0,2
Tanishq_Necklace_286.jpg,2,53.65,0,2
Tanishq_Necklace_287.jpg,0,11.06,0,2
Tanishq_Necklace_288.jpg,0,40.52,0,2
Tanishq_Necklace_289.jpg,1,37.72,0,2
Tanishq_Necklace_290.jpg,2,46.9,0,2
Tanishq_Necklace_291.jpg,3,37.15,0,2
Tanishq_Necklace_292.jpg,2,38.05,0,2
Tanishq_Necklace_293.jpg,2,27.54,0,2
Tanishq_Necklace_294.jpg,2,32.26,0,2
Tanishq_Necklace_295.jpg,1,52.27,0,2
Tanishq_Necklace_296.jpg,2,40.23,0,2
Tanishq_Necklace_297.jpg,1,42.44,0,2
Tanishq_Necklace_298.jpg,1,38.17,0,2
Tanishq_Necklace_299.jpg,2,33.13,0,2
Tanishq_Necklace_300.jpg,2,14.49,0,2
FakeJewelry_0.jpg,2,25.38,1,8
FakeJewelry_1.jpg,2,1.55,1,9
FakeJewelry_2.jpg,3,5.0,1,6
FakeJewelry_3.jpg,2,1.2,1,9
FakeJewelry_4.jpg,2,26.13,1,1
FakeJewelry_5.jpg,2,11.08,1,7
FakeJewelry_6.jpg,1,34.74,1,7
FakeJewelry_7.jpg,1,29.68,1,5
FakeJewelry_8.jpg,2,2.39,1,3
FakeJewelry_9.jpg,1,17.66,1,5
FakeJewelry_10.jpg,2,6.75,1,3
FakeJewelry_11.jpg,1,4.85,1,0
FakeJewelry_12.jpg,2,13.47,1,8
FakeJewelry_13.jpg,2,31.01,1,1
FakeJewelry_14.jpg,2,42.85,1,2
FakeJewelry_15.jpg,0,2.74,1,3
FakeJewelry_16.jpg,2,29.84,1,1
FakeJewelry_17.jpg,0,10.0,1,1
FakeJewelry_18.jpg,2,1.93,1,3
FakeJewelry_19.jpg,2,1.72,1,9
FakeJewelry_20.jpg,2,55.06,1,2
FakeJewelry_21.jpg,1,3.03,1,3
FakeJewelry_22.jpg,0,19.91,1,5
FakeJewelry_23.jpg,2,4.27,1,0
FakeJewelry_24.jpg,2,2.46,1,4
FakeJewelry_25.jpg,0,12.89,1,6
FakeJewelry_26.jpg,1,1.98,1,9
FakeJewelry_27.jpg,0,9.0,1,5
FakeJewelry_28.jpg,2,4.34,1,4
FakeJewelry_29.jpg,2,7.65,1,5
FakeJewelry_30.jpg,2,2.11,1,3
FakeJewelry_31.jpg,2,1.84,1,9
FakeJewelry_32.jpg,2,0.96,1,9
FakeJewelry_33.jpg,2,49.96,1,2
FakeJewelry_34.jpg,2,1.8,1,0
FakeJewelry_35.jpg,2,18.73,1,6
FakeJewelry_36.jpg,2,3.56,1,3
FakeJewelry_37.jpg,2,2.97,1,3
FakeJewelry_38.jpg,2,9.18,1,5
FakeJewelry_39.jpg,1,1.37,1,9
FakeJewelry_40.jpg,0,18.66,1,6
FakeJewelry_41.jpg,2,7.8,1,0
FakeJewelry_42.jpg,0,5.73,1,0
FakeJewelry_43.jpg,2,2.29,1,3
FakeJewelry_44.jpg,2,16.35,1,8
FakeJewelry_45.jpg,1,23.23,1,7
FakeJewelry_46.jpg,2,1.02,1,9
FakeJewelry_47.jpg,3,5.4,1,4
FakeJewelry_48.jpg,3,2.99,1,4
FakeJewelry_49.jpg,1,27.85,1,5
Roboflow_GoldIdentifier_test_115000e844015d5c517330f2f4e1aff0_jpg.rf.68fb5a2b59fa38d143eccbdc69b5721c.jpg,1,21.23,1,8
Roboflow_Classifier_train_101A5351_jpg.rf.1c8d43fefb5bdcce6563bfabb8739443.jpg,2,18.58,0,7
Roboflow_Classifier_train_101A5351_jpg.rf.42e1b43c1ff242a32c8842abe5b8f940.jpg,3,2.11,0,0
Roboflow_Classifier_train_101A5351_jpg.rf.d0e0064b559ec8091756020323464266.jpg,0,17.74,0,8
Roboflow_Classifier_train_101A5364_jpg.rf.466a61998696955d8f5cedcd8b616560.jpg,1,21.37,0,7
Roboflow_Classifier_train_101A5364_jpg.rf.aa34a88f9104dffb6b55dfe6978b690a.jpg,0,24.59,0,7
Roboflow_Classifier_train_101A5364_jpg.rf.ce1917f3a78176ed639da1f74b534459.jpg,2,2.52,0,3
Roboflow_Classifier_train_101A5369_jpg.rf.04b1e8753acdcc70485748d98f214cdc.jpg,0,1.44,0,9
Roboflow_Classifier_train_101A5369_jpg.rf.29788c5862f79505a0e3dda11dd5c947.jpg,2,18.26,0,8
Roboflow_Classifier_train_101A5369_jpg.rf.78e82eef0213a0beb3ef00c0ce36cd92.jpg,1,38.21,0,2
Roboflow_Classifier_train_101A5371_jpg.rf.2772014f59a54e00a69f4c7368adeafd.jpg,2,4.33,0,3
Roboflow_Classifier_train_101A5371_jpg.rf.2d9c9bc676dc92466c49a595d49b9ca4.jpg,2,37.24,0,2
Roboflow_Classifier_train_101A5371_jpg.rf.a423e442f19c1fe5ac161a2436e11ef5.jpg,1,0.65,0,9
Roboflow_Classifier_train_101A5384_jpg.rf.031c9398295ccc5846713c9c555d539e.jpg,2,16.69,0,5
Roboflow_Classifier_train_101A5384_jpg.rf.b73f2cf405f005f713c2b1323666957c.jpg,0,1.79,0,9
Roboflow_Classifier_train_101A5384_jpg.rf.e3eb6e17405fa03dd2135a7bc9fd32e0.jpg,0,25.71,0,7
Roboflow_Classifier_train_101A5406_jpg.rf.11a9b1a006529acf09a6c3428880ed6a.jpg,2,4.73,0,3
Roboflow_Classifier_train_101A5406_jpg.rf.20b901807ada81ce6bd310c811228079.jpg,1,1.85,0,9
Roboflow_Classifier_train_101A5406_jpg.rf.675e74cb6c0cfdccafe6582c79a28f34.jpg,3,31.93,0,1
Roboflow_Classifier_train_101A5415_jpg.rf.4945fc9086098afd5d9ff3060fd09f15.jpg,3,30.99,0,2
Roboflow_Classifier_train_101A5415_jpg.rf.ef7f0b2471ca1e0489d5fde5b62e7deb.jpg,3,3.23,0,0
Roboflow_Classifier_train_101A5415_jpg.rf.f2a53d18165d1598f86d4bf7b71005c4.jpg,2,14.77,0,6
Roboflow_Classifier_train_101A5432_jpg.rf.16f10a5bddba0bb6faa0bb64bb53c178.jpg,0,2.15,0,3
Roboflow_Classifier_train_101A5432_jpg.rf.5de29dbd43b2de98b1e938a8bd620ca8.jpg,2,1.33,0,9
Roboflow_Classifier_train_101A5432_jpg.rf.73d8fecf43debaa6971c4c71c30bb1ed.jpg,0,19.48,0,8
Roboflow_Classifier_train_101A5459_jpg.rf.0d8b45bfad9bea2dc162ff741b6f5a3f.jpg,3,2.07,0,9
Roboflow_Classifier_train_101A5459_jpg.rf.28879a402bcaff48459155e8597f40a2.jpg,2,2.85,0,4
Roboflow_Classifier_train_101A5459_jpg.rf.669cdb75cf27515257946f2d1ee39c45.jpg,3,1.5,0,4
Roboflow_Classifier_train_101A5467_jpg.rf.1aef008e48290f26b618563d15618284.jpg,2,16.09,0,7
Roboflow_Classifier_train_101A5467_jpg.rf.579f2fbe26b49e1111c838c035527ac0.jpg,1,25.94,0,8
Roboflow_Classifier_train_101A5467_jpg.rf.9a9287b80281c32dc21aabc1c1326862.jpg,2,4.62,0,4
Roboflow_Classifier_train_101A5468_jpg.rf.17ca307bc1ff1cc9659529c9864c645f.jpg,1,27.2,0,7
Roboflow_Classifier_train_101A5468_jpg.rf.2948e2abb1f864890876b274f1aca2a3.jpg,3,45.78,0,2
Roboflow_Classifier_train_101A5468_jpg.rf.aa69bf65b77a10ed6e8d3a8702c5f0c0.jpg,2,8.0,0,8
Roboflow_Classifier_train_101A5476_jpg.rf.2489f41a5db32fbbf4d1f5af164e7625.jpg,2,19.68,0,5
Roboflow_Classifier_train_101A5476_jpg.rf.89352d927328daa60d8fa7a8b5dfe6e7.jpg,3,1.52,0,9
Roboflow_Classifier_train_101A5476_jpg.rf.c8c7a125b70a1ea2a206461afa5c0c32.jpg,0,1.45,0,9
Roboflow_Classifier_train_101A5481_jpg.rf.30c1810281d0c978ed046df30d69eab7.jpg,0,6.25,0,3
Roboflow_Classifier_train_101A5481_jpg.rf.56425c1301476ba5d65c941bb678b31a.jpg,2,5.07,0,4
Roboflow_Classifier_train_101A5481_jpg.rf.9a0a560278e00493d019d9bff9c83532.jpg,1,5.0,0,6
Roboflow_Classifier_train_101A5486_jpg.rf.0616247f2324c3247fed4ec3049f0fb2.jpg,0,17.96,0,6
Roboflow_Classifier_train_101A5486_jpg.rf.63fc16c6558b99593a23935f40c6e596.jpg,2,24.22,0,1
Roboflow_Classifier_train_101A5486_jpg.rf.bfe205faaed5f688c6188d5172632a8a.jpg,2,3.79,0,3
Roboflow_Classifier_train_102A10007_jpg.rf.594f5e93b40873164af05576282d4b5f.jpg,1,50.0,0,1
Roboflow_Classifier_train_102A10007_jpg.rf.c85c7ddc1957837835e04f0327846be3.jpg,2,19.99,0,6
Roboflow_Classifier_train_102A10007_jpg.rf.eaffe1bfbc06b01d9d867a78c50ed7b2.jpg,1,3.61,0,4
Roboflow_Classifier_train_102A10025_jpg.rf.715a88e53b371aed99118b29759a1b64.jpg,1,15.65,0,7
Roboflow_Classifier_train_102A10025_jpg.rf.7b58ca84c8ef9b6818ad6bb6df534099.jpg,2,51.03,0,2
Roboflow_Classifier_train_102A10025_jpg.rf.c24a8f6291669ce4280b3ec565ed793f.jpg,1,8.0,0,8
Roboflow_Classifier_train_102A10040_jpg.rf.2877b8dd5535f54152dcaafee2768121.jpg,0,1.65,0,0
Roboflow_Classifier_train_102A10040_jpg.rf.5bdda34e02afe55c7659a83a3ab7ef3a.jpg,2,2.15,0,3
Roboflow_Classifier_train_102A10040_jpg.rf.98b2b5d777d10a589dadfd678b4e573e.jpg,1,1.46,0,9
Roboflow_Classifier_train_102A10053_jpg.rf.05fb88439b6984a9607016267a18aeab.jpg,2,1.24,0,9
Roboflow_Classifier_train_102A10053_jpg.rf.a568daee1120b35f7b9dd5f29d357efc.jpg,1,5.08,0,0
Roboflow_Classifier_train_102A10053_jpg.rf.e942ef9d7b46ccd9af18ec65bc65da6d.jpg,2,3.37,0,4
Roboflow_Classifier_train_102A10061_jpg.rf.5743d6599b3da6fb178c547ff4f00897.jpg,2,25.9,0,1
Roboflow_Classifier_train_102A10061_jpg.rf.778aada662fe386599f26a57a54c0b5d.jpg,1,1.5,0,9
Roboflow_Classifier_train_102A10061_jpg.rf.837fd926310f55da6a6108a154c2950c.jpg,2,1.21,0,9
Roboflow_Classifier_train_102A10066_jpg.rf.1618e5808f99fe67c5f87ed4be270bc0.jpg,2,16.18,0,5
Roboflow_Classifier_train_102A10066_jpg.rf.1e2fef23999bfd37aec897085426a5c9.jpg,2,1.77,0,9
Roboflow_Classifier_train_102A10066_jpg.rf.7c1c90ed5e66aad30a64bb1cddddd86e.jpg,0,2.29,0,3
Roboflow_Classifier_train_102A10089_jpg.rf.bc4cedbda69b153c5779264299a65e34.jpg,2,14.15,0,8
Roboflow_Classifier_train_102A10089_jpg.rf.d776865223ac58ad970ccad9369498ae.jpg,2,33.99,0,2
Roboflow_Classifier_train_102A10089_jpg.rf.d8835ac33fe15dd7bfc848defc245960.jpg,2,21.35,0,1
Roboflow_Classifier_train_102A10100_jpg.rf.0000ba8f458b674dcf6c89ac73d834ab.jpg,3,41.44,0,2
Roboflow_Classifier_train_102A10100_jpg.rf.7008d18c46143091cdd3286107c1fcde.jpg,2,26.17,0,7
Roboflow_Classifier_train_102A10100_jpg.rf.aca9fcfb386c1bb0d3130d3ed4c562b2.jpg,2,1.77,0,4
Roboflow_Classifier_train_102A10103_jpg.rf.2323c2e0205200b5e79b364b0da88e8e.jpg,2,6.15,0,5
Roboflow_Classifier_train_102A10103_jpg.rf.962bd17813782f2fe0ed1f710b65d09f.jpg,2,16.76,0,2
Roboflow_Classifier_train_102A10103_jpg.rf.bc80edb70e0ff22271e4037e9c50e0e7.jpg,2,32.14,0,2
Roboflow_Classifier_train_102A10107_jpg.rf.9770f7766a1eb367fa301bcc399b068c.jpg,1,39.74,0,2
Roboflow_Classifier_train_102A10107_jpg.rf.d86cc31b9f8c89dc8a7337f269a36a53.jpg,2,5.0,0,6
Roboflow_Classifier_train_102A10107_jpg.rf.f06d29c8c684a36e6342de47bbc5b60c.jpg,1,17.87,0,8
Roboflow_Classifier_train_102A10118_jpg.rf.2d2b4078278628c4689541057be50c97.jpg,2,2.31,0,3
Roboflow_Classifier_train_102A10118_jpg.rf.a987f0c81eac6cbf46dc82eb330ee9f5.jpg,1,21.66,0,2
Roboflow_Classifier_train_102A10118_jpg.rf.cde5a3482d94a6485b91fe8da7808da4.jpg,3,33.51,0,1
Roboflow_Classifier_train_102A10122_jpg.rf.259b6411bb84e7492a703b1c21247dd7.jpg,1,6.42,0,0
Roboflow_Classifier_train_102A10122_jpg.rf.625ca954e86e82b65661abcb1fa290d9.jpg,2,4.94,0,0
Roboflow_Classifier_train_102A10122_jpg.rf.aeb42be5469fa5497fa84daa8a39fce8.jpg,2,19.11,0,5
Roboflow_Classifier_train_102A10128_jpg.rf.592e5a28de8afb5d1369a61a1d163a18.jpg,2,5.39,0,4
Roboflow_Classifier_train_102A10128_jpg.rf.8021b7f8a1a912d4e8dc41b6dfee493c.jpg,1,31.05,0,1
Roboflow_Classifier_train_102A10128_jpg.rf.fd016e19635c6ad10631e5eb00676766.jpg,1,14.79,0,5
Roboflow_Classifier_train_102A10137_jpg.rf.0823425cce5a4beafca2937b3ba03e4f.jpg,3,2.45,0,4
Roboflow_Classifier_train_102A10137_jpg.rf.aebc01da509087b4d04abceae2634e65.jpg,2,1.81,0,4
Roboflow_Classifier_train_102A10137_jpg.rf.b57537a74d3298a933fffdef9ffef6d9.jpg,2,18.64,0,8
Roboflow_Classifier_train_102A10140_jpg.rf.8ce89534f58cced0f795095785e9eb18.jpg,0,5.73,0,3
Roboflow_Classifier_train_102A10140_jpg.rf.ba9e8660473d3a39d4dc6f09a9535a5d.jpg,2,18.28,0,8
Roboflow_Classifier_train_102A10140_jpg.rf.f3a70cae91e39fbfd22ba8806f36fd54.jpg,2,2.79,0,4
Roboflow_Classifier_train_102A10153_jpg.rf.5fbec521be42e6ddb70b6e8a8145b3d2.jpg,0,4.44,0,4
Roboflow_Classifier_train_102A10153_jpg.rf.6eda06c839e9687dd5a353f74568e5da.jpg,2,19.38,0,7
Roboflow_Classifier_train_102A10153_jpg.rf.b016c871afba296bfc9e07b2154b76fc.jpg,2,24.98,0,7
Roboflow_Classifier_train_102A10159_jpg.rf.32d43c4d51e779afef30304cb95bc15f.jpg,2,1.66,0,9
Roboflow_Classifier_train_102A10159_jpg.rf.5080b8254b62769644ed0718b56ec7f7.jpg,2,4.59,0,4
Roboflow_Classifier_train_102A10159_jpg.rf.9c1a1f3a021fcca6928df274ea54d6f9.jpg,2,41.58,0,2
Roboflow_Classifier_train_102A10161_jpg.rf.001fa8fdf67734fee79c318c50958374.jpg,2,10.17,0,8
Roboflow_Classifier_train_102A10161_jpg.rf.154ca0b6138d4c7f092cbbd10dfe89e2.jpg,2,21.06,0,8
Roboflow_Classifier_train_102A10161_jpg.rf.a49129501ffde416021289056c29d16a.jpg,2,1.51,0,9
Roboflow_Classifier_train_102A10166_jpg.rf.0ed29f5ed1072ab2bca53b06999f360b.jpg,1,4.81,0,0
Roboflow_Classifier_train_102A10166_jpg.rf.209655a382eefacbce5d1f93078ce3c5.jpg,2,18.79,0,8
Roboflow_Classifier_train_102A10166_jpg.rf.2a130e772f3df52d721603ea409fd5d2.jpg,1,17.36,0,5
Roboflow_Classifier_train_102A10168_jpg.rf.565a33b7e66d1d1c5af6bc07af8cfb4e.jpg,2,11.51,0,5
Roboflow_Classifier_train_102A10168_jpg.rf.cf42e2721416ce5dac0b2040b3d87b1b.jpg,2,18.83,0,8
Roboflow_Classifier_train_102A10168_jpg.rf.f4e04f919bbd0893a0a2c84f569137ee.jpg,1,1.63,0,9
Roboflow_Classifier_train_102A10181_jpg.rf.423f40de5aa6e6687d08a147bd0a1b33.jpg,2,5.07,0,3
Roboflow_Classifier_train_102A10181_jpg.rf.577583ea2a16d722e3e15fb8ce39ac0e.jpg,1,5.0,0,6
Roboflow_Classifier_train_102A10181_jpg.rf.63bc647c398e84d246ec9eae9ceed7de.jpg,2,16.74,0,8
Roboflow_Classifier_train_102A10187_jpg.rf.0292286a78cc7becb5ced030f11f2b55.jpg,2,23.94,0,7
Roboflow_Classifier_train_102A10187_jpg.rf.1bc7d1825196561650fe391ee2a97c30.jpg,2,3.93,0,3
Roboflow_Classifier_train_102A10187_jpg.rf.c6718c6500012a9bc1017855f968bc8d.jpg,2,13.16,0,7
Roboflow_Classifier_train_102A10189_jpg.rf.1f2e96e78887acfe038642eb7ce5c0a5.jpg,1,22.96,0,2
Roboflow_Classifier_train_102A10189_jpg.rf.5a1a8f6a0e4fe2038a27dfc349186d26.jpg,0,26.61,0,7
Roboflow_Classifier_train_102A10189_jpg.rf.7d3312458806a77afb2d83d2bfed2467.jpg,3,33.54,0,8
Roboflow_Classifier_train_102A10191_jpg.rf.526c0626eb3166a6f489538ef2dd8015.jpg,1,13.72,0,5
Roboflow_Classifier_train_102A10191_jpg.rf.78a5e3ea11e62eec3b301f1e9b4f4b14.jpg,2,3.6,0,0
Roboflow_Classifier_train_102A10191_jpg.rf.c01a23572a5a139219c21e17e782bdd7.jpg,2,5.0,0,6
Roboflow_Classifier_train_102A10193_jpg.rf.80b6c08c35f9ee9a7c3800e9f212196c.jpg,1,7.04,0,0
Roboflow_Classifier_train_102A10193_jpg.rf.dceb0f07bf6d6e5b969ba78978a01b33.jpg,0,17.46,0,5
Roboflow_Classifier_train_102A10193_jpg.rf.de60eae3a8d56e73fb539509d7c2dc2e.jpg,1,34.42,0,1
Roboflow_Classifier_train_102A10200_jpg.rf.5ee186845985b8b9a1583d4de69370dd.jpg,1,5.37,0,3
Roboflow_Classifier_train_102A10200_jpg.rf.66e44c241379e3fdeb7a5314be0357b2.jpg,2,3.91,0,0
Roboflow_Classifier_train_102A10200_jpg.rf.b4df6bc8fd9d6d749cd63ab532fc1f1a.jpg,2,3.76,0,4
Roboflow_Classifier_train_102A10205_jpg.rf.08ee525f6ed29086ab109704a7f945b4.jpg,2,1.61,0,9
Roboflow_Classifier_train_102A10205_jpg.rf.5a4ad639b2ff5e6aedbc4d3b15146e2a.jpg,2,4.7,0,3
Roboflow_Classifier_train_102A10205_jpg.rf.7c10bb3522330926ac4b7ae5dda1e0a6.jpg,2,3.56,0,0
Roboflow_Classifier_train_102A10211_jpg.rf.691382d50a24af2d1580151c2aa3a8a8.jpg,2,12.21,0,5
Roboflow_Classifier_train_102A10211_jpg.rf.6a8dfffe420edc8b03700302c922a4b6.jpg,2,35.54,0,2
Roboflow_Classifier_train_102A10211_jpg.rf.eb308696f11902d0149d8c53e76468e2.jpg,2,13.1,0,6
Roboflow_Classifier_train_102A10221_jpg.rf.a3314799a548cbb5fda82ed059041216.jpg,2,1.76,0,9
Roboflow_Classifier_train_102A10221_jpg.rf.f64984ff2c987402ab8ad8dea65cb0b5.jpg,2,16.27,0,8
Roboflow_Classifier_train_102A10221_jpg.rf.f7c32820bb2adeb91ef38f88b35217a2.jpg,3,35.63,0,2
Roboflow_Classifier_train_102A10227_jpg.rf.cc3ded50777fa7236381947ecc47f51c.jpg,2,21.33,0,1
Roboflow_Classifier_train_102A10227_jpg.rf.d8e06d05d64c1824965f7f54831c3d0f.jpg,2,1.64,0,9
Roboflow_Classifier_train_102A10227_jpg.rf.edd77b7ba79d2ac044256cf180b93854.jpg,3,29.89,0,7
Roboflow_Classifier_train_102A10230_jpg.rf.5c58352e819f340732cc058a22610891.jpg,2,3.93,0,0
Roboflow_Classifier_train_102A10230_jpg.rf.62ec1fa7475af962fcae5aa9d11f79dd.jpg,1,14.62,0,5
Roboflow_Classifier_train_102A10230_jpg.rf.c58530ea81e10c618b4f1dc004de8268.jpg,2,3.39,0,0
Roboflow_Classifier_train_102A10237_jpg.rf.337677b60b46dbfeb1a99ddccd833fd9.jpg,0,3.65,0,0
Roboflow_Classifier_train_102A10237_jpg.rf.946879dbb0e1664f934b0b51edf6ed1f.jpg,2,6.08,0,4
Roboflow_Classifier_train_102A10237_jpg.rf.c9b2abb9de276454a4dbecfe4d3fc938.jpg,0,29.62,0,6
Roboflow_Classifier_train_102A10245_jpg.rf.6c91ab8851b00596a2ca39af9c328044.jpg,1,19.6,0,8
Roboflow_Classifier_train_102A10245_jpg.rf.aba3b689777df325a5f7794cb0cf44e5.jpg,1,39.26,0,2
Roboflow_Classifier_train_102A10245_jpg.rf.d148dfe24b5ee9d1b81023cf2a91ac57.jpg,0,11.76,0,8
Roboflow_Classifier_train_102A10261_jpg.rf.1328986a81c6eb48c0bd1b9ad3f9116f.jpg,2,3.07,0,4
Roboflow_Classifier_train_102A10261_jpg.rf.461ededc16737d9e8299d966f7e91ad7.jpg,2,4.5,0,0
Roboflow_Classifier_train_102A10261_jpg.rf.ffe656630fcf27db9edf4eb042150cff.jpg,1,4.77,0,0
Roboflow_Classifier_train_102A10268_jpg.rf.dbe4a3f2656161b65a5c01798d94ae2d.jpg,2,1.92,0,9
Roboflow_Classifier_train_102A10268_jpg.rf.f1df7e689bda209a6dc26082e87cfb42.jpg,1,49.54,0,1
Roboflow_Classifier_train_102A10268_jpg.rf.ff9e667ad332c2cda316f0e6f1fa42f0.jpg,1,5.46,0,4
Roboflow_Classifier_train_102A10277_jpg.rf.62b362c121d75bd3c74601f380f9ba5f.jpg,2,1.47,0,9
Roboflow_Classifier_train_102A10277_jpg.rf.7b871991713c921768a4c7af836e4c1c.jpg,1,1.5,0,4
Roboflow_Classifier_train_102A10277_jpg.rf.dc564e5ee2303e099f6b91f2af13ca7f.jpg,1,15.14,0,6
Roboflow_Classifier_train_102A10279_jpg.rf.1466affa548ca0f0c0da87a9a85dc02b.jpg,2,1.53,0,9
Roboflow_Classifier_train_102A10279_jpg.rf.388f4c741cd4a7a02cb8d54067b080d5.jpg,2,10.89,0,1
Roboflow_Classifier_train_102A10279_jpg.rf.94809a401fd578f6dff420abcc571ed3.jpg,2,18.91,0,8
Roboflow_Classifier_train_102A10281_jpg.rf.27727ff2da90f241055a13bf3d525455.jpg,2,5.52,0,0
Roboflow_Classifier_train_102A10281_jpg.rf.b3826eac370eb26f2b695452c31f1ffe.jpg,2,5.0,0,6
Roboflow_Classifier_train_102A10281_jpg.rf.edf21d0420676c425efcc2beb82d8620.jpg,1,4.04,0,3
Roboflow_Classifier_train_102A10282_jpg.rf.34b930d991b432ddc68e349ecb1b27af.jpg,2,9.52,0,5
Roboflow_Classifier_train_102A10282_jpg.rf.479ed2f3e634e230189b00cc1843e1ff.jpg,1,7.53,0,5
Roboflow_Classifier_train_102A10282_jpg.rf.e93169816da5ebf1e2b51dbd517a5a11.jpg,2,3.64,0,4
Roboflow_Classifier_train_102A10285_jpg.rf.49d6db5e243e308189f661bf0aea2b47.jpg,2,29.34,0,7
Roboflow_Classifier_train_102A10285_jpg.rf.8b48fbc7dade58e243fc96eaba378f3a.jpg,1,14.62,0,8
Roboflow_Classifier_train_102A10285_jpg.rf.c28a4a3115640c760e0c7cb25c8eed14.jpg,2,31.01,0,2
Roboflow_Classifier_train_102A10287_jpg.rf.2fae6ffa02d1b96236831d4e6d80e0b3.jpg,2,17.33,0,6
Roboflow_Classifier_train_102A10287_jpg.rf.3f1c9c4518cc195413d7d3295e220803.jpg,1,4.62,0,4
Roboflow_Classifier_train_102A10287_jpg.rf.fcd68dfae4fcabb5b55fe7b137d3b861.jpg,2,5.3,0,3
Roboflow_Classifier_train_102A10290_jpg.rf.1093eb311a6bbfc7757b07c0800a4897.jpg,1,12.76,0,5
Roboflow_Classifier_train_102A10290_jpg.rf.3719f01932ceef4234d2991434e7de4d.jpg,2,4.8,0,4
Roboflow_Classifier_train_102A10290_jpg.rf.f6a0be2ae6ec8e60cec9170466adbbb1.jpg,1,0.84,0,9
Roboflow_Classifier_train_102A10294_jpg.rf.3293c3213545840e97ab15f1d74d5c46.jpg,3,15.27,0,5
Roboflow_Classifier_train_102A10294_jpg.rf.7e6dabed78df2efc72b548ad76198010.jpg,0,7.78,0,0
Roboflow_Classifier_train_102A10294_jpg.rf.ef572f635ea3041ea33658806dff95d4.jpg,2,5.54,0,4
Roboflow_Classifier_train_102A10298_jpg.rf.64d648b52dc03ddf49b41573c5023065.jpg,2,8.65,0,6
Roboflow_Classifier_train_102A10298_jpg.rf.ba8926ef9c411c814a5f1b428ec2678e.jpg,2,3.54,0,4
Roboflow_Classifier_train_102A10298_jpg.rf.cdaa6b716a2bb10cec8b15bf4bac631a.jpg,2,4.63,0,4
Roboflow_Classifier_train_102A10304_jpg.rf.1e1023f7f511168c2c10a3c2fab7c11c.jpg,2,12.91,0,5
Roboflow_Classifier_train_102A10304_jpg.rf.3c573bbde0d5f7bac6e0910e443995b4.jpg,2,18.43,0,8
Roboflow_Classifier_train_102A10304_jpg.rf.455b208f1a25c7788d0f583931049c29.jpg,0,15.54,0,7
Roboflow_Classifier_train_102A10310_jpg.rf.980af4fcd1a126e8868278aef0f20a22.jpg,1,15.41,0,8
Roboflow_Classifier_train_102A10310_jpg.rf.a420bd42d12096f9cf849f8eb2082196.jpg,2,38.21,0,2
Roboflow_Classifier_train_102A10310_jpg.rf.b47d2d3bc0dce5813c76404e81556871.jpg,2,14.86,0,5
Roboflow_Classifier_train_102A10316_jpg.rf.0fe7e1b69a0d7819145a2ab158687706.jpg,1,26.13,0,2
Roboflow_Classifier_train_102A10316_jpg.rf.a57d58a1f576b863c0d350ee8f86ac01.jpg,2,3.11,0,0
Roboflow_Classifier_train_102A10316_jpg.rf.cca9fc50fd13944fab427986f5fd31b1.jpg,2,5.0,0,6
Roboflow_Classifier_train_102A10321_jpg.rf.1e713bd236d5fae8ff8c5a40acadb7fb.jpg,1,1.91,0,9
Roboflow_Classifier_train_102A10321_jpg.rf.c944a0b49f5bd6033450791914b5bd56.jpg,2,23.56,0,1
Roboflow_Classifier_train_102A10321_jpg.rf.df9eec4d4a9f029cf66d06dd46113214.jpg,1,19.65,0,6
Roboflow_Classifier_train_102A10334_jpg.rf.03fe2c8b1b0c4e247c3c45ff4b401789.jpg,2,5.0,0,6
Roboflow_Classifier_train_102A10334_jpg.rf.2f54c5a13ee5d6113db969717ae9fa00.jpg,2,12.08,0,5
Roboflow_Classifier_train_102A10334_jpg.rf.b553250b3b950e91c5888d2e52108cb9.jpg,3,16.27,0,6
Roboflow_Classifier_train_102A10338_jpg.rf.2dc9e48c7e9b8496d4bbbf10a42536be.jpg,2,1.23,0,9
Roboflow_Classifier_train_102A10338_jpg.rf.77bc57df186fbc1b5cb3c84a6c1fb82d.jpg,2,33.7,0,7
Roboflow_Classifier_train_102A10338_jpg.rf.884a83f44b21cdaf1506647a441de6e3.jpg,1,11.45,0,7
Roboflow_Classifier_train_102A10341_jpg.rf.6a13b865461fc76b0b3ec76823498d86.jpg,2,35.01,0,2
Roboflow_Classifier_train_102A10341_jpg.rf.9b2f43698e8d81c363caf497fb91072d.jpg,1,21.18,0,8
Roboflow_Classifier_train_102A10341_jpg.rf.d53c574944cc69b75d47d552c6c70fcf.jpg,2,22.07,0,1
Roboflow_Classifier_train_102A10342_jpg.rf.9eebbabe7bc704d43ad934fa5146e85a.jpg,2,6.22,0,0
Roboflow_Classifier_train_102A10342_jpg.rf.a092a19cddb95f0fd20f118bb2248bff.jpg,2,4.29,0,3
Roboflow_Classifier_train_102A10342_jpg.rf.e6f5da64a8904554a02b353dfec87700.jpg,1,22.42,0,5
Roboflow_Classifier_train_102A10346_jpg.rf.23ae23ad4a2a61f68d17f8b9c4e321b0.jpg,0,8.5,0,5
Roboflow_Classifier_train_102A10346_jpg.rf.5876978457c3f71573b8c2592adf701b.jpg,0,33.64,0,1
Roboflow_Classifier_train_102A10346_jpg.rf.e158c87e5a949ad376435ac659d91c99.jpg,2,0.53,0,9
Roboflow_Classifier_train_102A10348_jpg.rf.1779a4e3b6847ebe58fc667aedcc4d57.jpg,1,17.95,0,7
Roboflow_Classifier_train_102A10348_jpg.rf.5add9b09bd47834d1d682b40de40ffdd.jpg,2,8.0,0,8
Roboflow_Classifier_train_102A10348_jpg.rf.8ca2da8c1247e10dcc0a8530c5ba56cd.jpg,2,35.87,0,2
Roboflow_Classifier_train_102A10352_jpg.rf.15b5affbc74a83f7a9a2015fdb4e2df7.jpg,2,3.29,0,4
Roboflow_Classifier_train_102A10352_jpg.rf.58793baba9edd21e0eb8ddc5c3cb6b9e.jpg,2,5.09,0,0
Roboflow_Classifier_train_102A10352_jpg.rf.70b891ea6e09d1de7f8c161efb26d2a4.jpg,2,15.78,0,5
Roboflow_Classifier_train_102A10358_jpg.rf.0a700f40c52c2833ded5aaad3e362cc9.jpg,1,26.53,0,7
Roboflow_Classifier_train_102A10358_jpg.rf.7640289d2ec4095f637cce691323931a.jpg,3,15.58,0,5
Roboflow_Classifier_train_102A10358_jpg.rf.cf30a4e57bf815d063f2dc9b4d206722.jpg,2,3.09,0,0
Roboflow_Classifier_train_102A10360_jpg.rf.4bbf71f304397785a48679e9975c4926.jpg,2,22.24,0,8
Roboflow_Classifier_train_102A10360_jpg.rf.78a377e375266ebba7bf8274c66dba86.jpg,3,39.12,0,1
Roboflow_Classifier_train_102A10360_jpg.rf.d7f5b0a858f15fabd2f15b8c8f92287b.jpg,3,5.61,0,0
Roboflow_Classifier_train_102A10362_jpg.rf.518ac4466be0d754c51e019e9b83b504.jpg,2,17.33,0,5
Roboflow_Classifier_train_102A10362_jpg.rf.bd8519409f000bbb2cc15e0f4ae2b4ea.jpg,0,13.85,0,8
Roboflow_Classifier_train_102A10362_jpg.rf.f93f0367099870f734fa413b387c5382.jpg,2,3.76,0,4
Roboflow_Classifier_train_102A10367_jpg.rf.09dd2945d93f8e60743f042880196767.jpg,2,5.1,0,3
Roboflow_Classifier_train_102A10367_jpg.rf.6650bd373e7c3df1047e1caa23c2e875.jpg,0,1.27,0,9
Roboflow_Classifier_train_102A10367_jpg.rf.e18802d58a8b122cc9798aadc16cc73b.jpg,2,5.0,0,6
Roboflow_Classifier_train_102A10371_jpg.rf.037ab3175db04a0903b6b682dd078edc.jpg,2,5.0,0,6
Roboflow_Classifier_train_102A10371_jpg.rf.2bb4a44416b51b94803b5b43293b8498.jpg,2,2.19,0,9
Roboflow_Classifier_train_102A10371_jpg.rf.4e7e2fc40ba752dd874984a0b35010ba.jpg,2,33.75,0,1
Roboflow_Classifier_train_102A10378_jpg.rf.2d9bc242f6806f87aa718470a495a2c4.jpg,1,16.37,0,5
Roboflow_Classifier_train_102A10378_jpg.rf.58534e3d4101d74a8dff864ec6fe18b5.jpg,2,18.52,0,5
Roboflow_Classifier_train_102A10378_jpg.rf.7e162f1e966c6b3be92c14ff7d5b54ec.jpg,1,4.39,0,0
Roboflow_Classifier_train_102A10381_jpg.rf.161f47ceeefc2156a6f3c2a9094e9491.jpg,0,3.51,0,3
Roboflow_Classifier_train_102A10381_jpg.rf.3ef4ba26c4b406a3d00647796c5aae04.jpg,2,2.25,0,4
Roboflow_Classifier_train_102A10381_jpg.rf.5ef7b8b98083ade1eb90f5b4310b8b17.jpg,2,2.47,0,9
Roboflow_Classifier_train_102A10382_jpg.rf.14640612482821640b6b08ac22644623.jpg,1,38.78,0,2
Roboflow_Classifier_train_102A10382_jpg.rf.4c9458d08be26138f6b9427b5c0003a2.jpg,1,5.07,0,0
Roboflow_Classifier_train_102A10382_jpg.rf.d96f1fd52fd1ff7d1114ee94eae171fd.jpg,1,3.28,0,3
Roboflow_Classifier_train_102A10385_jpg.rf.442e8b3a2fbe638e6c5077ecb119f8c9.jpg,2,2.18,0,9
Roboflow_Classifier_train_102A10385_jpg.rf.89a2ddba89e4b417c4ef45736eeaf62a.jpg,2,8.21,0,6
Roboflow_Classifier_train_102A10385_jpg.rf.b407d91247e4cd0be288992b127717d6.jpg,3,4.07,0,0
Roboflow_Classifier_train_102A10387_jpg.rf.04c5b69906f386d2e1d0d0cb171c458b.jpg,2,22.93,0,8
Roboflow_Classifier_train_102A10387_jpg.rf.428fbea46ae4499efd0c5c3df3e5cb12.jpg,2,18.53,0,6
Roboflow_Classifier_train_102A10387_jpg.rf.59b4342ace55b2cac017b4b1eb07100b.jpg,2,3.55,0,3
Roboflow_Classifier_train_102A10389_jpg.rf.02be374da6b41b9ad99e3bf1b0839ac7.jpg,2,2.38,0,9
Roboflow_Classifier_train_102A10389_jpg.rf.28a1bce8cdf7666175cc7453e21efa0b.jpg,2,2.01,0,9
Roboflow_Classifier_train_102A10389_jpg.rf.c35a978d6b3f12aff4051039bb7d551b.jpg,3,1.44,0,3
Roboflow_Classifier_train_102A10391_jpg.rf.4eeee116500dea6deee87b31d27448dd.jpg,0,1.5,0,0
Roboflow_Classifier_train_102A10391_jpg.rf.820527dd1e69bea1769d6c744623867a.jpg,1,18.4,0,7
Roboflow_Classifier_train_102A10391_jpg.rf.8ff85f75aadef024328629622a1f12eb.jpg,2,4.31,0,0
Roboflow_Classifier_train_102A10396_jpg.rf.20f03728cc2283dce639a7599c20fc59.jpg,2,17.28,0,5
Roboflow_Classifier_train_102A10396_jpg.rf.3dba2db350e5d454f43db108dedd5118.jpg,1,20.07,0,6
Roboflow_Classifier_train_102A10396_jpg.rf.d728bd19cdf28f0a806ca98dfd319717.jpg,2,3.19,0,3
Roboflow_Classifier_train_102A10413_jpg.rf.37d636abf95d9012fbea64eeeb3f54a0.jpg,1,1.5,0,4
Roboflow_Classifier_train_102A10413_jpg.rf.94060f4b06891ccd3bdc512edaa7441f.jpg,2,38.99,0,2
Roboflow_Classifier_train_102A10413_jpg.rf.d55461cd19421c7c9a4f20b464a04278.jpg,2,2.59,0,4
Roboflow_Classifier_train_102A10422_jpg.rf.0e0554c5ebb064b2a7783ea644ecb16e.jpg,1,10.0,0,1
Roboflow_Classifier_train_102A10422_jpg.rf.97c5623bc65ff80437d59c7ee7be2fbf.jpg,3,52.08,0,2
Roboflow_Classifier_train_102A10422_jpg.rf.ba6c88481d7f99934f4e321a1d478f2f.jpg,3,3.96,0,0
Roboflow_Classifier_train_102A10429_jpg.rf.00116a2c6f86de29b94f0feadc582145.jpg,1,27.84,0,2
Roboflow_Classifier_train_102A10429_jpg.rf.1729c1314dc14ca7674c065ea26bfecd.jpg,2,14.08,0,5
Roboflow_Classifier_train_102A10429_jpg.rf.e1637d3f91aad6b95b86081ded04b5af.jpg,2,12.85,0,7
Roboflow_Classifier_train_102A10431_jpg.rf.188a22732c2d13ad52667abf7facda92.jpg,1,14.02,0,8
Roboflow_Classifier_train_102A10431_jpg.rf.c1e9136afa9060f7abf159228d6b566d.jpg,1,24.75,0,1
Roboflow_Classifier_train_102A10431_jpg.rf.f70bd6517ce6fb0010a84a4a76858c61.jpg,1,17.8,0,7
Roboflow_Classifier_train_102A10434_jpg.rf.028c934006457631c0ae926134ba5c36.jpg,0,1.98,0,4
Roboflow_Classifier_train_102A10434_jpg.rf.64c4432f50a84189547a47e2d2d661b8.jpg,2,28.36,0,2
Roboflow_Classifier_train_102A10434_jpg.rf.b163b426c9b51d23046df3053906c8bf.jpg,2,10.0,0,2
Roboflow_Classifier_train_102A9683_jpg.rf.3c873a92a3d88a3aafdb2465ca7cb31c.jpg,0,32.25,0,7
Roboflow_Classifier_train_102A9683_jpg.rf.7c4c08ff38c23f48c4ec1b78eec40084.jpg,2,3.8,0,4
Roboflow_Classifier_train_102A9683_jpg.rf.e4bc06f6ebea68fee60946303a6b7141.jpg,1,31.58,0,2
Roboflow_Classifier_train_102A9697_jpg.rf.29f243fb23fcd859bade43b0b84cc24f.jpg,2,5.26,0,6
Roboflow_Classifier_train_102A9697_jpg.rf.8d2901f9d0a28e1ca0d0ea74623079fe.jpg,2,20.37,0,5
Roboflow_Classifier_train_102A9697_jpg.rf.9af83d0416c399a4693943e6f0cbc984.jpg,1,2.54,0,4
Roboflow_Classifier_train_102A9704_jpg.rf.87013517d297d0e12d34369e2771cd1f.jpg,1,6.5,0,3
Roboflow_Classifier_train_102A9704_jpg.rf.c03c673cfc88dd2ab1616ee257e83f40.jpg,1,16.73,0,6
Roboflow_Classifier_train_102A9704_jpg.rf.d0491940309371211c93612216722a53.jpg,1,18.7,0,5
Roboflow_Classifier_train_102A9720_jpg.rf.136df35510497e0b70359fa38ade97df.jpg,1,6.78,0,3
Roboflow_Classifier_train_102A9720_jpg.rf.91c6ef4fc47600aec05030041a3d6ffd.jpg,2,2.06,0,9
Roboflow_Classifier_train_102A9720_jpg.rf.d9424d61d394fc127dea9afe74ec0df3.jpg,2,2.46,0,3
Roboflow_Classifier_train_102A9732_jpg.rf.5f2ac1fe76d8813c582eee43cb7f4880.jpg,2,2.05,0,4
Roboflow_Classifier_train_102A9732_jpg.rf.aa7df7bd85cfbbef2994cfde8f64d0db.jpg,2,3.24,0,4
Roboflow_Classifier_train_102A9732_jpg.rf.c4f7304d70b20a950efa372705f6b1d1.jpg,2,15.32,0,7
Roboflow_Classifier_train_102A9766_jpg.rf.2f8eed12623eac3f45ae297ceca0771e.jpg,1,19.32,0,1
Roboflow_Classifier_train_102A9766_jpg.rf.479e9fc4e47043d1c6b196ad2d4014a8.jpg,2,24.9,0,7
Roboflow_Classifier_train_102A9766_jpg.rf.8ae829588da6a28bcc67662901713640.jpg,1,32.42,0,1
Roboflow_Classifier_train_102A9799_jpg.rf.5eac40d016062fd34bb0c0032cdb3f2d.jpg,2,42.52,0,2
Roboflow_Classifier_train_102A9799_jpg.rf.64c2f4a465d4fcd6274a7bc02bb7c330.jpg,1,11.78,0,1
Roboflow_Classifier_train_102A9799_jpg.rf.b86847e20c23406f81f17320d86f3afc.jpg,2,10.35,0,8
Roboflow_Classifier_train_102A9813_jpg.rf.477216e02a3f3b8f221da30f1bbe11cc.jpg,1,22.43,0,2
Roboflow_Classifier_train_102A9813_jpg.rf.819226ac19a3cbd3e4aaf97c12eb6d8a.jpg,2,6.61,0,3
Roboflow_Classifier_train_102A9813_jpg.rf.8e5db0485a846f6bf8e54fc2362c796b.jpg,1,2.45,0,9
Roboflow_Classifier_train_102A9818_jpg.rf.58dc684527552df3519ee0d8162d9ec2.jpg,0,6.94,0,6
Roboflow_Classifier_train_102A9818_jpg.rf.8292dc0d61e50edfc66ac0e1861eb3a1.jpg,0,3.38,0,4
Roboflow_Classifier_train_102A9818_jpg.rf.fff85aa0552c2e99cdabc17f504c4e9a.jpg,3,7.02,0,0
Roboflow_Classifier_train_102A9824_jpg.rf.2fcbcee8f16d94e4dc88a8a170f0d43c.jpg,2,1.43,0,9
Roboflow_Classifier_train_102A9824_jpg.rf.a6c26126da0c87152baf9bd79ce48d61.jpg,2,7.19,0,0
Roboflow_Classifier_train_102A9824_jpg.rf.cfcc3b77fa0f46147c74cd5270d58e1b.jpg,1,16.81,0,7
Roboflow_Classifier_train_102A9825_jpg.rf.98cf204c24a6287ca5bc9b7a40fae050.jpg,2,3.22,0,0
Roboflow_Classifier_train_102A9825_jpg.rf.dc315b539a5e1c76a1d96fc1e5bf4f57.jpg,2,5.34,0,0
Roboflow_Classifier_train_102A9825_jpg.rf.ed38100afcdd0747456ac62bc9df99d7.jpg,2,21.7,0,8
Roboflow_Classifier_train_102A9827_jpg.rf.14dccba302c82e6013be55f68831df4b.jpg,1,17.15,0,7
Roboflow_Classifier_train_102A9827_jpg.rf.29256adf18f77ea75449a90015ebe318.jpg,2,13.02,0,6
Roboflow_Classifier_train_102A9827_jpg.rf.dc1fb402a4d05a8164c5df8c20f0be50.jpg,1,9.0,0,8
Roboflow_Classifier_train_102A9830_jpg.rf.24d0d4febedd61bd5af2032ee5414177.jpg,1,13.21,0,5
Roboflow_Classifier_train_102A9830_jpg.rf.5232444ef1f335a91f5fae33f85dcee8.jpg,2,4.02,0,4
Roboflow_Classifier_train_102A9830_jpg.rf.a5861bae56cd667c80b6efcdad92d345.jpg,1,10.0,0,7
Roboflow_Classifier_train_102A9834_jpg.rf.14fbd10c7cd2ddb80d2a170a2d22f828.jpg,1,17.8,0,8
Roboflow_Classifier_train_102A9834_jpg.rf.54a017c147f7a910541029b4175106f6.jpg,2,5.47,0,4
Roboflow_Classifier_train_102A9834_jpg.rf.e672acd26f049946b7d2c9f8e4b4ca89.jpg,2,1.95,0,4
Roboflow_Classifier_train_102A9837_jpg.rf.7f1243822c8be9961ad95be56331799a.jpg,2,32.66,0,2
Roboflow_Classifier_train_102A9837_jpg.rf.8489a758a77cb3ec540c75cd683f5dba.jpg,1,10.0,0,7
Roboflow_Classifier_train_102A9837_jpg.rf.a88447b9c514b94268d7ec5132454fb2.jpg,2,18.1,0,5
Roboflow_Classifier_train_102A9841_jpg.rf.399deb496f1e54b6446648a9950ad499.jpg,0,20.83,0,7
Roboflow_Classifier_train_102A9841_jpg.rf.e1e85ff01e0d4935c00293355bfa4e2b.jpg,1,19.91,0,8
Roboflow_Classifier_train_102A9841_jpg.rf.f2ea11ff2bc4073f25de89267f1b4ad7.jpg,0,3.27,0,0
Roboflow_Classifier_train_102A9856_jpg.rf.a32c2f90922ba2dd6382552fea13d743.jpg,1,5.24,0,0
Roboflow_Classifier_train_102A9856_jpg.rf.e6c54b445c2ecd23f8cb3d66346f2f54.jpg,1,11.95,0,1
Roboflow_Classifier_train_102A9856_jpg.rf.e6e9afb4cbf05044e4f264036ef38c92.jpg,2,17.21,0,7
Roboflow_Classifier_train_102A9861_jpg.rf.95311f3a59932b09b42ed4eb63cdde9b.jpg,1,15.6,0,5
Roboflow_Classifier_train_102A9861_jpg.rf.f1960e67df625b6ca98adff744c22833.jpg,2,14.29,0,6
Roboflow_Classifier_train_102A9861_jpg.rf.f592046d628e3a8900a197a2692c7735.jpg,0,19.6,0,7
Roboflow_Classifier_train_102A9880_jpg.rf.3c0c658e08e0f3bfd059acedbede22fe.jpg,1,4.32,0,3
Roboflow_Classifier_train_102A9880_jpg.rf.5c5ef6d83aa101ebc8fe354bf073a4a3.jpg,2,11.76,0,7
Roboflow_Classifier_train_102A9880_jpg.rf.e843ac276515ccfefe078958693b05aa.jpg,1,17.69,0,5
Roboflow_Classifier_train_102A9891_jpg.rf.5ba0d9306d8d16de2867d2adda807039.jpg,2,30.79,0,2
Roboflow_Classifier_train_102A9891_jpg.rf.60c78e95446e5c9763756d578a1d77dc.jpg,2,21.9,0,1
Roboflow_Classifier_train_102A9891_jpg.rf.be7399d855ec35dc0845e2360f8e1f50.jpg,1,0.71,0,9
Roboflow_Classifier_train_102A9897_jpg.rf.1d93008d0cb7ab25557f3c06783ca364.jpg,2,39.06,0,2
Roboflow_Classifier_train_102A9897_jpg.rf.2d396e11628e4e05aa557b0a13692c53.jpg,2,26.4,0,2
Roboflow_Classifier_train_102A9897_jpg.rf.4638f19f0e06cfde3a9e122e3ac3151e.jpg,2,5.0,0,6
Roboflow_Classifier_train_102A9912_jpg.rf.119ec16aeb4b01272f87e062f823f0a4.jpg,2,6.92,0,0
Roboflow_Classifier_train_102A9912_jpg.rf.4ebd8a0ade9f035cec534003348135c4.jpg,1,29.32,0,2
Roboflow_Classifier_train_102A9912_jpg.rf.c638aa3e62806fd7a6dc2c2ef8ab5af9.jpg,2,2.87,0,4
Roboflow_Classifier_train_102A9917_jpg.rf.5a97db5d18bc8e19cf6be167b11b0002.jpg,2,2.07,0,9
Roboflow_Classifier_train_102A9917_jpg.rf.deb452280d3489e43fdd5ecb39b5dfe9.jpg,1,1.73,0,3
Roboflow_Classifier_train_102A9917_jpg.rf.f6bf10dd4d9b82670e13eec5d265b300.jpg,1,2.22,0,9
Roboflow_Classifier_train_102A9923_jpg.rf.308f436ee449c6e531555a0adc3676bb.jpg,2,8.44,0,5
Roboflow_Classifier_train_102A9923_jpg.rf.495ac74ad9437a58c20269e835e01edc.jpg,1,6.99,0,0
Roboflow_Classifier_train_102A9923_jpg.rf.bc08fb1fda5cf8b2a6a4ffc158993deb.jpg,1,2.44,0,3
Roboflow_Classifier_train_102A9941_jpg.rf.28947d700896c63457e7997abb10eb8c.jpg,1,19.97,0,6
Roboflow_Classifier_train_102A9941_jpg.rf.455959c3db4652affffce44316ff94fd.jpg,1,1.45,0,9
Roboflow_Classifier_train_102A9941_jpg.rf.602605321b6d7376002b6c2dbe2d1527.jpg,1,18.22,0,6
Roboflow_Classifier_train_102A9954_jpg.rf.271de8d2d68999e2bfbcd98f1f0473d2.jpg,2,24.01,0,1
Roboflow_Classifier_train_102A9954_jpg.rf.4a3eef5747c5734302795b48aca2109f.jpg,2,30.58,0,1
Roboflow_Classifier_train_102A9954_jpg.rf.803e273c6c9be235413b8435ac607cd3.jpg,2,10.0,0,7
Roboflow_Classifier_train_102A9965_jpg.rf.6ec5661fcaf1ab3f22c67300223591a7.jpg,2,8.07,0,8
Roboflow_Classifier_train_102A9965_jpg.rf.76ee6d2ac7ba62a0a2a2e44184e2ba21.jpg,2,3.03,0,4
Roboflow_Classifier_train_102A9965_jpg.rf.d3bb0d86e1c5694e5fa3c7bba1e93056.jpg,2,29.08,0,1
Roboflow_Classifier_train_102A9976_jpg.rf.0d76ab9d1a8fd2f2f7a64bbb16aae1e1.jpg,2,24.73,0,2
Roboflow_Classifier_train_102A9976_jpg.rf.27e487e387c18676e485391a81d25f96.jpg,2,7.1,0,0
Roboflow_Classifier_train_102A9976_jpg.rf.e200c206ea9a87f85b21cded3f260d32.jpg,2,19.93,0,8
Roboflow_Classifier_train_102A9987_jpg.rf.4fc3274e2616ed9f9469fce6a046ae99.jpg,1,11.48,0,6
Roboflow_Classifier_train_102A9987_jpg.rf.a0e47fff2de8df5ed890662d0a35195f.jpg,0,18.46,0,7
Roboflow_Classifier_train_102A9987_jpg.rf.cc9bb061616a4229e566fcea90e252d3.jpg,1,6.58,0,6
Roboflow_Classifier_train_102A9996_jpg.rf.180a237bcab319158965397193673985.jpg,2,3.44,0,4
Roboflow_Classifier_train_102A9996_jpg.rf.4057c67260e6f3bdd3224a1ab63c4c17.jpg,0,31.3,0,7
Roboflow_Classifier_train_102A9996_jpg.rf.c2ed65b3b1c926ea60a73457a47f0257.jpg,3,1.5,0,9
Roboflow_Classifier_train_103A15469_jpg.rf.06dcc5097562b6bd72ca60fbacbdb5b2.jpg,2,3.13,0,4
Roboflow_Classifier_train_103A15469_jpg.rf.58455f1600b7565c5ff2f4852ec772c0.jpg,2,31.36,0,2
Roboflow_Classifier_train_103A15469_jpg.rf.8331759b63c4b0e770581d37b06a6589.jpg,2,19.93,0,7
Roboflow_Classifier_train_103A15471_jpg.rf.4fd748f0f556406860eff5675cdc640c.jpg,1,4.96,0,3
Roboflow_Classifier_train_103A15471_jpg.rf.ae3ecb91b9e13933d248e42c841c80e5.jpg,1,3.48,0,4
Roboflow_Classifier_train_103A15471_jpg.rf.f5da80c38bd6d10f6c3663f108018c89.jpg,2,0.76,0,9
Roboflow_Classifier_train_103A15701_jpg.rf.12def0ec685f1530de9c74e7c907760a.jpg,2,16.04,0,6
Roboflow_Classifier_train_103A15701_jpg.rf.379487c6b6db8e2d196283a85cd032d4.jpg,2,3.5,0,4
Roboflow_Classifier_train_103A15701_jpg.rf.c921acefc0c2a8f59a2aed8a9b564969.jpg,1,10.01,0,5
Roboflow_Classifier_train_103A15721_jpg.rf.11e8b7806528151e959b15fef57a1b57.jpg,2,25.14,0,8
Roboflow_Classifier_train_103A15721_jpg.rf.3cab91cbca21330b80cfa94cf8f1f907.jpg,0,22.83,0,8
Roboflow_Classifier_train_103A15721_jpg.rf.aa66543bbd34f04335dfcda28b9eea23.jpg,2,4.1,0,3
Roboflow_Classifier_train_103A15773_jpg.rf.4404f1504406e90398933fe749556e0f.jpg,2,1.94,0,9
Roboflow_Classifier_train_103A15773_jpg.rf.95713d95c19e12c4b1f2f16bf414282d.jpg,0,17.35,0,7
Roboflow_Classifier_train_103A15773_jpg.rf.ee62962b3dc832eeb7a03a4407b760f6.jpg,2,1.54,0,9
Roboflow_Classifier_train_103A15840_jpg.rf.3380dc489447d3edad4429eb2788f056.jpg,2,1.61,0,9
Roboflow_Classifier_train_103A15840_jpg.rf.40d7f6eeefea933d965bd0da4baa2bad.jpg,2,1.82,0,9
Roboflow_Classifier_train_103A15840_jpg.rf.bf10c7394e94b8dcf10d20a124544c4a.jpg,2,3.51,0,0
Roboflow_Classifier_train_103A15852_jpg.rf.2caeb456f7b745110fb637a269ed6cef.jpg,2,5.37,0,0
Roboflow_Classifier_train_103A15852_jpg.rf.75de7b9da697ac3db59712130a04f6f2.jpg,1,18.5,0,8
Roboflow_Classifier_train_103A15852_jpg.rf.e72b556d5c9ab61cb464d54dd9ef9494.jpg,3,2.53,0,4
Roboflow_Classifier_train_103A15879_jpg.rf.6086c669e125e4ae7f398c9b5da8f2c8.jpg,3,13.79,0,8
Roboflow_Classifier_train_103A15879_jpg.rf.ad95c1311ececac027124df002ce3d72.jpg,1,8.21,0,6
Roboflow_Classifier_train_103A15879_jpg.rf.fb9e0773fefe2be5fffb93ae9178fbba.jpg,2,5.59,0,4
Roboflow_Classifier_train_103A15968_jpg.rf.17ee1d489d238d88b652d1e9fcf816e3.jpg,0,36.81,0,1
Roboflow_Classifier_train_103A15968_jpg.rf.41b67e2464f2a6b3e86367e8676c074f.jpg,2,5.0,0,6
Roboflow_Classifier_train_103A15968_jpg.rf.ed99cc8b99e2ec46bb84a5c74bff96d6.jpg,2,24.28,0,5
Roboflow_Classifier_train_103A16010_jpg.rf.22b547003876f63b09a7a522701815ce.jpg,3,35.4,0,1
Roboflow_Classifier_train_103A16010_jpg.rf.4a67ddb6aa10bee257298549be5836b3.jpg,0,1.5,0,0
Roboflow_Classifier_train_103A16010_jpg.rf.fd55c8a3e4dbbb286c2d5471eb9674c9.jpg,1,0.74,0,9
Roboflow_Classifier_train_103A16041_jpg.rf.1eee5aaff9f98769a0afc1537f7f8065.jpg,1,25.19,0,8
Roboflow_Classifier_train_103A16041_jpg.rf.be8a70148f85ba242b751ba2d5d19cf6.jpg,3,26.08,0,7
Roboflow_Classifier_train_103A16041_jpg.rf.c412d22a8146980dda8ec7b7d1c448e3.jpg,2,19.34,0,7
Roboflow_Classifier_train_103A16047_jpg.rf.0e613800e18ec84fc484de549a1d42a1.jpg,3,8.96,0,0
Roboflow_Classifier_train_103A16047_jpg.rf.72a8a70ea3b8e94b0f40462b92261357.jpg,3,35.75,0,2
Roboflow_Classifier_train_103A16047_jpg.rf.988b31437303095e0c7cfa4f50d342b5.jpg,2,3.94,0,4
Roboflow_Classifier_train_103A16049_jpg.rf.188715c56f0a2f9b2d3a521968bf4924.jpg,1,17.25,0,2
Roboflow_Classifier_train_103A16049_jpg.rf.232c2d9d16bc749b8af4244f6aaacb8e.jpg,2,26.66,0,7
Roboflow_Classifier_train_103A16049_jpg.rf.ef0e5e1d60e653a0abffcb66cd2889d4.jpg,1,6.12,0,4
Roboflow_Classifier_train_103A16127_jpg.rf.0095b05c1cbba455ec89985a7c08ff04.jpg,3,5.37,0,4
Roboflow_Classifier_train_103A16127_jpg.rf.0aaf868e41df7bf68508ace8c792c7ed.jpg,0,6.32,0,0
Roboflow_Classifier_train_103A16127_jpg.rf.6ef2c3e0a4ab7c96f4e178d05e2b912d.jpg,2,1.43,0,9
Roboflow_Classifier_train_103A16139_jpg.rf.2ae2b4a18f40a27c5be86f889faea66e.jpg,3,15.39,0,6
Roboflow_Classifier_train_103A16139_jpg.rf.6c010b0e54f05103719870d4760da460.jpg,2,2.14,0,4
Roboflow_Classifier_train_103A16139_jpg.rf.f4499861bfd77d18ab246ddaf7c24621.jpg,3,19.14,0,5
Roboflow_Classifier_train_103A16144_jpg.rf.259b457aa2c108c3c5927629f08148a3.jpg,0,14.77,0,8
Roboflow_Classifier_train_103A16144_jpg.rf.5597c72da566fea9fb0f9dc3e72c06dd.jpg,2,29.72,0,1
Roboflow_Classifier_train_103A16144_jpg.rf.e660574373814b885b20ad6ee4c335d7.jpg,2,21.2,0,8
Roboflow_Classifier_train_103A16146_jpg.rf.5d579adbc15b2acee8eed91bf3044d13.jpg,2,8.71,0,0
Roboflow_Classifier_train_103A16146_jpg.rf.622bd6e8ed448d2168c3f4e0b970d7b4.jpg,3,6.14,0,0
Roboflow_Classifier_train_103A16146_jpg.rf.9fbc129fa7c074c95e49ee7dc154dfc2.jpg,2,27.99,0,1
Roboflow_Classifier_train_103A16192_jpg.rf.3dc0ff95b77c973305cdb5728c1ff3e8.jpg,2,24.74,0,1
Roboflow_Classifier_train_103A16192_jpg.rf.74515afdef23cff9d53f42bb80ba20ac.jpg,1,4.34,0,3
Roboflow_Classifier_train_103A16192_jpg.rf.c629859c160a57dda296dabb3779c018.jpg,1,10.0,0,7
Roboflow_Classifier_train_103A16215_jpg.rf.22f5134f47f415e0324818bc1c30210a.jpg,1,5.41,0,4
Roboflow_Classifier_train_103A16215_jpg.rf.5f5df5b1efad62c35ac3d9481d9d989c.jpg,3,29.61,0,1
Roboflow_Classifier_train_103A16215_jpg.rf.99b16c656fb0adec6a3213efaca55727.jpg,1,19.82,0,6
Roboflow_Classifier_train_103A16236_jpg.rf.3faae9fd2dad05c2e0c59225d509e657.jpg,1,1.91,0,9
Roboflow_Classifier_train_103A16236_jpg.rf.8db3ccfebc392df43b1c9beb7c703b3c.jpg,2,31.61,0,2
Roboflow_Classifier_train_103A16236_jpg.rf.dd848de586851efc90178790c5c187c6.jpg,3,10.6,0,6
Roboflow_Classifier_train_103A16244_jpg.rf.0f6ed59c013deed5064c40ca4f3871f7.jpg,2,4.31,0,0
Roboflow_Classifier_train_103A16244_jpg.rf.2f496974b6607a21a6773969bb4ea10e.jpg,2,5.33,0,3
Roboflow_Classifier_train_103A16244_jpg.rf.b2b19f744315baaafba58dd379c1c772.jpg,2,11.64,0,6
Roboflow_Classifier_train_103A16245_jpg.rf.3e1b6374d1688756e208ac71a0f3d4c5.jpg,2,4.93,0,3
Roboflow_Classifier_train_103A16245_jpg.rf.9c53b36928639ce24894e27c52e9ffe2.jpg,1,24.05,0,8
Roboflow_Classifier_train_103A16245_jpg.rf.fbc4eb93412735d69337800f535fa329.jpg,1,29.12,0,1
Roboflow_Classifier_train_103A16248_jpg.rf.1f47a2023b2bfb0102fde1ec19df0d99.jpg,2,30.51,0,1
Roboflow_Classifier_train_103A16248_jpg.rf.c5bea8d77823895c4b321f041d72ed1a.jpg,1,17.8,0,7
Roboflow_Classifier_train_103A16248_jpg.rf.cf674cd600aee6dfbb0ab4ea45f1709d.jpg,1,16.46,0,8
Roboflow_Classifier_train_103A16256_jpg.rf.b2f2a0a2f26b708130986baa360c70a9.jpg,3,27.96,0,8
Roboflow_Classifier_train_103A16256_jpg.rf.d4fba239e4ccdabd21bfb74fbebccd54.jpg,2,31.96,0,2
Roboflow_Classifier_train_103A16256_jpg.rf.d5701ea9aeaa3dc90cf1578ee44968cd.jpg,1,38.95,0,1
Roboflow_Classifier_train_103A16257_jpg.rf.0314043c0aa36cb68c8f304ad12bbeaa.jpg,3,1.57,0,9
Roboflow_Classifier_train_103A16257_jpg.rf.1cda51e2a843da00accec61633135751.jpg,1,18.79,0,7
Roboflow_Classifier_train_103A16257_jpg.rf.7e2f759ff2dc7d17fc61a2a6a6d6ca38.jpg,1,3.25,0,4
Roboflow_Classifier_train_103A16260_jpg.rf.10416abeaceea360b44979c33cfff86a.jpg,1,25.46,0,6
Roboflow_Classifier_train_103A16260_jpg.rf.6a436e29bef4f5ab10cf28030d78eb79.jpg,2,25.95,0,2
Roboflow_Classifier_train_103A16260_jpg.rf.ed8c3da99198cb2101581a51eaadda55.jpg,2,13.37,0,7
Roboflow_Classifier_train_103A16265_jpg.rf.050fe614ccc674e48908380d212ca892.jpg,2,1.34,0,9
Roboflow_Classifier_train_103A16265_jpg.rf.4fc850b665fc20b74b435fd9a6f2258b.jpg,2,2.5,0,3
Roboflow_Classifier_train_103A16265_jpg.rf.655affb5f652a6ca67fb9d4dbe12f42d.jpg,2,4.62,0,4
Roboflow_Classifier_train_103A16331_jpg.rf.29e3e9d80df9ae24a96781b7523f0114.jpg,1,5.62,0,0
Roboflow_Classifier_train_103A16331_jpg.rf.3c6a1cbd5aa0c4a8836ef0253245a334.jpg,2,32.21,0,8
Roboflow_Classifier_train_103A16331_jpg.rf.9d88dc46f37ef625124ef43e5f3e7a7a.jpg,2,21.08,0,5
Roboflow_Classifier_train_103A16345_jpg.rf.2bec2b706d6cf4bfbc1cdd58bd75cb92.jpg,2,22.94,0,7
Roboflow_Classifier_train_103A16345_jpg.rf.97b04f58560f97db33a52db9a0ea5bef.jpg,3,20.13,0,8
Roboflow_Classifier_train_103A16345_jpg.rf.983cc4e5cf17caae5ea0932f776951d3.jpg,2,1.1,0,9
Roboflow_Classifier_train_103A16395_jpg.rf.ae9f922107881e3ae7e0c31293a663c8.jpg,1,17.25,0,5
Roboflow_Classifier_train_103A16395_jpg.rf.d210483a1c8d0b075837ee21e31f3c6c.jpg,2,16.17,0,8
Roboflow_Classifier_train_103A16395_jpg.rf.dd759a304db8e99efcbf68441d7d7132.jpg,3,21.47,0,7
Roboflow_Classifier_train_103A16398_jpg.rf.80739f5bd2498658ddf867410afda857.jpg,2,1.6,0,3
Roboflow_Classifier_train_103A16398_jpg.rf.cea4a53f02bcfb5bb73434881458fb42.jpg,2,1.85,0,9
Roboflow_Classifier_train_103A16398_jpg.rf.f82206a0fd26363cd4d0f76074c4f468.jpg,2,51.6,0,2
Roboflow_Classifier_train_103A16403_jpg.rf.2c766e7b15b686d23392d57fa0fb5e67.jpg,2,3.63,0,0
Roboflow_Classifier_train_103A16403_jpg.rf.ae36f71adac54902ee9e5b657ccc3fb4.jpg,1,1.31,0,9
Roboflow_Classifier_train_103A16403_jpg.rf.f47d1eec80e80a7a3a316f8104d617fa.jpg,2,31.69,0,7
Roboflow_Classifier_train_103A16414_jpg.rf.0bf9b63081f7f2991bdcf9b89d181388.jpg,2,4.16,0,4
Roboflow_Classifier_train_103A16414_jpg.rf.5c6675f5fd7c87fd35ca354106435e74.jpg,2,20.86,0,7
Roboflow_Classifier_train_103A16414_jpg.rf.8232950e94bf1e9e924c51473e9e6f82.jpg,3,20.62,0,7
Roboflow_Classifier_train_103A16415_jpg.rf.5006f2ed78101d0f8d8daa3f11e748a7.jpg,2,28.77,0,2
Roboflow_Classifier_train_103A16415_jpg.rf.87a1f2c41c7e5b3e14077a6e189e1f4b.jpg,2,24.94,0,1
Roboflow_Classifier_train_103A16415_jpg.rf.8a4bf03bf3bddecf4ef03c7b0fdc2d19.jpg,2,24.84,0,2
Roboflow_Classifier_train_103A16416_jpg.rf.39e4aadd2f77377ba047e109c15db18a.jpg,1,4.87,0,0
Roboflow_Classifier_train_103A16416_jpg.rf.aa4082cf046d676d38c6be4773a1d13c.jpg,1,3.22,0,0
Roboflow_Classifier_train_103A16416_jpg.rf.c277dc67c4383d4eb095878f5927d158.jpg,2,11.26,0,5
Roboflow_Classifier_train_103A16423_jpg.rf.7614c6dadeaa2f442e4de720d7a09bd2.jpg,0,48.62,0,2
Roboflow_Classifier_train_103A16423_jpg.rf.e65b653a505822920b54b1cad7cf7922.jpg,2,5.0,0,6
Roboflow_Classifier_train_103A16423_jpg.rf.fc6168ae2864683853d660f31399454d.jpg,2,1.92,0,3
Roboflow_Classifier_train_103A16424_jpg.rf.3a7494140dfbcc65762e3820b56e393b.jpg,1,1.79,0,9
Roboflow_Classifier_train_103A16424_jpg.rf.a2d58db8ceab6ef2552b744265823eda.jpg,0,24.62,0,1
Roboflow_Classifier_train_103A16424_jpg.rf.e638e725921520007d0b1458c066c192.jpg,1,4.46,0,0
Roboflow_Classifier_train_103A16427_jpg.rf.8fa70982cc811c56759df84e1721dded.jpg,0,2.92,0,0
Roboflow_Classifier_train_103A16427_jpg.rf.97aba6c156ffe31ebcdaed13b62dc6bb.jpg,2,20.04,0,7
Roboflow_Classifier_train_103A16427_jpg.rf.cdebc3d873891526f971184c238e04fb.jpg,2,1.55,0,9
Roboflow_Classifier_train_103A16443_jpg.rf.0e3086a1911fb44f6b41534789be6219.jpg,1,1.45,0,9
Roboflow_Classifier_train_103A16443_jpg.rf.7f18bd464b9322e1b7f2697f2e8e5b31.jpg,2,21.97,0,7
Roboflow_Classifier_train_103A16443_jpg.rf.a4e2ab47e39322d9047aca941fd919da.jpg,2,22.17,0,5
Roboflow_Classifier_train_103A16451_jpg.rf.155da6b157e0b9d835db1ca8d90dc48d.jpg,2,5.32,0,6
Roboflow_Classifier_train_103A16451_jpg.rf.3bb535a2b2700ff94b501802b20dba55.jpg,1,26.01,0,1
Roboflow_Classifier_train_103A16451_jpg.rf.836e730f6c8728dab7b00262f6b9c227.jpg,2,1.53,0,9
Roboflow_Classifier_train_103A16469_jpg.rf.207589dbbb407eedff2d7265383c26d8.jpg,0,15.83,0,5
Roboflow_Classifier_train_103A16469_jpg.rf.813ffe83d38c31efdab5ca8d1cbfcd25.jpg,2,2.03,0,9
Roboflow_Classifier_train_103A16469_jpg.rf.8be25f0c4a3aee1adc8ce1637a58bccf.jpg,1,3.99,0,0
Roboflow_Classifier_train_103A16484_jpg.rf.741ca32caec7e9a0b21987c4a9edde5b.jpg,3,17.06,0,7
Roboflow_Classifier_train_103A16484_jpg.rf.aace071fcd9e5a70b9510f8cd0a5becf.jpg,0,3.86,0,0
Roboflow_Classifier_train_103A16484_jpg.rf.ec9fbafe3ce6dbee41498654f3635a1f.jpg,2,4.9,0,0
Roboflow_Classifier_train_103A16489_jpg.rf.97c50100ac7f29e4511c09a514e09593.jpg,2,32.4,0,2
Roboflow_Classifier_train_103A16489_jpg.rf.f224e1bb51f612e9d2cf56d5e30aa93d.jpg,2,19.99,0,8
Roboflow_Classifier_train_103A16489_jpg.rf.fdddfa72b76d2cf0e9790b00f49ec787.jpg,1,5.0,0,6
Roboflow_Classifier_train_103A16501_jpg.rf.254ddb8f3a8739e508672d45f3f59750.jpg,1,10.33,0,8
Roboflow_Classifier_train_103A16501_jpg.rf.370adfd59ad531638ea296198fdb2954.jpg,1,1.19,0,9
Roboflow_Classifier_train_103A16501_jpg.rf.c89724ab53e0ed1307523b171cec0763.jpg,1,3.39,0,4
Roboflow_Classifier_train_103A16584_jpg.rf.0cdc1279fcd264f5dd07d5dbe2f441ee.jpg,3,15.73,0,5
Roboflow_Classifier_train_103A16584_jpg.rf.5c6f5c6fe7a1db62c1950f6180208e49.jpg,1,2.81,0,4
Roboflow_Classifier_train_103A16584_jpg.rf.5fa2319e21e757a2882d04b5d8bdff31.jpg,3,16.39,0,5
Roboflow_Classifier_train_103A16592_jpg.rf.1ab8889a930f2482e71dc3d3e90c2978.jpg,3,16.39,0,5
Roboflow_Classifier_train_103A16592_jpg.rf.93f36831c408a044f19a052a12052d5c.jpg,1,3.67,0,0
Roboflow_Classifier_train_103A16592_jpg.rf.96264a660a603cb9504d49ca94810e30.jpg,2,6.29,0,0
Roboflow_Classifier_train_103A16594_jpg.rf.1f66297254535338f170793fd6c66464.jpg,2,14.91,0,5
Roboflow_Classifier_train_103A16594_jpg.rf.ca1fccd87993e6246dede9c926facded.jpg,0,11.58,0,8
Roboflow_Classifier_train_103A16594_jpg.rf.dbcd3120b0f8857cfe8e8d560d9e1322.jpg,2,25.82,0,1
Roboflow_Classifier_train_103A16599_jpg.rf.c19c3d873ff7b756bf363d41d08ef38e.jpg,1,2.96,0,3
Roboflow_Classifier_train_103A16599_jpg.rf.d5dde9d48c5f692bb097151fc41feae8.jpg,3,44.53,0,2
Roboflow_Classifier_train_103A16599_jpg.rf.fdf65934775d06ae82fd86421110576a.jpg,2,7.61,0,3
Roboflow_Classifier_train_103A16601_jpg.rf.82260b6993713d1017c968155137e17c.jpg,2,46.0,0,2
Roboflow_Classifier_train_103A16601_jpg.rf.88e8f2483907bcfe0ea6c354fbe25252.jpg,2,21.64,0,8
Roboflow_Classifier_train_103A16601_jpg.rf.a4da82da6f7b2e0363ba8332941d8061.jpg,2,35.04,0,1
Roboflow_Classifier_train_103A16607_jpg.rf.0faae6a3d2ff2c29c2bbb084abde0e28.jpg,1,17.25,0,5
Roboflow_Classifier_train_103A16607_jpg.rf.2062e4e1a960bb302f215150c8c8ed26.jpg,1,2.71,0,0
Roboflow_Classifier_train_103A16607_jpg.rf.6264f5229d3fd2a2878f81ba2ec1ec8c.jpg,0,23.47,0,1
Roboflow_Classifier_train_103A16608_jpg.rf.50d4c544d736c0452f40aa9d0dbdf774.jpg,2,5.0,0,6
Roboflow_Classifier_train_103A16608_jpg.rf.a65458636fe4fe845e065d70b7fb1b91.jpg,1,13.37,0,8
Roboflow_Classifier_train_103A16608_jpg.rf.ff8f465670a12ac9f10cac9b4d5bf48c.jpg,1,19.41,0,8
Roboflow_Classifier_train_103A16609_jpg.rf.0909bc9e1ba6b59b88c986ad4fd200c3.jpg,2,43.5,0,2
Roboflow_Classifier_train_103A16609_jpg.rf.353603b0d4c46f062cf6da191ee10d88.jpg,2,26.36,0,2
Roboflow_Classifier_train_103A16609_jpg.rf.6d7463d3e1146695c7aa87698b989f6a.jpg,3,33.59,0,7
Roboflow_Classifier_train_103A16611_jpg.rf.2b8f3f4d26591343dbf2c229329c7bb0.jpg,2,18.87,0,7
Roboflow_Classifier_train_103A16611_jpg.rf.8401ec0ffb955016c5b04ba21127fe59.jpg,2,19.05,0,5
Roboflow_Classifier_train_103A16611_jpg.rf.fa17ea135b5e758e6b740ccf53260b61.jpg,3,5.38,0,0
Roboflow_Classifier_train_103A16626_jpg.rf.4d065b88a06735b8356a3534e5cadb04.jpg,0,2.92,0,3
Roboflow_Classifier_train_103A16626_jpg.rf.50383eb9768801ff46086367e4089757.jpg,1,13.21,0,8
Roboflow_Classifier_train_103A16626_jpg.rf.af86c31ef17fc665ee7dbe43e895fe37.jpg,1,17.51,0,8
Roboflow_Classifier_train_103A16631_jpg.rf.b47ce51417b34c49ac502c8ad7249e23.jpg,0,6.12,0,0
Roboflow_Classifier_train_103A16631_jpg.rf.ba29528a6d212f536b235ea18c9113c6.jpg,2,15.74,0,6
Roboflow_Classifier_train_103A16631_jpg.rf.be2b1aa9002578265af27c7353f87561.jpg,2,26.43,0,1
Roboflow_Classifier_train_103A16632_jpg.rf.467e5a8793733c0e70d86d7c309b063d.jpg,2,22.83,0,1
Roboflow_Classifier_train_103A16632_jpg.rf.75b6b2c758e0293ca41beee93672c540.jpg,0,8.0,0,8
Roboflow_Classifier_train_103A16632_jpg.rf.96fde879b5e5840952e055c4ce0ffb5d.jpg,2,4.89,0,4
Roboflow_Classifier_train_103A16659_jpg.rf.47be1c5565e450065ba56ed0ba5dc97c.jpg,1,1.64,0,9
Roboflow_Classifier_train_103A16659_jpg.rf.7049fe5ec35d13b222d6acdaa0bcb828.jpg,3,14.0,0,5
Roboflow_Classifier_train_103A16659_jpg.rf.98a3a2ac8e351892172f7894d49705bc.jpg,2,4.11,0,3
Roboflow_Classifier_train_103A16660_jpg.rf.8ea2bca6c11bd1e94c7d395e4f051fd3.jpg,2,18.29,0,7
Roboflow_Classifier_train_103A16660_jpg.rf.98e885e3304a64e949bb7601733a0957.jpg,0,5.36,0,3
Roboflow_Classifier_train_103A16660_jpg.rf.bfc1457ce7e10d1c1a748d922bf0bf37.jpg,2,31.82,0,7
Roboflow_Classifier_train_103A16685_jpg.rf.0058558493960e290a2b31bc29674396.jpg,2,4.05,0,4
Roboflow_Classifier_train_103A16685_jpg.rf.a5d9c592fc8f8eeccc1aa242f896a4fd.jpg,3,37.58,0,2
Roboflow_Classifier_train_103A16685_jpg.rf.ea61c7e2216e8b678a7db61751d72c78.jpg,2,5.2,0,3
Roboflow_Classifier_train_103A16686_jpg.rf.2bb181efcc5a9acc0d881d4e4773c852.jpg,1,1.19,0,9
Roboflow_Classifier_train_103A16686_jpg.rf.bdb88e433c80d869ec7690c5a61882c6.jpg,2,27.74,0,7
Roboflow_Classifier_train_103A16686_jpg.rf.beae27c5c200d2e882eca449a570663e.jpg,1,18.6,0,5
Roboflow_Classifier_train_103A16707_jpg.rf.50f29fae355dc82b306a4e8a615074fa.jpg,1,3.93,0,4
Roboflow_Classifier_train_103A16707_jpg.rf.51b69b7e9f895974cc70c3703bebb292.jpg,1,17.44,0,7
Roboflow_Classifier_train_103A16707_jpg.rf.fb67f432f0aa263ffd198810d1440bab.jpg,2,0.9,0,9
Roboflow_Classifier_train_106A106660_jpg.rf.0f9d94390b51742c6ec5cc31af595f86.jpg,1,3.58,0,4
Roboflow_Classifier_train_106A106660_jpg.rf.3f62f62744203673dd15e4936f53530d.jpg,0,13.56,0,7
Roboflow_Classifier_train_106A106660_jpg.rf.d65e037a2ed5f47195d3a1ec94a70931.jpg,2,1.84,0,9
Roboflow_Classifier_train_106A106699_jpg.rf.07cc6bc2253711d087f81852b37db5af.jpg,2,17.15,0,1
Roboflow_Classifier_train_106A106699_jpg.rf.c714e908382ac4e306f0dca348747d4e.jpg,2,4.66,0,3
Roboflow_Classifier_train_106A106699_jpg.rf.e62c446a991026bb8bf2d2654788259d.jpg,1,3.53,0,3
Roboflow_Classifier_train_106A106700_jpg.rf.1796a145d2e20edd8a57dce2c1373c25.jpg,2,42.71,0,2
Roboflow_Classifier_train_106A106700_jpg.rf.635ea53fc9bfa5577524157b0219b26c.jpg,2,23.17,0,7
Roboflow_Classifier_train_106A106700_jpg.rf.a19a8be1900055e5d63405e71eda2a21.jpg,2,16.27,0,8
Roboflow_Classifier_train_106A106707_jpg.rf.259bd9676f51490923465309aac9b494.jpg,2,14.18,0,8
Roboflow_Classifier_train_106A106707_jpg.rf.4d68d0864b4f8e39d9653ef360bf8371.jpg,2,1.5,0,0
Roboflow_Classifier_train_106A106707_jpg.rf.ee3befe654d3bb055d44be38b080d37b.jpg,2,13.56,0,7
Roboflow_Classifier_train_106A106708_jpg.rf.0595f350423d4e7e6bac3df34248894e.jpg,0,8.4,0,6
Roboflow_Classifier_train_106A106708_jpg.rf.4ae9ea5bd4ded312566ac14357f04c60.jpg,2,5.0,0,5
Roboflow_Classifier_train_106A106708_jpg.rf.c2d03c7bc906913d9174ab16cc2e70ac.jpg,1,14.52,0,2
Roboflow_Classifier_train_106A106712_jpg.rf.012762d73204c428af6b097ac1f3b2d2.jpg,1,17.47,0,1
Roboflow_Classifier_train_106A106712_jpg.rf.49a195c1788180bbd3252569f4105293.jpg,2,9.36,0,0
Roboflow_Classifier_train_106A106712_jpg.rf.eff4fbacd78cf8a899f035d0c561d9e9.jpg,2,15.55,0,8
Roboflow_Classifier_train_106A106791_jpg.rf.6ad1edcc82c84219e32273708cdfbac1.jpg,2,24.56,0,5
Roboflow_Classifier_train_106A106791_jpg.rf.729abb29dc772897c0b3add2d20f7c14.jpg,3,31.71,0,2
Roboflow_Classifier_train_106A106791_jpg.rf.ec90f91de87d42579add812a09c1628b.jpg,1,4.17,0,4
Roboflow_Classifier_train_106A106827_jpg.rf.68b9b430fb5d366722dde88f5c99ff93.jpg,2,18.94,0,1
Roboflow_Classifier_train_106A106827_jpg.rf.78ee816eae8cfe70f552c5952c9c38cb.jpg,2,3.23,0,3
Roboflow_Classifier_train_106A106827_jpg.rf.acae7febf23cc207592d04ff04a843bd.jpg,2,23.57,0,1
Roboflow_Classifier_train_106A106842_jpg.rf.014b458a96c0e1ae5c57df684685535a.jpg,1,12.6,0,6
Roboflow_Classifier_train_106A106842_jpg.rf.089064c1056acdfd6bf91821eee02537.jpg,1,26.02,0,2
Roboflow_Classifier_train_106A106842_jpg.rf.70d3de9f6b1aca46f3d19c462b48acc4.jpg,1,32.6,0,1
Roboflow_Classifier_train_106A107207_jpg.rf.7cd3d7c7169451375e57d981c83a213a.jpg,3,13.77,0,6
Roboflow_Classifier_train_106A107207_jpg.rf.7d1e29f29974b7b6be58a1fbfd103539.jpg,2,5.0,0,6
Roboflow_Classifier_train_106A107207_jpg.rf.e4db74671da1c5fb7e4a20a36d6b923c.jpg,3,21.38,0,8
Roboflow_Classifier_train_106A107208_jpg.rf.109c19481e08617d29f762c7e559fe8a.jpg,3,1.84,0,9
Roboflow_Classifier_train_106A107208_jpg.rf.bb483e3bb01c50193877b0342882d8fc.jpg,2,1.97,0,9
Roboflow_Classifier_train_106A107208_jpg.rf.daa8699b2feb9e4307dd10d19e101559.jpg,2,28.71,0,7
Roboflow_Classifier_train_106A107327_jpg.rf.8b58608e9a6263ede55b8140bcbc9af3.jpg,2,0.93,0,9
Roboflow_Classifier_train_106A107327_jpg.rf.ae0da64fb3ce73c7c65167fb701e7f27.jpg,1,7.99,0,6
Roboflow_Classifier_train_106A107327_jpg.rf.d2ce9179625cb46a3139d18fa6aab320.jpg,2,3.96,0,0
Roboflow_Classifier_train_106A107371_jpg.rf.0cc0436118e1a8e9ef19de31e68e8c45.jpg,3,0.5,0,9
Roboflow_Classifier_train_106A107371_jpg.rf.2b40cf762bb4eb7fab9cc285fab365bf.jpg,1,28.87,0,2
Roboflow_Classifier_train_106A107371_jpg.rf.731db092d10e9e03950296a30e6e9529.jpg,2,4.71,0,4
Roboflow_Classifier_train_106A107387_jpg.rf.1ea20acce88c3498d9719f9ade8ab298.jpg,2,4.35,0,0
Roboflow_Classifier_train_106A107387_jpg.rf.8861070c65c2468f9be4866a84850ddf.jpg,1,19.8,0,5
Roboflow_Classifier_train_106A107387_jpg.rf.fc10be17187c886eaded740b6b522583.jpg,2,22.39,0,1
Roboflow_Classifier_train_106A107491_jpg.rf.214312b306a08223b2de030a7562aa08.jpg,1,20.68,0,8
Roboflow_Classifier_train_106A107491_jpg.rf.9e1d275317fa36b234615910fdd7cb8b.jpg,1,6.08,0,3
Roboflow_Classifier_train_106A107491_jpg.rf.a887605e2dbfeaa85cd1747430e03976.jpg,0,7.52,0,6
Roboflow_Classifier_train_106A107876_jpg.rf.a2cbbaebb3a8cc1e1b7c51d8c2395225.jpg,2,27.28,0,8
Roboflow_Classifier_train_106A107876_jpg.rf.c01bb4ec831be5d45779f5c539fa22cd.jpg,2,61.91,0,2
Roboflow_Classifier_train_106A107876_jpg.rf.fbbdd15eca84c251f7f4d554e1a1fc64.jpg,2,2.87,0,3
Roboflow_Classifier_train_106A107878_jpg.rf.53f7d0d0a834e711be2bea5dc167c6e9.jpg,2,2.0,0,0
Roboflow_Classifier_train_106A107878_jpg.rf.b859d41647537ade7281a3c8289ed445.jpg,1,13.11,0,5
Roboflow_Classifier_train_106A107878_jpg.rf.c6f288aefb9ca847c8acf9dedb67e1e5.jpg,0,2.73,0,4
Roboflow_Classifier_train_106A107923_jpg.rf.3f9375e5bfbb1f27aeb30518ffedc733.jpg,2,1.68,0,9
Roboflow_Classifier_train_106A107923_jpg.rf.9a729afa314ac037004fb9e2073b7ae2.jpg,3,8.2,0,3
Roboflow_Classifier_train_106A107923_jpg.rf.d677ade7ff8785a0d49a2e54d3c47539.jpg,2,45.0,0,2
Roboflow_Classifier_train_106A108135_jpg.rf.3d5414e918b82ff96c8c595c0c47e1ba.jpg,3,5.0,0,5
Roboflow_Classifier_train_106A108135_jpg.rf.d2487bc1f346da3cf734b558881dd840.jpg,2,57.72,0,2
Roboflow_Classifier_train_106A108135_jpg.rf.e2f18262d16c40b2db071aa56c989551.jpg,2,20.09,0,5
Roboflow_Classifier_train_106A108136_jpg.rf.034ccca3e63dd2ff8f2488af80c515cd.jpg,0,13.58,0,2
Roboflow_Classifier_train_106A108136_jpg.rf.4174712a9c7db5900db84e70480be792.jpg,2,1.93,0,4
Roboflow_Classifier_train_106A108136_jpg.rf.afe862cc84dd0e63dca55c254bba67f2.jpg,2,44.82,0,2
Roboflow_Classifier_train_106A108435_jpg.rf.90e1ba3044cbd094967a30c1c60b9659.jpg,2,1.4,0,9
Roboflow_Classifier_train_106A108435_jpg.rf.9d0322d3825a0681982f7f00dae504c1.jpg,0,29.65,0,2
Roboflow_Classifier_train_106A108435_jpg.rf.f49eee000636f4ac30c4668b97eb8052.jpg,2,30.46,0,1
Roboflow_Classifier_train_106A108541_jpg.rf.1542d86fb982fb71ccafe80b3e7e5c46.jpg,1,25.5,0,2
Roboflow_Classifier_train_106A108541_jpg.rf.658dca7860aa6594b7c2f687a3186b15.jpg,2,26.66,0,2
Roboflow_Classifier_train_106A108541_jpg.rf.e27b360fc22ffa21a575e6b805b0ceb0.jpg,2,10.98,0,5
Roboflow_Classifier_train_106A108543_jpg.rf.3a9862c0e33899d92f5c42b17eca301b.jpg,2,23.84,0,1
Roboflow_Classifier_train_106A108543_jpg.rf.6637820635c476d90beb64019504c675.jpg,2,2.2,0,3
Roboflow_Classifier_train_106A108543_jpg.rf.f84cc1598493b70e69a1c86712af166f.jpg,2,22.15,0,2
Roboflow_Classifier_train_117A3709_jpg.rf.0c836deb955c2d932a400002d15abf7c.jpg,2,5.0,0,6
Roboflow_Classifier_train_117A3709_jpg.rf.17f1a6292dffa9089397edf9a95c2a97.jpg,2,3.23,0,0
Roboflow_Classifier_train_117A3709_jpg.rf.2fde881fa68961f29e28b09a95ce479a.jpg,0,12.61,0,2
Roboflow_Classifier_train_117A3716_jpg.rf.2df3357802e42688b7718554fb0e5e1a.jpg,0,1.82,0,0
Roboflow_Classifier_train_117A3716_jpg.rf.d31894414065df461e855af462b03525.jpg,1,18.94,0,5
Roboflow_Classifier_train_117A3716_jpg.rf.d56caa69f7789cc4ade3d03f6f20a458.jpg,1,34.05,0,7
Roboflow_Classifier_train_117A3728_jpg.rf.1b1f36d690d0527d096f395536cdaace.jpg,2,58.91,0,2
Roboflow_Classifier_train_117A3728_jpg.rf.2608b3a61c8962621557534ca0e46083.jpg,2,42.4,0,1
Roboflow_Classifier_train_117A3728_jpg.rf.b1db496c616a6496a61a25cca84495c0.jpg,3,5.16,0,3
Roboflow_Classifier_train_117A3729_jpg.rf.adc9f5b82e9327fd6e0d73fe7841fad5.jpg,2,6.17,0,0
Roboflow_Classifier_train_117A3729_jpg.rf.aea6480bcea6ac0973f950e9f5d9da1c.jpg,2,36.58,0,2
Roboflow_Classifier_train_117A3729_jpg.rf.cd7517a198b34215f8f4ef1d4e28e5ce.jpg,2,19.84,0,1
Roboflow_Classifier_train_117A3731_jpg.rf.84bdab9c401b7019c59c5a61d3ca8666.jpg,0,17.3,0,7
Roboflow_Classifier_train_117A3731_jpg.rf.e640de0d406de73faa80305b02d8e549.jpg,2,13.95,0,7
Roboflow_Classifier_train_117A3731_jpg.rf.e948df57676e2d65a9776451cca608bf.jpg,2,1.15,0,3
Roboflow_Classifier_train_117A3735_jpg.rf.1e754dab54f02c85d15f55159d5ec07a.jpg,1,22.02,0,1
Roboflow_Classifier_train_117A3735_jpg.rf.61777c41dba9852c73eca8c1225c02f3.jpg,3,2.94,0,0
Roboflow_Classifier_train_117A3735_jpg.rf.ddb001c17d1c4f118c812b2200c2e0b3.jpg,2,23.44,0,1
Roboflow_Classifier_train_117A3739_jpg.rf.254622a2605e4bd854545cb706bd944e.jpg,1,5.55,0,3
Roboflow_Classifier_train_117A3739_jpg.rf.86642962561ae2cba1d5383e1c13b0d5.jpg,2,37.21,0,2
Roboflow_Classifier_train_117A3739_jpg.rf.df4e2f9bb2cfd3d0c953b35c7f1a5fde.jpg,2,13.15,0,8
Roboflow_Classifier_train_117A3743_jpg.rf.4f11ff4b898b32dc61615905b034a3df.jpg,1,1.42,0,9
Roboflow_Classifier_train_117A3743_jpg.rf.8f3395f5faf5fb2fe1f60e153c0dfc44.jpg,2,11.67,0,6
Roboflow_Classifier_train_117A3743_jpg.rf.f73a40dc4c150b59bc03527afc818c93.jpg,1,22.77,0,1
Roboflow_Classifier_train_117A3747_jpg.rf.0d1a4fa2ab98ad0b68ff4e361e6d9364.jpg,3,8.51,0,0
Roboflow_Classifier_train_117A3747_jpg.rf.4097b9797d71ae615f68a720bd2fd2ee.jpg,1,18.65,0,1
Roboflow_Classifier_train_117A3747_jpg.rf.c0de2a4b930f6a19193b4ca7614b10be.jpg,0,21.03,0,1
Roboflow_Classifier_train_117A3749_jpg.rf.2fdfc2a3229d74f66625d7d820027001.jpg,2,16.7,0,5
Roboflow_Classifier_train_117A3749_jpg.rf.823a32fe4751d25cd109f498462267c4.jpg,2,22.32,0,2
Roboflow_Classifier_train_117A3749_jpg.rf.da465c865f1f1ec8eabcc95e54fb3d0a.jpg,1,2.13,0,9
Roboflow_Classifier_train_117A3750_jpg.rf.1d8a656665dd12d571d97732b80982ec.jpg,2,17.72,0,7
Roboflow_Classifier_train_117A3750_jpg.rf.52cef58936cef14a80c273a20a0af517.jpg,1,5.0,0,6
Roboflow_Classifier_train_117A3750_jpg.rf.986de54af5f1370bb11aeeaf0345c400.jpg,1,33.0,0,1
Roboflow_Classifier_train_117A3757_jpg.rf.19ff65558d9c490b232429d28bd365d5.jpg,1,10.0,0,7
Roboflow_Classifier_train_117A3757_jpg.rf.e0f35c948e53c1c89f99e51cb17200ff.jpg,3,3.07,0,3
Roboflow_Classifier_train_117A3757_jpg.rf.f0cfa942063f8fd42d49e9e1a0f8b610.jpg,1,5.66,0,3
Roboflow_Classifier_train_117A3765_jpg.rf.295b096199dd33ff301400749d5f69ff.jpg,2,7.79,0,0
Roboflow_Classifier_train_117A3765_jpg.rf.2fc1db97ce8936c4acc921d9b9259684.jpg,2,6.25,0,0
Roboflow_Classifier_train_117A3765_jpg.rf.8cdf3d931e7424978d1823aee95c3050.jpg,2,3.59,0,3
Roboflow_Classifier_train_117A3773_jpg.rf.49c99d289de7f012ae825b2c2753bd81.jpg,1,3.49,0,0
Roboflow_Classifier_train_117A3773_jpg.rf.756537cc46d3d1f5a3495b4467f249e9.jpg,2,20.71,0,5
Roboflow_Classifier_train_117A3773_jpg.rf.dfadd8050a4996fbfdc63c2dbd633fd6.jpg,0,22.24,0,1
Roboflow_Classifier_train_117A3775_jpg.rf.512629ed1bbf8d087e6695b2b2848fe3.jpg,2,26.28,0,2
Roboflow_Classifier_train_117A3775_jpg.rf.7d30f00afc51ce667d8594d91386380d.jpg,1,10.0,0,7
Roboflow_Classifier_train_117A3775_jpg.rf.a571d9715c33257882c8ef2d43e24e66.jpg,2,38.16,0,2
Roboflow_Classifier_train_117A3777_jpg.rf.0b7154003b7a5f260c6cc337f79334c7.jpg,2,2.06,0,9
Roboflow_Classifier_train_117A3777_jpg.rf.65e3b7f4a634ad312893b285c5309329.jpg,1,11.76,0,5
Roboflow_Classifier_train_117A3777_jpg.rf.8f98d89844fc7f512a14abb511c2eff9.jpg,0,38.65,0,1
Roboflow_Classifier_train_117A3778_jpg.rf.ca684d3d112065b70017c6e5d88dd119.jpg,2,10.66,0,6
Roboflow_Classifier_train_117A3778_jpg.rf.d8a12c0625069560bbe821c86080dc0c.jpg,1,37.51,0,2
Roboflow_Classifier_train_117A3778_jpg.rf.e7751ae98317ae6194dd325c3f772dc6.jpg,3,1.53,0,9
Roboflow_Classifier_train_117A3786_jpg.rf.0e8f337269d2ff24d6ccae433a98dd6f.jpg,0,21.28,0,5
Roboflow_Classifier_train_117A3786_jpg.rf.978de188d05f933626d2e2345bb2b93b.jpg,2,4.11,0,0
Roboflow_Classifier_train_117A3786_jpg.rf.e2a54735fae4faf6cea9a1c479507c18.jpg,1,11.07,0,6
Roboflow_Classifier_train_117A3788_jpg.rf.4d832609e36fcc6e8eef0dfc55bd661a.jpg,0,13.85,0,8
Roboflow_Classifier_train_117A3788_jpg.rf.890ae6c50295252035b2af882cbb3f0d.jpg,1,9.79,0,5
Roboflow_Classifier_train_117A3788_jpg.rf.f1840ea885ee3c88ba7d6c5d54ceaa1a.jpg,1,21.18,0,5
Roboflow_Classifier_train_117A3789_jpg.rf.6ef03e1e1fa07186667b0ac56a19187e.jpg,2,3.26,0,3
Roboflow_Classifier_train_117A3789_jpg.rf.8b4b649a8c0065dacb108b30fd65a607.jpg,2,15.94,0,6
Roboflow_Classifier_train_117A3789_jpg.rf.f3090f2a844bb6924f56c0a456007370.jpg,0,12.15,0,6
Roboflow_Classifier_train_117A3793_jpg.rf.6d67ce488752fd8f65ca4d127f0ab99a.jpg,1,5.39,0,4
Roboflow_Classifier_train_117A3793_jpg.rf.c21cc9334abcfeeae4e06899b5a39787.jpg,0,26.42,0,8
Roboflow_Classifier_train_117A3793_jpg.rf.f9bdf8af0f2a5d6a3d947e52c0ea64c8.jpg,1,21.54,0,7
Roboflow_Classifier_train_117A3800_jpg.rf.a3d7cb325756907127b1cae4b90ada3d.jpg,1,26.68,0,2
Roboflow_Classifier_train_117A3800_jpg.rf.d963433a963f8c09ddf5f66ec711045b.jpg,2,23.45,0,7
Roboflow_Classifier_train_117A3800_jpg.rf.f4588fcac71ce7c3f515aebaa18c95ff.jpg,2,25.49,0,1
Roboflow_Classifier_train_117A3802_jpg.rf.02f99c6c5cf7c2cc4a6416dc34347091.jpg,3,8.91,0,6
Roboflow_Classifier_train_117A3802_jpg.rf.4e225c4d9d4dcfea3c3aef60c4de1b85.jpg,2,5.09,0,3
Roboflow_Classifier_train_117A3802_jpg.rf.6990a2f93684ca5cf3e0308dfac0af9f.jpg,1,8.0,0,8
Roboflow_Classifier_train_117A3803_jpg.rf.071e897d201677ee2bc1197b65d210d2.jpg,1,9.56,0,6
Roboflow_Classifier_train_117A3803_jpg.rf.49f96883d7b4d0e38a774c1e7ca11e8f.jpg,2,2.61,0,4
Roboflow_Classifier_train_117A3803_jpg.rf.6de12fda425abd1a948674e5e99a8d7f.jpg,2,29.57,0,1
Roboflow_Classifier_train_117A3804_jpg.rf.226cb789a9a91d01c96532f8fd56b62a.jpg,1,7.7,0,6
Roboflow_Classifier_train_117A3804_jpg.rf.46aa11a621f55f3a2aa20f336aa2bbe2.jpg,1,19.85,0,1
Roboflow_Classifier_train_117A3804_jpg.rf.edc1d40cea03e77e3fa3931af2e5d719.jpg,2,25.05,0,1
Roboflow_Classifier_train_117A3809_jpg.rf.2d3e6c61a99b1cf294f2f3b8c778b10c.jpg,2,3.75,0,4
Roboflow_Classifier_train_117A3809_jpg.rf.429fb00d1d995e47ec32436e319d89ca.jpg,2,4.83,0,4
Roboflow_Classifier_train_117A3809_jpg.rf.b30297cec7e83c5bbf55568ea6118d8a.jpg,2,41.84,0,2
Roboflow_Classifier_train_117A3810_jpg.rf.54bc791e041f9bdfa942a6407ca85735.jpg,2,3.2,0,0
Roboflow_Classifier_train_117A3810_jpg.rf.95ee6ba85d6e91c47d391da09157acc5.jpg,2,1.23,0,9
Roboflow_Classifier_train_117A3810_jpg.rf.f6b33154700e77119ca87194a2b78ea7.jpg,3,20.07,0,8
Roboflow_Classifier_train_117A3819_jpg.rf.05ee12cf342d6551b63184e8291f1a75.jpg,1,4.77,0,0
Roboflow_Classifier_train_117A3819_jpg.rf.0799a26a275b33f0c0d8023026bc7abd.jpg,3,25.14,0,7
Roboflow_Classifier_train_117A3819_jpg.rf.7b02e022dce36047aacf7a232ce665f7.jpg,2,7.16,0,0
Roboflow_Classifier_train_117A3820_jpg.rf.837467216124fd236cdf580488b43d41.jpg,2,3.41,0,0
Roboflow_Classifier_train_117A3820_jpg.rf.c3637dadbd3ba0cbf29368ec15ccdc66.jpg,2,31.62,0,2
Roboflow_Classifier_train_117A3820_jpg.rf.ed2c34e115a8fc3a60469f1627547db9.jpg,2,10.0,0,2
Roboflow_Classifier_train_117A3822_jpg.rf.57a8b5fd48f2db6167eb4f2230f32be0.jpg,0,40.61,0,1
Roboflow_Classifier_train_117A3822_jpg.rf.a8ae179df343e0846fdc810ff54cacd4.jpg,0,4.37,0,3
Roboflow_Classifier_train_117A3822_jpg.rf.b9768d5fd3298c57efc35d841aed2625.jpg,2,12.27,0,8
Roboflow_Classifier_train_117A3828_jpg.rf.9776ec0bbe415c7e60f1df618775bf0e.jpg,2,4.99,0,3
Roboflow_Classifier_train_117A3828_jpg.rf.a512f9b00e91e32a36a14b6d1c14499e.jpg,1,2.25,0,4
Roboflow_Classifier_train_117A3828_jpg.rf.ca995a101f98dd250cab4b9a3c386efa.jpg,3,15.61,0,8
Roboflow_Classifier_train_117A3835_jpg.rf.353f2bd672a0a02dda35a298b75a8a95.jpg,0,23.31,0,7
Roboflow_Classifier_train_117A3835_jpg.rf.81c4b1e8a45dc71466afd06d2458a43d.jpg,2,21.97,0,2
Roboflow_Classifier_train_117A3835_jpg.rf.c45bdaefd16a8a9e6a40549cd49a5c74.jpg,2,1.5,0,0
Roboflow_Classifier_train_117A3839_jpg.rf.315f4cc90e09330b1acb864588d18f7e.jpg,0,16.58,0,8
Roboflow_Classifier_train_117A3839_jpg.rf.cb02d80df56dde4f1a15caceeee4abf8.jpg,2,2.68,0,9
Roboflow_Classifier_train_117A3839_jpg.rf.e8124ee4237c284510afeef23e9c29e8.jpg,3,17.06,0,1
Roboflow_Classifier_train_117A3843_jpg.rf.15bddfd19a1ac07192ab952ed21312b3.jpg,2,36.34,0,2
Roboflow_Classifier_train_117A3843_jpg.rf.2c62994409ddf86d3f85a2117149e017.jpg,2,6.88,0,0
Roboflow_Classifier_train_117A3843_jpg.rf.f73686d00abc336d9373f7c35e7721f9.jpg,3,5.93,0,0
Roboflow_Classifier_train_117A3848_jpg.rf.597dce316c8845b311813dc674767a30.jpg,2,9.79,0,5
Roboflow_Classifier_train_117A3848_jpg.rf.97c3c52b60f90e22af3c99a26fc3aa81.jpg,2,31.05,0,1
Roboflow_Classifier_train_117A3848_jpg.rf.aa97385b9b42e0157ff89be7b05adbc8.jpg,2,5.56,0,3
Roboflow_Classifier_train_117A3854_jpg.rf.450391b0187f9ed3a2d25a8374f5912c.jpg,2,2.92,0,3
Roboflow_Classifier_train_117A3854_jpg.rf.b7f0c115de1c5e0e2406d06cecd35b8a.jpg,0,15.2,0,5
Roboflow_Classifier_train_117A3854_jpg.rf.cca95c130103d24b36d31ae4137eb76e.jpg,2,26.84,0,7
Roboflow_Classifier_train_117A3858_jpg.rf.32e4f3991746b67de99dc09241974732.jpg,2,6.82,0,0
Roboflow_Classifier_train_117A3858_jpg.rf.4f2ae315edc17186e26a85296a5fbe1e.jpg,1,1.2,0,3
Roboflow_Classifier_train_117A3858_jpg.rf.6d399fef87443d1ab923ffab16ddd918.jpg,2,79.25,0,2
Roboflow_Classifier_train_117A3864_jpg.rf.186336773736c8d0d0c82a522233db1c.jpg,2,3.35,0,4
Roboflow_Classifier_train_117A3864_jpg.rf.7e8dc4565c2dbe56f80641b538edd153.jpg,3,58.51,0,2
Roboflow_Classifier_train_117A3864_jpg.rf.ad5124dc99e7ef728e8f57c08523da09.jpg,0,5.68,0,0
Roboflow_Classifier_train_117A3868_jpg.rf.1326a5996c1ef0d035ee095e0950ebc1.jpg,2,21.54,0,5
Roboflow_Classifier_train_117A3868_jpg.rf.3f29cf964b2af3ebfee00a20029fbf1b.jpg,1,43.43,0,2
Roboflow_Classifier_train_117A3868_jpg.rf.6bb0a6abe65342acb18660b836126b22.jpg,2,2.01,0,9
Roboflow_Classifier_train_117A3871_jpg.rf.0ec31116a7a0e0d30d3a485ca472f372.jpg,1,2.56,0,3
Roboflow_Classifier_train_117A3871_jpg.rf.2b5797a24131d45e57ed0ddeeb34bb8d.jpg,3,9.35,0,5
Roboflow_Classifier_train_117A3871_jpg.rf.819b4c229a0f80035b9a2ad48ae04330.jpg,2,3.58,0,4
Roboflow_Classifier_train_117A3879_jpg.rf.1299915542ab76cc6d83b049ad5450e1.jpg,2,20.63,0,8
Roboflow_Classifier_train_117A3879_jpg.rf.207d1a26e52f0bfb69ae080bc0e02b0b.jpg,3,15.95,0,7
Roboflow_Classifier_train_117A3879_jpg.rf.53964f2b33f95adcbd1a8c7a27683064.jpg,1,10.05,0,7
Roboflow_Classifier_train_117A3880_jpg.rf.4a2428496499ad9e44bb640a4d236288.jpg,2,2.71,0,9
Roboflow_Classifier_train_117A3880_jpg.rf.74d9deb9db41d3ff1a8234ceb6cf1dc0.jpg,3,4.38,0,3
Roboflow_Classifier_train_117A3880_jpg.rf.e4f9878e8500b05df03832010a8bdeb1.jpg,1,1.96,0,4
Roboflow_Classifier_train_117A3882_jpg.rf.117f3b256584e7fec8e33c4150159f62.jpg,2,5.0,0,6
Roboflow_Classifier_train_117A3882_jpg.rf.d24460dca4ef8bde7a2cda23d654a4ef.jpg,1,7.38,0,0
Roboflow_Classifier_train_117A3882_jpg.rf.d6148371f9872a7e8eca96567bd60c31.jpg,0,5.0,0,6
Roboflow_Classifier_train_117A3883_jpg.rf.063c39bc3f50e58870dd53b61bcc5a84.jpg,1,23.83,0,7
Roboflow_Classifier_train_117A3883_jpg.rf.7a450ee45ffcda45e9f289d179a0eddf.jpg,2,5.0,0,6
Roboflow_Classifier_train_117A3883_jpg.rf.a94eb35479bbef355dfb0f57b2ad95eb.jpg,2,3.27,0,3
Roboflow_Classifier_train_117A3884_jpg.rf.586287a96780af009526f9060c4003eb.jpg,3,22.65,0,8
Roboflow_Classifier_train_117A3884_jpg.rf.96f21a664aa0163f368279895ec26d9d.jpg,0,6.18,0,3
Roboflow_Classifier_train_117A3884_jpg.rf.98db4da8dae1e6c1dc5437ae7c1f480f.jpg,2,22.99,0,2
Roboflow_Classifier_train_117A3892_jpg.rf.cf884bac0e96ca0388073322a57eac62.jpg,1,45.11,0,2
Roboflow_Classifier_train_117A3892_jpg.rf.d1ed11f7f35034091a5f1431a0a1003a.jpg,1,6.16,0,4
Roboflow_Classifier_train_117A3892_jpg.rf.f22614ae97801dae9b19c57eb01a4503.jpg,2,17.97,0,8
Roboflow_Classifier_train_117A3893_jpg.rf.38360c315ea16c5755152322cb2affc2.jpg,2,4.99,0,0
Roboflow_Classifier_train_117A3893_jpg.rf.a82a029ba613805ff7e19287235d3738.jpg,2,28.47,0,2
Roboflow_Classifier_train_117A3893_jpg.rf.b70f22cb7b3bb1fb9d361e00969e654d.jpg,2,2.91,0,4
Roboflow_Classifier_train_117A3894_jpg.rf.5394f10856cc7114c6ed66928fd3f803.jpg,2,18.2,0,5
Roboflow_Classifier_train_117A3894_jpg.rf.9f6221c4f397577b713ec79b8c24e11d.jpg,2,1.94,0,9
Roboflow_Classifier_train_117A3894_jpg.rf.daf21ed1af41417e0d171f21b3c082cc.jpg,2,5.0,0,6
Roboflow_Classifier_train_117A3897_jpg.rf.49cf5a2ff5a63cfde72a3a2fb8b1dd8a.jpg,1,17.75,0,8
Roboflow_Classifier_train_117A3897_jpg.rf.5aa7561bc3028c1b0ac21eede70841ab.jpg,2,5.0,0,6
Roboflow_Classifier_train_117A3897_jpg.rf.c421db6f790654c1d13af46cb3cd41a8.jpg,2,23.83,0,2
Roboflow_Classifier_train_117A3904_jpg.rf.186f366fb75ae2113a217c50b6f69fc2.jpg,2,1.63,0,9
Roboflow_Classifier_train_117A3904_jpg.rf.c247165fba436e8efeea0125d61fb036.jpg,2,4.94,0,0
Roboflow_Classifier_train_117A3904_jpg.rf.feac53ed4fc34d6058101bb6c2f75e65.jpg,2,13.97,0,7
Roboflow_Classifier_train_117A3907_jpg.rf.153fde8f01d338e321899d178c0ca94e.jpg,1,30.24,0,2
Roboflow_Classifier_train_117A3907_jpg.rf.5b2bc8ce2fa1a454ef74d5e4c3a3b2ab.jpg,2,39.31,0,2
Roboflow_Classifier_train_117A3907_jpg.rf.bc2b6c20385ea04537209808cd03f0a8.jpg,2,3.3,0,4
Roboflow_Classifier_train_117A3909_jpg.rf.5d9494e55e396f9774bdb6e0b964335d.jpg,2,0.64,0,9
Roboflow_Classifier_train_117A3909_jpg.rf.767aeb411922a40fb89f8fcfbe3c59fa.jpg,0,6.47,0,0
Roboflow_Classifier_train_117A3909_jpg.rf.fbbb268e66366974f6ccc3f7077928a8.jpg,1,7.7,0,6
Roboflow_Classifier_train_117A3912_jpg.rf.384efdc92f9f2ea5949bea157c49c30f.jpg,2,12.29,0,6
Roboflow_Classifier_train_117A3912_jpg.rf.89a098966beddaa4074ae167bb06ec28.jpg,1,2.64,0,0
Roboflow_Classifier_train_117A3912_jpg.rf.d257983204c40bfe2faa52f62adac2c0.jpg,2,6.37,0,0
Roboflow_Classifier_train_117A3913_jpg.rf.233b250e0dee3743c9100733e17d59fb.jpg,0,8.69,0,6
Roboflow_Classifier_train_117A3913_jpg.rf.275b1790be8b78afe519130f89c9b6ca.jpg,2,19.45,0,8
Roboflow_Classifier_train_117A3913_jpg.rf.83d0cb19d27fd38fc7d7484492ce6686.jpg,2,9.18,0,8
Roboflow_Classifier_train_117A3914_jpg.rf.47443b18a53790ce22c8b11dd2c5c0e5.jpg,2,3.51,0,4
Roboflow_Classifier_train_117A3914_jpg.rf.4928af326d7aa60380a546224f81bb46.jpg,2,5.0,0,6
Roboflow_Classifier_train_117A3914_jpg.rf.b7ccbbffc7483ec2af833b74c684ff9c.jpg,2,18.65,0,5
Roboflow_Classifier_train_117A3916_jpg.rf.392696896a5f41ef15863a3ad4e9e584.jpg,1,8.14,0,0
Roboflow_Classifier_train_117A3916_jpg.rf.bc255fc2ea382dfbf250e1400f53caa3.jpg,2,29.91,0,2
Roboflow_Classifier_train_117A3916_jpg.rf.ed895d496a5d9d72ebb4fef5be38b67e.jpg,3,1.55,0,9
Roboflow_Classifier_train_117A3931_jpg.rf.644a6dea939807ebf03bbe9e1e0943ca.jpg,3,15.71,0,6
Roboflow_Classifier_train_117A3931_jpg.rf.82db7fa9d9776f1a51ae828d48bd129b.jpg,1,1.86,0,9
Roboflow_Classifier_train_117A3931_jpg.rf.e86dcdd33d3491d03b9aeb3b6177bb2b.jpg,1,1.6,0,0
Roboflow_Classifier_train_117A3936_jpg.rf.a3f97c192e23ec112f7ca57a432a939a.jpg,2,6.82,0,0
Roboflow_Classifier_train_117A3936_jpg.rf.c80247f4ae7a5845a7192a11f62db6a6.jpg,3,3.46,0,4
Roboflow_Classifier_train_117A3936_jpg.rf.fee9009e6c7695117ef1dd7b5a747e23.jpg,2,1.0,0,3
Roboflow_Classifier_train_117A3943_jpg.rf.97e5bca42fa061f6a648d50ddcba6e69.jpg,0,21.66,0,8
Roboflow_Classifier_train_117A3943_jpg.rf.c1d3e334546443e17bb051388290d244.jpg,2,6.8,0,5
Roboflow_Classifier_train_117A3943_jpg.rf.c539a09e9c73854a4b25e51acd95aae0.jpg,2,6.14,0,6
Roboflow_Classifier_train_117A3944_jpg.rf.278defa217eec47cb673fe650d331e78.jpg,2,0.5,0,9
Roboflow_Classifier_train_117A3944_jpg.rf.2bc4eaf511729f0fd78712aaf729e757.jpg,0,8.0,0,8
Roboflow_Classifier_train_117A3944_jpg.rf.f9319c3898fb6231119f2627500fe85e.jpg,1,5.4,0,0
Roboflow_Classifier_train_117A3952_jpg.rf.3f6d3697f3ce4e8cbb5659b5e1a82939.jpg,0,1.87,0,9
Roboflow_Classifier_train_117A3952_jpg.rf.c6e817755adf3e44010f82a96c8aa23b.jpg,2,18.37,0,5
Roboflow_Classifier_train_117A3952_jpg.rf.f069560aabed78acbc48a27288fa6879.jpg,2,1.81,0,9
Roboflow_Classifier_train_117A3956_jpg.rf.221f657ead117fc253e65d0ce9679d25.jpg,2,17.41,0,7
Roboflow_Classifier_train_117A3956_jpg.rf.54db71ff5e7d1d5c9a5468c9a8d90b17.jpg,0,12.69,0,7
Roboflow_Classifier_train_117A3956_jpg.rf.a18f3a99bfc993b2b49f5166a83053fb.jpg,0,2.37,0,4
Roboflow_Classifier_train_117A3965_jpg.rf.79f2eaa041ac43331e38d2a2c0ed76d6.jpg,0,19.91,0,8
Roboflow_Classifier_train_117A3965_jpg.rf.b6d72b74bd40fc666ae65c6f0616ddc4.jpg,2,34.38,0,2
Roboflow_Classifier_train_117A3965_jpg.rf.ece92529ae0ef5a20d58b95d20f37701.jpg,1,15.24,0,8
Roboflow_Classifier_train_117A3967_jpg.rf.06b6f365064ba7462fe0834d429b03a0.jpg,1,34.97,0,2
Roboflow_Classifier_train_117A3967_jpg.rf.825072bad49a642961e037ec83dc9851.jpg,2,34.02,0,2
Roboflow_Classifier_train_117A3967_jpg.rf.c73a07b376fef2568245964ea12969b7.jpg,1,13.5,0,5
Roboflow_Classifier_train_117A3969_jpg.rf.6a0b31664b4633e0daa9921f2db0fd65.jpg,3,6.56,0,3
Roboflow_Classifier_train_117A3969_jpg.rf.8c852555b1e7f8ce7cd0f7f292ba0974.jpg,2,3.17,0,4
Roboflow_Classifier_train_117A3969_jpg.rf.bf62562833fb01439e34bf0978b8ae94.jpg,1,7.64,0,0
Roboflow_Classifier_train_117A3971_jpg.rf.0b3475d3c7cfb2cfef308f8a05bf9bce.jpg,2,18.2,0,5
Roboflow_Classifier_train_117A3971_jpg.rf.671fec3be6ccd82163d87c1c146b9795.jpg,2,3.92,0,4
Roboflow_Classifier_train_117A3971_jpg.rf.e97b9cbee20ab09fed508a6518c7535a.jpg,0,26.63,0,7
Roboflow_Classifier_train_117A3974_jpg.rf.46888929dd5d5b14a066215e68414593.jpg,2,21.09,0,8
Roboflow_Classifier_train_117A3974_jpg.rf.5b54ddb97569616f660120db39d2e324.jpg,2,3.81,0,3
Roboflow_Classifier_train_117A3974_jpg.rf.6bebe53b37005d85e566ce362eea0afa.jpg,2,6.3,0,5
Roboflow_Classifier_train_117A3975_jpg.rf.028f8b335822a0e91f0972130be941f7.jpg,2,3.13,0,4
Roboflow_Classifier_train_117A3975_jpg.rf.2210343e2aa3adfb90f9005ca7cab607.jpg,2,26.84,0,1
Roboflow_Classifier_train_117A3975_jpg.rf.d91ef4397c278fe8379a1bb9801bdf3a.jpg,1,32.05,0,1
Roboflow_Classifier_train_117A3981_jpg.rf.7c4edf8eff8f70cc6d9147f5c47b206f.jpg,1,22.29,0,1
Roboflow_Classifier_train_117A3981_jpg.rf.a85601b541e1fe3f11552130271ca909.jpg,1,19.77,0,8
Roboflow_Classifier_train_117A3981_jpg.rf.e9cf4228d7954861ccd77cd52f98a646.jpg,2,0.8,0,9
Roboflow_Classifier_train_117A3982_jpg.rf.18496692818d243f2c7694a4c11171e5.jpg,3,4.75,0,3
Roboflow_Classifier_train_117A3982_jpg.rf.d593a11313e4363998facf580ad69504.jpg,1,1.59,0,4
Roboflow_Classifier_train_117A3982_jpg.rf.df496e25f9603175d7aab28b58f45b43.jpg,1,28.91,0,7
Roboflow_Classifier_train_117A3983_jpg.rf.526a2e956ceadce62e88bed3b121534e.jpg,2,5.0,0,6
Roboflow_Classifier_train_117A3983_jpg.rf.a8878cc4d294a4fd7c71eb6b0582f6d8.jpg,2,5.0,0,6
Roboflow_Classifier_train_117A3983_jpg.rf.febc2692e001b1aadb15e831d00bc79e.jpg,2,28.56,0,7
Roboflow_Classifier_train_117A3999_jpg.rf.5b4c0b878c7c1a42403d4e84f1e8c8c1.jpg,1,1.3,0,9
Roboflow_Classifier_train_117A3999_jpg.rf.a388af2dd8f9977a2fec1bad5d215515.jpg,2,9.21,0,6
Roboflow_Classifier_train_117A3999_jpg.rf.fa4156d5d92b9514e74ff7ce75a32274.jpg,2,2.77,0,0
Roboflow_Classifier_train_117A4000_jpg.rf.09341eea173bb7e65a56e045f82f1bcb.jpg,2,6.5,0,3
Roboflow_Classifier_train_117A4000_jpg.rf.7c164d085b741c8a701019f14e4b6ff7.jpg,2,7.24,0,0
Roboflow_Classifier_train_117A4000_jpg.rf.c8765849893d229e5ed0d180b6ce8670.jpg,3,2.35,0,3
Roboflow_Classifier_train_117A4001_jpg.rf.383bd908121e88d29e02f9228cc2779c.jpg,0,2.07,0,3
Roboflow_Classifier_train_117A4001_jpg.rf.769a0456ec8cc35a22b21f9291cad09f.jpg,3,17.79,0,8
Roboflow_Classifier_train_117A4001_jpg.rf.8f7df697f67e72505e7887f34c79dc47.jpg,1,25.47,0,8
Roboflow_Classifier_train_117A4003_jpg.rf.2b888cf2cad6dd925bfb12e2b8a068bd.jpg,2,0.91,0,9
Roboflow_Classifier_train_117A4003_jpg.rf.b14aa55b64e6a1a922580fc6f04823cd.jpg,0,27.22,0,2
Roboflow_Classifier_train_117A4003_jpg.rf.b1aeb16d68095dacf8278ec1aca13b06.jpg,2,27.68,0,7
Roboflow_Classifier_train_117A4007_jpg.rf.dcaf0c8eb756222bf5c479cccf8b2865.jpg,2,11.21,0,0
Roboflow_Classifier_train_117A4007_jpg.rf.efbcd46114a89e0390461db48c34cca2.jpg,2,3.64,0,3
Roboflow_Classifier_train_117A4007_jpg.rf.f59fa286446d88d356beebd78c677456.jpg,2,16.85,0,1
Roboflow_Classifier_train_117A4008_jpg.rf.7b81124d94589bdbb4770c00100eee0f.jpg,3,17.5,0,8
Roboflow_Classifier_train_117A4008_jpg.rf.a7667286df2d044a2e00436fd5b99589.jpg,2,24.38,0,7
Roboflow_Classifier_train_117A4008_jpg.rf.e610e0d67adb3cec4ecd6b57fd5d1a0d.jpg,3,20.14,0,1
Roboflow_Classifier_train_117A4010_jpg.rf.1362e73867216de6ac1acaf8b922d1e0.jpg,1,44.61,0,7
Roboflow_Classifier_train_117A4010_jpg.rf.882e4a5a62bbb80406fed863ada7d9b9.jpg,1,34.92,0,2
Roboflow_Classifier_train_117A4010_jpg.rf.e3e95956cf1223eca0e49b9081beb10b.jpg,2,12.68,0,6
Roboflow_Classifier_train_117A4013_jpg.rf.de6edc909878e69fa4de6a6778399715.jpg,2,8.88,0,6
Roboflow_Classifier_train_117A4013_jpg.rf.f9c641bbe1139ae5ced08fabb3ffcaf8.jpg,2,11.12,0,5
Roboflow_Classifier_train_117A4013_jpg.rf.fe8c4f3734af3bc13b9232f537f42432.jpg,2,0.74,0,9
Roboflow_Classifier_train_117A4015_jpg.rf.399b5eab537ed378cb1fcb4210318568.jpg,2,2.67,0,4
Roboflow_Classifier_train_117A4015_jpg.rf.68c7128c8f52a45f249e80ce0e256571.jpg,3,5.83,0,0
Roboflow_Classifier_train_117A4015_jpg.rf.d756e9bee52c95569ee0d935151a2b75.jpg,2,4.35,0,0
Roboflow_Classifier_train_117A4018_jpg.rf.4b19b0ec3fa1f4575bed579e0736460a.jpg,2,34.94,0,1
Roboflow_Classifier_train_117A4018_jpg.rf.7ad7cc86092c3715a0cd064085c49a2e.jpg,2,1.48,0,9
Roboflow_Classifier_train_117A4018_jpg.rf.e0f2a9dce9414d727b0240803e189967.jpg,1,47.96,0,2
Roboflow_Classifier_train_117A4019_jpg.rf.164006e2e225367aa29d5ae7633fe46f.jpg,1,4.41,0,3
Roboflow_Classifier_train_117A4019_jpg.rf.36ad682c9816912b836fd6acaf217972.jpg,2,6.3,0,4
Roboflow_Classifier_train_117A4019_jpg.rf.898b779c91f84962d4d1accde62b2bd0.jpg,0,9.35,0,5
Roboflow_Classifier_train_117A4020_jpg.rf.b82dbb43095b0d60b04beb8d3ddf64c4.jpg,3,9.05,0,5
Roboflow_Classifier_train_117A4020_jpg.rf.cdcd724a39764988cafd2e7c3ecfc91f.jpg,1,3.57,0,0
Roboflow_Classifier_train_117A4020_jpg.rf.dbd69efd38b3b7298b3e32004fd8b40c.jpg,2,5.91,0,0
Roboflow_Classifier_train_117A4022_jpg.rf.5e44458ec1bf987c8a86893891b09406.jpg,2,34.44,0,2
Roboflow_Classifier_train_117A4022_jpg.rf.620a1b39f1167a01b86aa89cbdd94dc0.jpg,2,36.85,0,7
Roboflow_Classifier_train_117A4022_jpg.rf.b5749f48a38cbf3dbacd539b0982136d.jpg,1,59.45,0,2
Roboflow_Classifier_train_117A4024_jpg.rf.3a4b466719505fa2b6794f9ae9d9a78c.jpg,2,14.63,0,5
Roboflow_Classifier_train_117A4024_jpg.rf.a52acc728e6300348003a56f827e45fc.jpg,2,2.06,0,9
Roboflow_Classifier_train_117A4024_jpg.rf.cc925e4279e0151c50f499225df0d198.jpg,2,5.82,0,6
Roboflow_Classifier_train_117A4027_jpg.rf.6aac1b91e5d293beff7cc0e4f184ba0a.jpg,1,13.91,0,1
Roboflow_Classifier_train_117A4027_jpg.rf.e7202035ba6f0d64d93b402ce700376e.jpg,2,22.27,0,6
Roboflow_Classifier_train_117A4027_jpg.rf.f7e9cfbae6d95ed508905bf5fc010d83.jpg,2,14.39,0,5
Roboflow_Classifier_train_117A4028_jpg.rf.0347b09b6ec2303c71d164a83c3cf3e8.jpg,2,4.12,0,4
Roboflow_Classifier_train_117A4028_jpg.rf.638d893348e2e43dbf139243adf01485.jpg,2,18.06,0,5
Roboflow_Classifier_train_117A4028_jpg.rf.c7fd494ce487cfd6d4e052d793473f28.jpg,2,17.73,0,7
Roboflow_Classifier_train_117A4029_jpg.rf.3b1e5ec4db4d514b2ef11dfe6cc39d00.jpg,2,4.74,0,3
Roboflow_Classifier_train_117A4029_jpg.rf.b7c4656434ab0889ad43b12f88cd9c6e.jpg,2,17.3,0,5
Roboflow_Classifier_train_117A4029_jpg.rf.d42ba69ba5efa776371a2ff93ee31dd3.jpg,2,26.74,0,2
Roboflow_Classifier_train_117A4035_jpg.rf.402095281e09cd896e4a70fbcba53531.jpg,0,4.27,0,0
Roboflow_Classifier_train_117A4035_jpg.rf.685aea2a76158ca5cf55e6de0bf005df.jpg,1,18.43,0,5
Roboflow_Classifier_train_117A4035_jpg.rf.ba99fdb63f7879b6849e5cbedf46773e.jpg,2,11.91,0,5
Roboflow_Classifier_train_117A4036_jpg.rf.3dde66a189ed61d9925de1eda78163e1.jpg,2,0.8,0,9
Roboflow_Classifier_train_117A4036_jpg.rf.7253baa8b12c0e2ef9ec9545a9f207da.jpg,2,6.15,0,4
Roboflow_Classifier_train_117A4036_jpg.rf.eaf49684cd57f82fede8906b7925b681.jpg,2,1.76,0,9
Roboflow_Classifier_train_117A4039_jpg.rf.14d3b02010b46e5daa739336c28996f1.jpg,0,2.52,0,4
Roboflow_Classifier_train_117A4039_jpg.rf.695882b8588da2c771ddd21420a2e068.jpg,3,46.18,0,2
Roboflow_Classifier_train_117A4039_jpg.rf.9a5002d3a6b3f23a97b31faa8fb243d7.jpg,2,8.0,0,8
Roboflow_Classifier_train_117A4042_jpg.rf.1353ae37ef523f47aaa5b9e9ee0e8e37.jpg,3,27.14,0,5
Roboflow_Classifier_train_117A4042_jpg.rf.1a9637da297ecdd4b53a7b2d2fa17c2d.jpg,1,14.65,0,6
Roboflow_Classifier_train_117A4042_jpg.rf.8c82bc503919e821008dec6df8ed7cec.jpg,2,7.5,0,0
Roboflow_Classifier_train_117A4043_jpg.rf.691dfa2ec811498f4ef4e2fd5a08b6b7.jpg,3,3.46,0,3
Roboflow_Classifier_train_117A4043_jpg.rf.87014c4fdf50a492b332a5e06ab9d499.jpg,3,20.8,0,8
Roboflow_Classifier_train_117A4043_jpg.rf.b4ce3bfb1f5c0a6e2d50f53e6af9671d.jpg,2,1.27,0,9
Roboflow_Classifier_train_117A4044_jpg.rf.3ec80aefe6f364d17ac574a38a450da7.jpg,2,5.14,0,3
Roboflow_Classifier_train_117A4044_jpg.rf.691007566e8477085e57bb74715155cd.jpg,0,22.06,0,7
Roboflow_Classifier_train_117A4044_jpg.rf.e7f46fc7c663b29c871af2066749352d.jpg,1,18.84,0,5
Roboflow_Classifier_train_117A4050_jpg.rf.117bd4ba641d245bc3d18a43bd766c08.jpg,2,1.78,0,3
Roboflow_Classifier_train_117A4050_jpg.rf.828bfb5f3a564f9988a33a5e4662a758.jpg,2,2.02,0,9
Roboflow_Classifier_train_117A4050_jpg.rf.c3c4e4e76d822461625e51e2c0340316.jpg,1,5.0,0,6
Roboflow_Classifier_train_117A4051_jpg.rf.01a5910ca5620ab881426e621784a499.jpg,2,26.85,0,1
Roboflow_Classifier_train_117A4051_jpg.rf.7779eaa6970edfbff522639ef5902771.jpg,3,14.6,0,6
Roboflow_Classifier_train_117A4051_jpg.rf.d2449ad3966bb24f75c6e974d5dfb108.jpg,2,9.88,0,5
Roboflow_Classifier_train_117A4054_jpg.rf.1d2d0b6ae6ba2c418f050f78e7aefb46.jpg,2,13.83,0,6
Roboflow_Classifier_train_117A4054_jpg.rf.4df156a1ffce3fc34c25981359ea8d7f.jpg,2,19.06,0,1
Roboflow_Classifier_train_117A4054_jpg.rf.58e958a0e159ae7f16dd5fe0b066b49d.jpg,1,13.02,0,6
Roboflow_Classifier_train_117A4055_jpg.rf.a361b9fb39f976cea67d9e5b8d4f3e1d.jpg,2,20.11,0,8
Roboflow_Classifier_train_117A4055_jpg.rf.b4d4d0f8503c6ee49e1f0845b53017f8.jpg,1,16.55,0,8
Roboflow_Classifier_train_117A4055_jpg.rf.b88d4278287658d3ab22982408d928ac.jpg,1,33.3,0,1
Roboflow_Classifier_train_117A4057_jpg.rf.516e8f7895d59bc44d8ecdf667b5e812.jpg,2,10.0,0,7
Roboflow_Classifier_train_117A4057_jpg.rf.7378b60d1cb44b6ef13a4a7fbbcb5ff9.jpg,1,24.53,0,7
Roboflow_Classifier_train_117A4057_jpg.rf.8fe4bd6a2e85a996f048294f04f96a90.jpg,0,2.77,0,4
Roboflow_Classifier_train_117A4058_jpg.rf.29fc3d4b4f2a8a2cf767aaba368ab3b5.jpg,2,17.43,0,8
Roboflow_Classifier_train_117A4058_jpg.rf.9ed15924a94fecc5bdadf4ffeb3aca5b.jpg,1,20.11,0,7
Roboflow_Classifier_train_117A4058_jpg.rf.d14d86ac7b2c14a2eabf585f151ee12d.jpg,2,22.73,0,8
Roboflow_Classifier_train_117A4059_jpg.rf.22819f0e89fe0e47bf0a0cc5cd8a7ea6.jpg,2,1.1,0,9
Roboflow_Classifier_train_117A4059_jpg.rf.2fc62c61dc424099460069d56d4356d4.jpg,0,5.86,0,6
Roboflow_Classifier_train_117A4059_jpg.rf.e4fee78d5dfe8b0c57afc0654446556d.jpg,2,24.44,0,5
Roboflow_Classifier_train_117A4062_jpg.rf.2edf32200b6b9fdb285f8970ec9efd4f.jpg,2,2.46,0,4
Roboflow_Classifier_train_117A4062_jpg.rf.3e92b2d303ff621881f32dc57bdc175a.jpg,1,9.39,0,5
Roboflow_Classifier_train_117A4062_jpg.rf.83b19e22c335df29a8a18b6ad9f960c9.jpg,1,36.65,0,2
Roboflow_Classifier_train_117A4064_jpg.rf.30e8680dff0ba0012caf703d62a8560f.jpg,1,11.06,0,8
Roboflow_Classifier_train_117A4064_jpg.rf.c9e7beec846058d5bb193b9237fb2465.jpg,3,10.0,0,7
Roboflow_Classifier_train_117A4064_jpg.rf.d16993af5b3648bdbf5b7d46f6d3de9d.jpg,2,1.61,0,9
Roboflow_Classifier_train_117A4069_jpg.rf.4b00da5e5408cf1ad801589b3b9a67e2.jpg,2,1.9,0,9
Roboflow_Classifier_train_117A4069_jpg.rf.63973b38fc819e1e5604718fa609e95b.jpg,2,4.62,0,4
Roboflow_Classifier_train_117A4069_jpg.rf.e3b356874664797751d62b437128ffb8.jpg,3,21.06,0,1
Roboflow_Classifier_train_117A4072_jpg.rf.0ed6055c98a28438055fc5618e8f89ad.jpg,2,10.87,0,8
Roboflow_Classifier_train_117A4072_jpg.rf.711bbb30ddf480f5a960cb9dd247bcef.jpg,1,16.92,0,7
Roboflow_Classifier_train_117A4072_jpg.rf.b58371aca45c1db4da7c5f31f10700f0.jpg,0,29.65,0,1
Roboflow_Classifier_train_117A4073_jpg.rf.41e62c4375a86a19822f2aa8edb2de8e.jpg,2,10.0,0,7
Roboflow_Classifier_train_117A4073_jpg.rf.7d41a5efb10cc4dbea0617abb59abed4.jpg,2,16.93,0,8
Roboflow_Classifier_train_117A4073_jpg.rf.cbea74057abdda49c21061e3040add6e.jpg,0,10.0,0,2
Roboflow_Classifier_train_117A4075_jpg.rf.2d1e73c653c8f71998d1c7b71f1350e1.jpg,2,1.11,0,9
Roboflow_Classifier_train_117A4075_jpg.rf.3a1f5e3e874d76d99d1bc0db9e6764da.jpg,2,42.19,0,2
Roboflow_Classifier_train_117A4075_jpg.rf.6f2a8a1fbcfd2a48e854a7283025db3b.jpg,1,1.84,0,3
Roboflow_Classifier_train_117A4079_jpg.rf.55c546a1fc6bbc5176cf80a1aa6413a1.jpg,1,1.5,0,4
Roboflow_Classifier_train_117A4079_jpg.rf.61f9a71404628741dc0bde5cebe9a3fb.jpg,1,1.59,0,9
Roboflow_Classifier_train_117A4079_jpg.rf.c58610c1d6858981d251624772e8df4c.jpg,2,2.87,0,0
Roboflow_Classifier_train_117A4080_jpg.rf.73d61d809d926ffbebe0795769737c5d.jpg,3,32.0,0,7
Roboflow_Classifier_train_117A4080_jpg.rf.993852f1b35313ed795309574804bdc4.jpg,2,1.5,0,4
Roboflow_Classifier_train_117A4080_jpg.rf.a622e4268e1eb901a6d64ee4462b7d18.jpg,2,1.14,0,9
Roboflow_Classifier_train_117A4082_jpg.rf.1acd95702c9ef2cf2973d0c8e5f27bc3.jpg,1,21.64,0,5
Roboflow_Classifier_train_117A4082_jpg.rf.d0fc4a64de09aea7c720e35f6f8ed642.jpg,2,61.39,0,2
Roboflow_Classifier_train_117A4082_jpg.rf.da45712c3dd45c5bd4526fd9b66f6f70.jpg,1,21.94,0,5
Roboflow_Classifier_train_117A4083_jpg.rf.393a74475ec7463bc5ef666aaa3a14a4.jpg,2,25.38,0,1
Roboflow_Classifier_train_117A4083_jpg.rf.c988c7a3b6a4a27997e502f4f058c912.jpg,0,1.66,0,9
Roboflow_Classifier_train_117A4083_jpg.rf.fbc8db581aea1cd5aeb083418d3339c5.jpg,2,1.68,0,9
Roboflow_Classifier_train_117A4086_jpg.rf.07d1388366e0dccb51ffd467a95aac00.jpg,0,3.81,0,0
Roboflow_Classifier_train_117A4086_jpg.rf.30526ed5f0cf86cc0b5cd7058ef7ae89.jpg,3,12.49,0,7
Roboflow_Classifier_train_117A4086_jpg.rf.6b76370b375aff0c9121b5a93c4eb45c.jpg,2,15.45,0,6
Roboflow_Classifier_train_117A4093_jpg.rf.1f8130dde5271996e7725d90e3330700.jpg,1,18.56,0,8
Roboflow_Classifier_train_117A4093_jpg.rf.5525265ae38a352b42b515211b407faa.jpg,1,5.0,0,6
Roboflow_Classifier_train_117A4093_jpg.rf.5fb9ec3dcf3a49bdc035ac49a3f3bd4a.jpg,2,7.02,0,4
Roboflow_Classifier_train_117A4096_jpg.rf.1c5c33c8ce4d12f2434007dd373dee02.jpg,2,16.47,0,5
Roboflow_Classifier_train_117A4096_jpg.rf.4ca75e71461656edbfd8b8b68030189e.jpg,2,25.56,0,5
Roboflow_Classifier_train_117A4096_jpg.rf.78ae73a030520dfd86964e55688f567f.jpg,3,19.8,0,7
Roboflow_Classifier_train_117A4100_jpg.rf.2e66839324bcdabeb406ba7d6a323c23.jpg,1,18.78,0,7
Roboflow_Classifier_train_117A4100_jpg.rf.43b86426d364b55c680c75a8ca9b3c76.jpg,1,13.54,0,7
Roboflow_Classifier_train_117A4100_jpg.rf.83904a2b031d0533cbb9641a90b173d8.jpg,2,33.2,0,2
Roboflow_Classifier_train_117A4102_jpg.rf.80b0694952de3b0a67143128da87e3d4.jpg,1,10.45,0,8
Roboflow_Classifier_train_117A4102_jpg.rf.c54299a069e1103b5e5afdab7254d803.jpg,2,17.18,0,5
Roboflow_Classifier_train_117A4102_jpg.rf.f9e35ef3dc645021b44db50e58dee90b.jpg,2,22.72,0,1
Roboflow_Classifier_train_117A4103_jpg.rf.add5014d5109666e5fb57a8795215ef8.jpg,0,5.25,0,5
Roboflow_Classifier_train_117A4103_jpg.rf.cc3c9786d06a044ba2d7a15c04e5afd4.jpg,1,7.42,0,0
Roboflow_Classifier_train_117A4103_jpg.rf.eb502671b9b2bcc538736401ef1ad644.jpg,1,34.63,0,7
Roboflow_Classifier_train_117A4104_jpg.rf.258193819734e923c60224216cc48e9b.jpg,1,4.26,0,3
Roboflow_Classifier_train_117A4104_jpg.rf.a983dde2760445754dcaf2cda86446c1.jpg,2,5.71,0,3
Roboflow_Classifier_train_117A4104_jpg.rf.bd6c80654a6e2049a6076fa76db4fa21.jpg,0,24.12,0,6
Roboflow_Classifier_train_117A4106_jpg.rf.14160b6b4b7fb07011635293e387fbae.jpg,3,9.96,0,6
Roboflow_Classifier_train_117A4106_jpg.rf.2a571b4dbb5a84265783f0a6e03addb3.jpg,2,16.46,0,8
Roboflow_Classifier_train_117A4106_jpg.rf.98addbd15c483bee7261e25b7a35ae22.jpg,1,3.56,0,3
Roboflow_Classifier_train_117A4109_jpg.rf.518cf838f058adc9ab1255cda0557f74.jpg,2,1.16,0,9
Roboflow_Classifier_train_117A4109_jpg.rf.633c427987d1073aaa9898df09e1bc76.jpg,2,21.5,0,8
Roboflow_Classifier_train_117A4109_jpg.rf.86a8d8175096b1ff180dce29f204968d.jpg,2,2.83,0,4
Roboflow_Classifier_train_121A1465_jpg.rf.0f565145a7f79401975d9a842bffe4f6.jpg,1,19.48,0,7
Roboflow_Classifier_train_121A1465_jpg.rf.4f4de7a233eafc5283057db3d6fffe84.jpg,1,58.38,0,2
Roboflow_Classifier_train_121A1465_jpg.rf.8ba2287b4d781751f87f9f5dd51703ef.jpg,2,1.8,0,9
Roboflow_Classifier_train_121A1466_jpg.rf.131567c425d53211521f0561800d2372.jpg,2,24.98,0,2
Roboflow_Classifier_train_121A1466_jpg.rf.676cec7cf8bb53cfa12e22c819679e16.jpg,2,1.51,0,3
Roboflow_Classifier_train_121A1466_jpg.rf.ce803c9793e6cef9aa51a7e61d881060.jpg,2,20.05,0,1
Roboflow_Classifier_train_121A1469_jpg.rf.b6e496922727e947579bcef275d3da09.jpg,2,1.99,0,9
Roboflow_Classifier_train_121A1469_jpg.rf.b910fcf513baad60dfbded391227243d.jpg,2,16.53,0,8
Roboflow_Classifier_train_121A1469_jpg.rf.f09a1e5505dbfd80dbb7d59eba14aa71.jpg,2,5.3,0,4
Roboflow_Classifier_train_121A1473_jpg.rf.581bdbf59af5094fd26c8d9e00f54a0f.jpg,2,57.88,0,2
Roboflow_Classifier_train_121A1473_jpg.rf.cbb62f45ab7bfd0cf8e0cf64ed0d061d.jpg,2,58.0,0,2
Roboflow_Classifier_train_121A1473_jpg.rf.dee0e1aaae3012f0c6b82c55e5f89447.jpg,2,8.81,0,0
Roboflow_Classifier_train_121A1481_jpg.rf.1113cb3a3f5d7b5fa595e52177fbdbe5.jpg,0,3.09,0,3
Roboflow_Classifier_train_121A1481_jpg.rf.5b7e9a032feed409fec15f3f96bd3aa4.jpg,1,6.59,0,0
Roboflow_Classifier_train_121A1481_jpg.rf.ccd597a2d957934f8e6814258e81ba81.jpg,1,5.08,0,4
Roboflow_Classifier_train_121A1482_jpg.rf.1fe549e2985b340f7f39d4c6e67fa5b9.jpg,1,21.6,0,1
Roboflow_Classifier_train_121A1482_jpg.rf.a53409f0b9441e8bdd56859b61a2e3db.jpg,2,5.65,0,3
Roboflow_Classifier_train_121A1482_jpg.rf.dcda01430936244f9e6208e63be119f7.jpg,2,16.16,0,1
Roboflow_Classifier_train_121A1483_jpg.rf.9291fbe4e41487e0445e14c77547d4cc.jpg,1,2.4,0,9
Roboflow_Classifier_train_121A1483_jpg.rf.a45089f3983d73be8cb04bfe0d2c5617.jpg,1,3.44,0,3
Roboflow_Classifier_train_121A1483_jpg.rf.b11c4e7f8dec21b341b5fd51fbcf6d6f.jpg,1,16.87,0,8
Roboflow_Classifier_train_121A1485_jpg.rf.2230cede5356084dcd6aa229d28fa89a.jpg,3,30.37,0,1
Roboflow_Classifier_train_121A1485_jpg.rf.553bf98662d5dc5abbad4bd8a111b1dc.jpg,3,4.28,0,4
Roboflow_Classifier_train_121A1485_jpg.rf.bd2f31fe4179d64603325b1d211440fd.jpg,2,42.71,0,2
Roboflow_Classifier_train_121A1491_jpg.rf.49df9ce5a8939fb63159132806b81b83.jpg,3,22.11,0,6
Roboflow_Classifier_train_121A1491_jpg.rf.8049ea969816aaa2f9c7e06bef14c96b.jpg,2,20.42,0,8
Roboflow_Classifier_train_121A1491_jpg.rf.d99c01e6762d80e373522cd994f00a82.jpg,2,1.24,0,9
Roboflow_Classifier_train_121A1494_jpg.rf.02ca06096285387e87f14113c7ae5d6c.jpg,2,6.89,0,0
Roboflow_Classifier_train_121A1494_jpg.rf.06da01fbc3cd0a4672e96004227f58d9.jpg,1,6.69,0,3
Roboflow_Classifier_train_121A1494_jpg.rf.e67b7e08c9a25e8800328ccbee046a32.jpg,2,32.5,0,7
Roboflow_Classifier_train_121A1495_jpg.rf.8b4c074cea16c478a9ce28c723f63746.jpg,2,15.64,0,6
Roboflow_Classifier_train_121A1495_jpg.rf.9bb22faa567240c458b2878a3a46fe89.jpg,2,31.97,0,1
Roboflow_Classifier_train_121A1495_jpg.rf.c4873f2b04a0598ed935976197cd1c8e.jpg,2,17.51,0,8
Roboflow_Classifier_train_121A1498_jpg.rf.3a81dd940686e950a23da44b2d39d24b.jpg,1,9.2,0,8
Roboflow_Classifier_train_121A1498_jpg.rf.cb23b375fef814c0c0f01ba3185b6e3b.jpg,2,10.0,0,7
Roboflow_Classifier_train_121A1498_jpg.rf.e7d7e87ef040d489d66274da8f7bc15e.jpg,2,13.58,0,8
Roboflow_Classifier_train_121A1500_jpg.rf.2069f0a2d48a389d67c4813e301a8914.jpg,3,6.4,0,3
Roboflow_Classifier_train_121A1500_jpg.rf.40dbcde89305c9d8dd8c8a270ef95b98.jpg,2,22.08,0,2
Roboflow_Classifier_train_121A1500_jpg.rf.ed3e20e5bb3e11847fbfb9ffa13211c2.jpg,2,1.23,0,9
Roboflow_Classifier_train_121A1501_jpg.rf.0d7c4a26785bb0b3571165d60f2386c8.jpg,2,15.39,0,1
Roboflow_Classifier_train_121A1501_jpg.rf.d8468c7811cfc7cd3186420c5435cebb.jpg,2,3.39,0,0
Roboflow_Classifier_train_121A1501_jpg.rf.ff342e5ace97545ec1d413ac780d82c3.jpg,2,15.96,0,8
Roboflow_Classifier_train_121A1505_jpg.rf.810d1a18b4151369487f1cf96eeb51b1.jpg,2,19.14,0,6
Roboflow_Classifier_train_121A1505_jpg.rf.81fbc27849a349994c3fd2c572220e28.jpg,2,21.43,0,2
Roboflow_Classifier_train_121A1505_jpg.rf.89afc27d324075e30c1a9d023399ded7.jpg,2,2.31,0,4
Roboflow_Classifier_train_121A1506_jpg.rf.1db9355928aa8097aa9bbe604fbcd2e7.jpg,1,5.88,0,4
Roboflow_Classifier_train_121A1506_jpg.rf.aae28fd5d7fae4a2a2bc4d9e163d778c.jpg,1,22.28,0,6
Roboflow_Classifier_train_121A1506_jpg.rf.dbebea04dc5f20250af0cdda18f802fb.jpg,2,14.74,0,6
Roboflow_Classifier_train_121A1508_jpg.rf.2a0fe3ac07f9bc2840b3ed5e2334a923.jpg,2,5.82,0,4
Roboflow_Classifier_train_121A1508_jpg.rf.41eabc24c36752e9ab1faf1eb4fb1f9d.jpg,2,7.38,0,5
Roboflow_Classifier_train_121A1508_jpg.rf.b6d2e879ba71d0e65be8b26c5cfadf89.jpg,2,10.0,0,1
Roboflow_Classifier_train_121A1511_jpg.rf.314d127793e84088729a74ef90eb2ac2.jpg,2,17.22,0,5
Roboflow_Classifier_train_121A1511_jpg.rf.7db0133f2130e0f8c5a08e2328a35e8e.jpg,2,12.55,0,5
Roboflow_Classifier_train_121A1511_jpg.rf.c266b93c97cfd778633ce65f15575871.jpg,1,21.58,0,7
Roboflow_Classifier_train_121A1515_jpg.rf.0397e457b7c5a508d8be231d05afc4ec.jpg,3,18.99,0,7
Roboflow_Classifier_train_121A1515_jpg.rf.202f83f9d7e79f292c7785b8973577f6.jpg,0,1.5,0,0
Roboflow_Classifier_train_121A1515_jpg.rf.2d7d8e66c40e7fbf0104e816bed83e36.jpg,1,1.48,0,9
Roboflow_Classifier_train_122A2455_jpg.rf.8b3e2bc4c030e3ea549fe8a9d74959e2.jpg,1,5.37,0,0
Roboflow_Classifier_train_122A2455_jpg.rf.b2589426a0597af2deb8790d07813863.jpg,2,3.36,0,3
Roboflow_Classifier_train_122A2455_jpg.rf.fc1696e072bfc2fa3a6049e4d185bc95.jpg,3,32.23,0,1
Roboflow_Classifier_train_122A2457_jpg.rf.1c48667b54239d9ea211fb2cca07640c.jpg,2,2.45,0,3
Roboflow_Classifier_train_122A2457_jpg.rf.8071dfc351f9a895de274661a0c24fe3.jpg,1,37.04,0,2
Roboflow_Classifier_train_122A2457_jpg.rf.cfc23d58e8a292b841ca95d4581aff69.jpg,1,8.0,0,8
Roboflow_Classifier_train_122A2458_jpg.rf.6a027f054e3a947814873787b7761219.jpg,2,3.53,0,4
Roboflow_Classifier_train_122A2458_jpg.rf.89206c6d3accb9409e5ea01871a0999a.jpg,1,47.32,0,2
Roboflow_Classifier_train_122A2458_jpg.rf.ee871b8eebbf905a675f27c977171f88.jpg,2,13.28,0,8
Roboflow_Classifier_train_122A2459_jpg.rf.13354572abadede027abe621a024cd52.jpg,2,44.8,0,2
Roboflow_Classifier_train_122A2459_jpg.rf.3019cbb337be97262e889e8c46385a5e.jpg,2,14.04,0,7
Roboflow_Classifier_train_122A2459_jpg.rf.3834e623a7b585c3871f3d108b9587d3.jpg,1,14.36,0,8
Roboflow_Classifier_train_122A2461_jpg.rf.601a3affd4c625b45e969a44e7dc0c0a.jpg,1,18.31,0,5
Roboflow_Classifier_train_122A2461_jpg.rf.9f1c3091e7176971a603370d18faa3a8.jpg,2,3.45,0,3
Roboflow_Classifier_train_122A2461_jpg.rf.c0cf30cc8053784106853d6ae73dd0d5.jpg,2,15.4,0,5
Roboflow_Classifier_train_122A2482_jpg.rf.03b0c105afacb8b98688fadaa4466472.jpg,2,12.46,0,1
Roboflow_Classifier_train_122A2482_jpg.rf.1734fafe52af2ec1728443213d8afb38.jpg,1,16.6,0,8
Roboflow_Classifier_train_122A2482_jpg.rf.6096917e3c165fa29e8de0ae199b1129.jpg,1,4.1,0,4
Roboflow_Classifier_train_122A2486_jpg.rf.9c05a2f78bafa9170b7d28e61e6ecfc4.jpg,2,1.5,0,4
Roboflow_Classifier_train_122A2486_jpg.rf.d7426abba142744937d3549c74ca8aa8.jpg,2,8.32,0,6
Roboflow_Classifier_train_122A2486_jpg.rf.fa5c44b01892af44c05f71d91b201be2.jpg,2,2.51,0,9
Roboflow_Classifier_train_122A2487_jpg.rf.6a3cbcafc9aadb46198864003234c3d9.jpg,1,12.43,0,5
Roboflow_Classifier_train_122A2487_jpg.rf.9ab05a37529ef89e38e10e98d61abcc3.jpg,2,5.0,0,6
Roboflow_Classifier_train_122A2487_jpg.rf.ec47072bf75d9565e4d3f3897bb3c74a.jpg,2,16.87,0,8
Roboflow_Classifier_train_122A2521_jpg.rf.7de6d355ac39b972672cc05fbf80fee2.jpg,2,25.55,0,7
Roboflow_Classifier_train_122A2521_jpg.rf.8d4785225840475b8d5b22d6423a9401.jpg,3,19.95,0,8
Roboflow_Classifier_train_122A2521_jpg.rf.e412c8a79461cdf6b218a6b2b0dabacb.jpg,2,4.19,0,0
Roboflow_Classifier_train_122A2549_jpg.rf.8852231a74965d2fb46f7b72265761ed.jpg,2,24.44,0,8
Roboflow_Classifier_train_122A2549_jpg.rf.da1c86c0580c45b35cae6e388d06db8d.jpg,2,3.58,0,4
Roboflow_Classifier_train_122A2549_jpg.rf.e43b194561df712e98894e449f7c37e4.jpg,1,1.13,0,9
Roboflow_Classifier_train_122A2550_jpg.rf.3edab706d929456370ba100a895033e8.jpg,3,1.37,0,9
Roboflow_Classifier_train_122A2550_jpg.rf.69fc9d5fa579f537f75f62abc78e2efa.jpg,2,16.35,0,7
Roboflow_Classifier_train_122A2550_jpg.rf.c84abfa931de7cf198c0c0aabd87793d.jpg,0,4.27,0,3
Roboflow_Classifier_train_122A2564_jpg.rf.12d69a4d964cd2ac97b3b6a786b07f9f.jpg,0,10.0,0,7
Roboflow_Classifier_train_122A2564_jpg.rf.7402c8a265c53d5363af60070743fafb.jpg,1,5.81,0,6
Roboflow_Classifier_train_122A2564_jpg.rf.fa69a7bd30bbc7fe01d33b3c8b1888a3.jpg,2,19.04,0,6
Roboflow_Classifier_train_122A2574_jpg.rf.2a3b928a7b3f0e8ca37af26a2cda1902.jpg,2,4.35,0,3
Roboflow_Classifier_train_122A2574_jpg.rf.a538e8e71462fe1c802a0d4aa594ecc8.jpg,1,3.23,0,4
Roboflow_Classifier_train_122A2574_jpg.rf.febe7c98fe55b2ec9e48e982b94b3986.jpg,3,4.53,0,3
Roboflow_Classifier_train_122A2581_jpg.rf.6767a51b4b8ea1061556b6ebdacc059d.jpg,1,17.46,0,7
Roboflow_Classifier_train_122A2581_jpg.rf.b5ded506af51bcabb0900a63a7fc48d5.jpg,2,8.27,0,5
Roboflow_Classifier_train_122A2581_jpg.rf.b6e3b93da486dc6361f692fb1bb149a5.jpg,0,30.57,0,1
Roboflow_Classifier_train_122A2583_jpg.rf.1b7e830b99630902a5d504b15f0e8b93.jpg,2,38.71,0,2
Roboflow_Classifier_train_122A2583_jpg.rf.3b1c3fddb55e5e85513890f8c747e931.jpg,1,22.02,0,1
Roboflow_Classifier_train_122A2583_jpg.rf.b461c705836eef3535a96f6a64ce8fbd.jpg,0,46.84,0,2
Roboflow_Classifier_train_122A2584_jpg.rf.ba75f96ae7fc9078127d9bf8818d8ddd.jpg,2,17.72,0,6
Roboflow_Classifier_train_122A2584_jpg.rf.c9af38eda2fb823a163abed4d9c24c63.jpg,2,5.82,0,4
Roboflow_Classifier_train_122A2584_jpg.rf.f95e0d30b99af69cd7f608e5a6cd0861.jpg,1,12.49,0,8
Roboflow_Classifier_train_122A2586_jpg.rf.a4fa3c419439a7b3598e8cda8e5848c4.jpg,1,32.81,0,1
Roboflow_Classifier_train_122A2586_jpg.rf.c74143aed56e71984d4189145d3f580d.jpg,2,20.31,0,5
Roboflow_Classifier_train_122A2586_jpg.rf.d195f91b4a3296f3a2de7ff00e8bde7d.jpg,3,5.0,0,6
Roboflow_Classifier_train_122A2587_jpg.rf.dd7eb2bfa3658b53449eb6b31e53bec6.jpg,1,37.63,0,1
Roboflow_Classifier_train_122A2587_jpg.rf.f4ab34cb16139218e157a2759e4ff6b9.jpg,2,45.87,0,2
Roboflow_Classifier_train_122A2587_jpg.rf.fcadf583f746bc41c040cc8e2001f527.jpg,2,2.8,0,3
Roboflow_Classifier_train_122A2598_jpg.rf.9eddbb0a9dff559b61eb4726727db6c1.jpg,1,8.0,0,8
Roboflow_Classifier_train_122A2598_jpg.rf.c926da0651ea0eeee9bdda426414333a.jpg,2,45.65,0,2
Roboflow_Classifier_train_122A2598_jpg.rf.f957fc81d4e47c32a6ba8ac303356e37.jpg,3,30.13,0,6
Roboflow_Classifier_train_122A2599_jpg.rf.117cb4a125ebf19f70dd047c505a781b.jpg,2,11.7,0,6
Roboflow_Classifier_train_122A2599_jpg.rf.8b05a13d0d7f8b1f5b932cb01cb8367c.jpg,0,22.27,0,5
Roboflow_Classifier_train_122A2599_jpg.rf.b9bf43913f0280f18cbf7499fd696bef.jpg,2,14.46,0,1
Roboflow_Classifier_train_122A2603_jpg.rf.3755087d05d6553186ada375410e9878.jpg,1,16.84,0,6
Roboflow_Classifier_train_122A2603_jpg.rf.93d3fd5199785ff2ea6e8241b106ef0d.jpg,2,26.16,0,1
Roboflow_Classifier_train_122A2603_jpg.rf.b11d28d779df850cd9e86342da779a89.jpg,2,2.23,0,0
Roboflow_Classifier_train_122A2617_jpg.rf.0b811039f9780d80494cae86b0101153.jpg,2,4.4,0,0
Roboflow_Classifier_train_122A2617_jpg.rf.48f47f4de5b2c4506424266c78e4ccad.jpg,1,47.93,0,2
Roboflow_Classifier_train_122A2617_jpg.rf.8707803de4449fbe62cb6124ee992895.jpg,2,19.01,0,8
Roboflow_Classifier_train_122A2631_jpg.rf.54b9c9aff6f6a72c4f54bb9eea9e75e4.jpg,2,12.77,0,7
Roboflow_Classifier_train_122A2631_jpg.rf.a0f1b732449630de676659993724a289.jpg,2,5.9,0,3
Roboflow_Classifier_train_122A2631_jpg.rf.a59b6dcae823658d2f868b1dec1579cf.jpg,2,1.17,0,9
Roboflow_Classifier_train_122A2676_jpg.rf.083006f9edd2be9022ecd8bc3ac098ae.jpg,3,13.1,0,6
Roboflow_Classifier_train_122A2676_jpg.rf.662056f3be3e9a77aeb0c48ba81b2c7d.jpg,0,7.34,0,6
Roboflow_Classifier_train_122A2676_jpg.rf.72c3bd38360d5e5d7542c0313112c95a.jpg,1,5.63,0,0
Roboflow_Classifier_train_122A2701_jpg.rf.217193d6ded290b585ce772815361fcb.jpg,3,7.36,0,0
Roboflow_Classifier_train_122A2701_jpg.rf.66f3358ce89aeeef70f4dec447579d89.jpg,2,12.79,0,7
Roboflow_Classifier_train_122A2701_jpg.rf.9942f69016826c8a255d111a93b04f3e.jpg,2,6.39,0,0
Roboflow_Classifier_train_122A2710_jpg.rf.0994ce9eff99f62495c7cbb66e5a2088.jpg,2,24.09,0,2
Roboflow_Classifier_train_122A2710_jpg.rf.9aa9ae398c2e7c11cb1fe232e50e69bb.jpg,2,1.5,0,0
Roboflow_Classifier_train_122A2710_jpg.rf.f19bf4f8f15952a858fefbe79bdf6674.jpg,2,35.85,0,2
Roboflow_Classifier_train_122A2711_jpg.rf.63e78414c79f81857bfac95834fbdd82.jpg,1,13.09,0,8
Roboflow_Classifier_train_122A2711_jpg.rf.6c9c9f6d8a25dcbded87434e300bd0ac.jpg,2,22.77,0,1
Roboflow_Classifier_train_122A2711_jpg.rf.ec2691cbb0ec2627f3e4fb877a17cc0b.jpg,2,1.83,0,9
Roboflow_Classifier_train_122A2714_jpg.rf.107f634bd3247255ccdac893d3c4bebb.jpg,1,6.92,0,0
Roboflow_Classifier_train_122A2714_jpg.rf.68084547970c37cd8f4cb48708bd0a1e.jpg,0,16.77,0,5
Roboflow_Classifier_train_122A2714_jpg.rf.69ad4aa5798fbee69af21ecdf7576c27.jpg,2,2.87,0,4
Roboflow_Classifier_train_122A2718_jpg.rf.3aae541f589cd186dd928ebb26f327a4.jpg,2,3.63,0,4
Roboflow_Classifier_train_122A2718_jpg.rf.c6bc37a7153c443715a63895d0293d2c.jpg,2,14.1,0,5
Roboflow_Classifier_train_122A2718_jpg.rf.ecc2476c14f3d3fce86195e6e74de93d.jpg,1,3.75,0,0
Roboflow_Classifier_train_122A2730_jpg.rf.5962efe720b81824e5405d0e1f7a7dd7.jpg,2,21.71,0,8
Roboflow_Classifier_train_122A2730_jpg.rf.9595f9ee12529ddf02ea6a2a94d71073.jpg,2,4.91,0,3
Roboflow_Classifier_train_122A2730_jpg.rf.da46de345ea81893ee6c27614f25af1c.jpg,2,15.0,0,8
Roboflow_Classifier_train_122A2731_jpg.rf.44608224a4096a1661c289969eca08ab.jpg,1,23.12,0,8
Roboflow_Classifier_train_122A2731_jpg.rf.a8900618eb5916cd5eec2f3a861df25c.jpg,1,1.91,0,9
Roboflow_Classifier_train_122A2731_jpg.rf.c6b185eef40bef5f1ca6c48867f21002.jpg,2,4.69,0,3
Roboflow_Classifier_train_122A2735_jpg.rf.6fb4e9ca20f856858b88f84dde90283c.jpg,2,29.26,0,2
Roboflow_Classifier_train_122A2735_jpg.rf.d3519ec601a938c655e40500c421bee0.jpg,1,52.95,0,2
Roboflow_Classifier_train_122A2735_jpg.rf.e83f7fd46a35916de6a1c334ffe9eb4a.jpg,2,0.72,0,9
Roboflow_Classifier_train_122A2752_jpg.rf.3e23cbb961decadfbc1ea88cd9b67d76.jpg,0,10.38,0,8
Roboflow_Classifier_train_122A2752_jpg.rf.d6eb2f4b35b3e68206033d2f8cb1ea63.jpg,1,3.57,0,4
Roboflow_Classifier_train_122A2752_jpg.rf.da3553ed8b4c56db7952f6e4d036fb05.jpg,2,8.43,0,6
Roboflow_Classifier_train_122A2754_jpg.rf.64fcddd55912603357abb827c1ff95c6.jpg,2,3.24,0,0
Roboflow_Classifier_train_122A2754_jpg.rf.7529f1baf2fa3682d2de0086fc90e349.jpg,2,17.55,0,5
Roboflow_Classifier_train_122A2754_jpg.rf.86034dbb823fe38b3dc50b83058b40b5.jpg,1,36.27,0,1
Roboflow_Classifier_train_122A2759_jpg.rf.719697830f7fb6a04dc7c1085e9b2a85.jpg,0,0.93,0,9
Roboflow_Classifier_train_122A2759_jpg.rf.86f0371373fbde29021b198f906fc77c.jpg,2,4.87,0,4
Roboflow_Classifier_train_122A2759_jpg.rf.fe94ceb9e8dc94062b8371b4ea684168.jpg,2,1.42,0,9
Roboflow_Classifier_train_122A2776_jpg.rf.81e7744e7600b6b26cebe85e9c4f826c.jpg,2,5.89,0,4
Roboflow_Classifier_train_122A2776_jpg.rf.aa54eab2a7b447eb69a0376c6f6efdc4.jpg,1,10.28,0,7
Roboflow_Classifier_train_122A2776_jpg.rf.f8a61cd7c9f7601479e9fa27d088043d.jpg,3,11.77,0,8
Roboflow_Classifier_train_122A2779_jpg.rf.434ba9ab04979a0dd1204e0eef387df2.jpg,1,20.67,0,8
Roboflow_Classifier_train_122A2779_jpg.rf.8e053b99a59d64fe7d4b0718f827bd82.jpg,2,22.02,0,7
Roboflow_Classifier_train_122A2779_jpg.rf.d08417c22d2fff646ebf522b302b8424.jpg,3,15.33,0,5
Roboflow_Classifier_train_122A2784_jpg.rf.56bcfb5cef9b29727ec4569244c8ef5d.jpg,2,19.37,0,7
Roboflow_Classifier_train_122A2784_jpg.rf.7751c468e338177373ad396eae71d1a9.jpg,2,23.07,0,2
Roboflow_Classifier_train_122A2784_jpg.rf.c3283038d13d11859cfe32da495ba50a.jpg,2,33.11,0,2
Roboflow_Classifier_train_122A2785_jpg.rf.00143faa8130a2f3686e2c490a02f749.jpg,1,10.0,0,1
Roboflow_Classifier_train_122A2785_jpg.rf.05d212bd35fa9e45ff7abf5bf33e2d7c.jpg,2,5.0,0,6
Roboflow_Classifier_train_122A2785_jpg.rf.647c0df6558d5deb07bf0c586e201045.jpg,2,15.78,0,2
Roboflow_Classifier_train_122A2789_jpg.rf.794dcf45df734f5bb904c4c3f49be0d8.jpg,3,7.25,0,0
Roboflow_Classifier_train_122A2789_jpg.rf.a984f1d1b8cdd42664424a4d9ccca5b4.jpg,2,5.16,0,0
Roboflow_Classifier_train_122A2789_jpg.rf.c6266945bee71b94d6b1e379f2c3a012.jpg,2,2.07,0,9
Roboflow_Classifier_train_122A2796_jpg.rf.79144347a5dec24268f3ddd090f56509.jpg,2,37.98,0,2
Roboflow_Classifier_train_122A2796_jpg.rf.8ba7c49899d813de9c009cb27be56628.jpg,2,22.51,0,8
Roboflow_Classifier_train_122A2796_jpg.rf.94d4ad5bd79075b191ab66954054badf.jpg,1,2.75,0,3
Roboflow_Classifier_train_122A2805_jpg.rf.16ee453e8d20b47e2fe2a733a2d50b41.jpg,2,15.68,0,8
Roboflow_Classifier_train_122A2805_jpg.rf.8134a2b7e3cc5b6b8e9d3ea563ea0d6e.jpg,2,19.59,0,1
Roboflow_Classifier_train_122A2805_jpg.rf.be1203f919852ef1094e0a2d592432fc.jpg,1,1.0,0,3
Roboflow_Classifier_train_122A2809_jpg.rf.896843f3bc32c94cc71fee527e197254.jpg,2,5.0,0,6
Roboflow_Classifier_train_122A2809_jpg.rf.9dbffaf41226d53e039a29bf0df6a106.jpg,2,9.73,0,5
Roboflow_Classifier_train_122A2809_jpg.rf.e9a6e6e41bd04d696bcbb80aea546b17.jpg,0,15.58,0,5
Roboflow_Classifier_train_122A2811_jpg.rf.584cabb5a431a8b8187c54c71c3b6c64.jpg,2,16.61,0,5
Roboflow_Classifier_train_122A2811_jpg.rf.8c45196aa1e8b837ad40fa32388a738e.jpg,2,5.0,0,6
Roboflow_Classifier_train_122A2811_jpg.rf.e35fbfbd6a0740cef6fd278d2778efc4.jpg,0,26.96,0,7
Roboflow_Classifier_train_122A2812_jpg.rf.4d76eb442aa81c1d7a1a70d7fda121b4.jpg,0,2.82,0,4
Roboflow_Classifier_train_122A2812_jpg.rf.6eb064913be2b78ac24547c771bd47ea.jpg,1,7.02,0,0
Roboflow_Classifier_train_122A2812_jpg.rf.8c6e09065b6107f11cc928be087f0061.jpg,1,22.45,0,6
Roboflow_Classifier_train_122A2820_jpg.rf.214d0630a77b729d3516602aa55e3aec.jpg,2,15.37,0,8
Roboflow_Classifier_train_122A2820_jpg.rf.921282b2a2eada40d1b51a1b0f6371f7.jpg,2,14.92,0,6
Roboflow_Classifier_train_122A2820_jpg.rf.f4c00b965d5b7d856c77600f3b601a48.jpg,2,1.23,0,3
Roboflow_Classifier_train_122A2843_jpg.rf.985a40b2e87ef2fba8a477736d2c4ee4.jpg,1,20.57,0,2
Roboflow_Classifier_train_122A2843_jpg.rf.9f4d93680a1770bbf2099db6df4e9b35.jpg,3,15.53,0,5
Roboflow_Classifier_train_122A2843_jpg.rf.f3fa957f157d9068a154b5ddfa8234ad.jpg,2,5.53,0,0
Roboflow_Classifier_train_122A2844_jpg.rf.02dc2fb3658a87580b254feea64f8e84.jpg,1,6.52,0,6
Roboflow_Classifier_train_122A2844_jpg.rf.30fe20efcb1a0e4c253b1ccc64605ae7.jpg,1,3.19,0,4
Roboflow_Classifier_train_122A2844_jpg.rf.f4e8622e7aa900552a1bbc3b8aba62b7.jpg,2,5.0,0,6
Roboflow_Classifier_train_122A2849_jpg.rf.088329f331a2422fa8c823169ef73a69.jpg,2,10.34,0,1
Roboflow_Classifier_train_122A2849_jpg.rf.7df0e8406b3404d2e11deb6dd34318f1.jpg,0,18.25,0,5
Roboflow_Classifier_train_122A2849_jpg.rf.c8f4d45cbc941536d3dd8bb81ac41f66.jpg,1,33.38,0,2
Roboflow_Classifier_train_122A2850_jpg.rf.7a6ea0cc412f057984e0d42bc33bed8e.jpg,2,1.34,0,9
Roboflow_Classifier_train_122A2850_jpg.rf.c7f36ad0035a086666d62de7a4bf93ac.jpg,2,18.08,0,2
Roboflow_Classifier_train_122A2850_jpg.rf.e7d27195c4aab7548ad868246091c06d.jpg,1,19.19,0,5
Roboflow_Classifier_train_122A2852_jpg.rf.a5ac5341c524557a1e0497a48d8356dd.jpg,2,24.39,0,8
Roboflow_Classifier_train_122A2852_jpg.rf.bf8f1a26d1537f19a140568309e863dd.jpg,2,4.34,0,4
Roboflow_Classifier_train_122A2852_jpg.rf.fbd224a5a94bbce0f5cd83989ad9d19f.jpg,2,24.98,0,2
Roboflow_Classifier_train_122A2869_jpg.rf.369dcd198c3df31f6ccc27c053207a4f.jpg,2,2.88,0,4
Roboflow_Classifier_train_122A2869_jpg.rf.aaa04a008f5e92619845cfd5cb086514.jpg,2,3.82,0,3
Roboflow_Classifier_train_122A2869_jpg.rf.f0aba176d2ebd14ae35d171bfda99fe9.jpg,0,5.12,0,0
Roboflow_Classifier_train_122A2870_jpg.rf.2766e9be4cbc66f32a6a440fad790172.jpg,2,19.1,0,7
Roboflow_Classifier_train_122A2870_jpg.rf.aff5fdf9bd96713b7ac08db68a11eab8.jpg,2,0.94,0,9
Roboflow_Classifier_train_122A2870_jpg.rf.b26a05a17c65aa99ae754290f1cbe5ca.jpg,2,21.67,0,8
Roboflow_Classifier_train_122A2885_jpg.rf.4136d33baffc5443540f38cb17889a17.jpg,2,1.56,0,9
Roboflow_Classifier_train_122A2885_jpg.rf.b9ff01bd965798069c16c1e35dc12792.jpg,2,32.4,0,1
Roboflow_Classifier_train_122A2885_jpg.rf.fd5f2cadbd793d6051955d2650e3b0f2.jpg,2,14.84,0,6
Roboflow_Classifier_train_122A2886_jpg.rf.509c1062677588305d41141aa9474609.jpg,0,35.4,0,1
Roboflow_Classifier_train_122A2886_jpg.rf.ec32bd749ede7c053a0ada8dbb8b3cfa.jpg,2,33.23,0,2
Roboflow_Classifier_train_122A2886_jpg.rf.f7989f9333313b718fee426b84ba0039.jpg,1,3.03,0,3
Roboflow_Classifier_train_122A2887_jpg.rf.222749910b008d302b17eb7a4a69aba2.jpg,3,8.0,0,8
Roboflow_Classifier_train_122A2887_jpg.rf.a6549d97f9e77bf7abee454a0bb4f182.jpg,0,6.36,0,0
Roboflow_Classifier_train_122A2887_jpg.rf.ab1112e06a98d28603a1709384582422.jpg,2,2.37,0,9
Roboflow_Classifier_train_122A2899_jpg.rf.0d0b854b33515336933f580b0b1f0d40.jpg,0,14.58,0,1
Roboflow_Classifier_train_122A2899_jpg.rf.4c10a4ac837f4246a9795af6a29a3372.jpg,1,8.0,0,8
Roboflow_Classifier_train_122A2899_jpg.rf.72b51f6b3b59467408c38e0cf09c1c1e.jpg,3,4.74,0,0
Roboflow_Classifier_train_122A2900_jpg.rf.77ebba23970d0cbaeb562bc23d0af6ac.jpg,2,34.86,0,1
Roboflow_Classifier_train_122A2900_jpg.rf.a67c3fcb30040213560bc316531020d0.jpg,0,15.29,0,8
Roboflow_Classifier_train_122A2900_jpg.rf.b1be9e10648507e559647d65ae140a60.jpg,1,4.06,0,4
Roboflow_Classifier_train_122A2915_jpg.rf.6baf9e436fd68eb0640244d93e1be385.jpg,0,1.73,0,4
Roboflow_Classifier_train_122A2915_jpg.rf.c42e9f50e23264f55b69dad53381bfaa.jpg,2,5.44,0,3
Roboflow_Classifier_train_122A2915_jpg.rf.dac101ed860e18421583a302157be4b0.jpg,2,6.8,0,6
Roboflow_Classifier_train_122A2916_jpg.rf.33f010a047592e427dc8fbfd58dcbccd.jpg,2,16.32,0,1
Roboflow_Classifier_train_122A2916_jpg.rf.7f6a9d5727ed786574b47ab52435aaa2.jpg,1,22.39,0,1
Roboflow_Classifier_train_122A2916_jpg.rf.c64ed6fe6b0850d1a6d1be65164a239d.jpg,2,2.78,0,4
Roboflow_Classifier_train_122A2917_jpg.rf.1df09240ce9c372aefcb339c60e61ffd.jpg,1,6.56,0,5
Roboflow_Classifier_train_122A2917_jpg.rf.6f5f70a44a0df924b96206fea9a515cb.jpg,2,5.09,0,3
Roboflow_Classifier_train_122A2917_jpg.rf.d6175843f7a1292f934133fa625ce863.jpg,2,13.97,0,8
Roboflow_Classifier_train_122A2918_jpg.rf.bc73049615217d7992291b2a3fcef809.jpg,2,38.43,0,1
Roboflow_Classifier_train_122A2918_jpg.rf.bdb635eb0803a1d7c612751af23bb97f.jpg,2,51.96,0,2
Roboflow_Classifier_train_122A2918_jpg.rf.e3c63f52acd9b7049b565835a37f6e19.jpg,3,3.94,0,4
Roboflow_Classifier_train_122A2920_jpg.rf.33ba4c847003284a28148ac3b388d883.jpg,2,1.17,0,9
Roboflow_Classifier_train_122A2920_jpg.rf.9b312c3fbac482b9aca36b3ccf8b54eb.jpg,1,23.99,0,7
Roboflow_Classifier_train_122A2920_jpg.rf.f1492420a6c61ecda0ded21d7cdaa526.jpg,2,3.09,0,3
Roboflow_Classifier_train_122A2921_jpg.rf.246aa3c8b1e72e4c05b5077b696a8b28.jpg,2,33.26,0,1
Roboflow_Classifier_train_122A2921_jpg.rf.9eb38865f8c1d3d331387f0e859d3ad8.jpg,0,4.46,0,4
Roboflow_Classifier_train_122A2921_jpg.rf.b2f1ad789537e2b709ab4e9903c8fe76.jpg,2,26.26,0,2
Roboflow_Classifier_train_122A2923_jpg.rf.404ab4e84c6693088fda0cc337906ce9.jpg,2,10.32,0,5
Roboflow_Classifier_train_122A2923_jpg.rf.bf2336b1409ca6a86e881b5147128e35.jpg,0,13.81,0,8
Roboflow_Classifier_train_122A2923_jpg.rf.d42ae507ca9199649f3cfc1f5a52bcf5.jpg,1,3.59,0,4
Roboflow_Classifier_train_122A2924_jpg.rf.7a0240a3a83a791579953ed37238c818.jpg,2,14.32,0,8
Roboflow_Classifier_train_122A2924_jpg.rf.bad62c505753899cbf6a1d9466d03ef7.jpg,2,6.7,0,3
Roboflow_Classifier_train_122A2924_jpg.rf.edc0235549ec0b9b9410c8c3ebe2ca03.jpg,2,5.0,0,6
Roboflow_Classifier_train_122A2927_jpg.rf.4f58ddecf2f141282891ad2e24d98254.jpg,2,11.16,0,5
Roboflow_Classifier_train_122A2927_jpg.rf.7693e13f0e02e8593dfd7e557fbb3689.jpg,2,18.81,0,7
Roboflow_Classifier_train_122A2927_jpg.rf.d01fc72a5da448f653cf8821a51ae520.jpg,1,20.33,0,5
Roboflow_Classifier_train_122A2930_jpg.rf.011e3989b9f33485e4c82d6fac6f59ce.jpg,2,25.16,0,7
Roboflow_Classifier_train_122A2930_jpg.rf.aadf3d7673f0d557ba9ddaeb0446f593.jpg,2,3.31,0,4
Roboflow_Classifier_train_122A2930_jpg.rf.b05d9ab7840acc95c901c39b21a00af1.jpg,2,17.95,0,5
Roboflow_Classifier_train_122A2935_jpg.rf.46c558c43858dda5908a5d6be05c3843.jpg,0,8.94,0,0
Roboflow_Classifier_train_122A2935_jpg.rf.e909532ce3e9eec593e0cc3ba67253b6.jpg,2,10.0,0,1
Roboflow_Classifier_train_122A2935_jpg.rf.eb25953dc4bbb744ba738eb64bd9da15.jpg,1,3.81,0,4
Roboflow_Classifier_train_122A2937_jpg.rf.03213851d7d4eaa05024fb098ef15539.jpg,0,5.75,0,0
Roboflow_Classifier_train_122A2937_jpg.rf.a338e08e75f1387e201f0fc930556a8d.jpg,2,2.0,0,9
Roboflow_Classifier_train_122A2937_jpg.rf.ad2e765a8ff462e4a4b6586d38a34de5.jpg,2,41.74,0,2
Roboflow_Classifier_train_122A2940_jpg.rf.3e6b785502f61bc8a314deebd81bd878.jpg,2,2.69,0,3
Roboflow_Classifier_train_122A2940_jpg.rf.90115f3bc76ffb187ab7048e5a278d33.jpg,1,6.53,0,0
Roboflow_Classifier_train_122A2940_jpg.rf.bb9c775ffb457e5d235b8db1968c5160.jpg,2,10.9,0,1
Roboflow_Classifier_train_122A2942_jpg.rf.666ddbfbb137b4f1b3d05033e58f14ba.jpg,0,8.36,0,0
Roboflow_Classifier_train_122A2942_jpg.rf.781d224e4e32f3d72396c104f0508a40.jpg,2,2.55,0,4
Roboflow_Classifier_train_122A2942_jpg.rf.d64e9ee74a816cf8016e6612f912f87d.jpg,1,26.44,0,7
Roboflow_Classifier_train_122A2943_jpg.rf.25657b8204a473e541eb1abb3724988e.jpg,2,25.81,0,1
Roboflow_Classifier_train_122A2943_jpg.rf.9feb52ecbb8b5f6e455d55bd550adf66.jpg,3,8.71,0,6
Roboflow_Classifier_train_122A2943_jpg.rf.b77eb2323909e99e5566d7ef3d1542d3.jpg,2,15.2,0,7
Roboflow_Classifier_train_122A2944_jpg.rf.65d898768f49c4d2a882d685da2b91cf.jpg,2,20.21,0,1
Roboflow_Classifier_train_122A2944_jpg.rf.ae84efa8a29825e94d29b8d5c9391e4c.jpg,0,14.72,0,2
Roboflow_Classifier_train_122A2944_jpg.rf.e1bfb10eb7f444bf061996c2a20e247e.jpg,0,54.28,0,2
Roboflow_Classifier_train_122A2947_jpg.rf.213ffd7f7909e19dc6fb1113f2c889aa.jpg,1,5.0,0,6
Roboflow_Classifier_train_122A2947_jpg.rf.70b5ea9cec9d4aef23947fdccb2df69a.jpg,3,22.55,0,1
Roboflow_Classifier_train_122A2947_jpg.rf.a5f975df45eb0fa2fe98b157ca700a2d.jpg,2,11.25,0,5
Roboflow_Classifier_train_122A2948_jpg.rf.2b765f450fd9087ef4b3b30ce7130f62.jpg,2,5.0,0,6
Roboflow_Classifier_train_122A2948_jpg.rf.a991dd72fdeeb4325d6549ff4948f5f8.jpg,1,25.38,0,7
Roboflow_Classifier_train_122A2948_jpg.rf.cf9b3a30d036a93db14b73df09e7e31b.jpg,2,1.69,0,9
Roboflow_Classifier_train_122A2949_jpg.rf.020f91a5242b2414bf200fa220f6242d.jpg,3,44.46,0,1
Roboflow_Classifier_train_122A2949_jpg.rf.8d3493147e332d52e7127d6bbdcc3735.jpg,2,4.77,0,0
Roboflow_Classifier_train_122A2949_jpg.rf.f772330f4c66b70b370d9bab8e77bd6e.jpg,2,31.4,0,7
Roboflow_Classifier_train_122A2956_jpg.rf.11ba6e72bc6649227eb1d4d60284c100.jpg,2,1.33,0,9
Roboflow_Classifier_train_122A2956_jpg.rf.47e847068d03e0d953d70e610243d92c.jpg,1,2.99,0,3
Roboflow_Classifier_train_122A2956_jpg.rf.eba5b36639829a7a95409dce1f9e0ef0.jpg,2,33.94,0,2
Roboflow_Classifier_train_122A2957_jpg.rf.18639700c760313643bf034f34851fa7.jpg,1,15.41,0,6
Roboflow_Classifier_train_122A2957_jpg.rf.a48386cbc0eefcda2aca06f08e259599.jpg,3,14.79,0,8
Roboflow_Classifier_train_122A2957_jpg.rf.ef736cd1c705242059b4b38f44058984.jpg,1,22.2,0,2
Roboflow_Classifier_train_122A2971_jpg.rf.c56a508eafb3adf1d32314763e58739f.jpg,2,6.7,0,0
Roboflow_Classifier_train_122A2971_jpg.rf.d383c42021c988c1d2e295255533ecfc.jpg,2,4.3,0,3
Roboflow_Classifier_train_122A2971_jpg.rf.e52181d5dca18c49afc5ee4fb51964f5.jpg,2,32.5,0,2
Roboflow_Classifier_train_122A2974_jpg.rf.230289f5496748c54c9e067f93a88184.jpg,1,35.14,0,1
Roboflow_Classifier_train_122A2974_jpg.rf.5efd08ceca7daac930321791adca5089.jpg,1,19.43,0,8
Roboflow_Classifier_train_122A2974_jpg.rf.e2dffadae3b8baadab0f8ba1ed9c7454.jpg,0,23.79,0,1
Roboflow_Classifier_train_122A2976_jpg.rf.2ac5e68534ec00267b26568c71356291.jpg,1,3.24,0,3
Roboflow_Classifier_train_122A2976_jpg.rf.3464cd74e4cd10b2622b43ff325eac0c.jpg,3,20.6,0,7
Roboflow_Classifier_train_122A2976_jpg.rf.f3e3bb36a7932c594b678c28c7096650.jpg,1,26.18,0,1
Roboflow_Classifier_train_122A2977_jpg.rf.783f3400d26c33ed23f830f34c757f19.jpg,2,13.21,0,5
Roboflow_Classifier_train_122A2977_jpg.rf.7a8d1913290da6c30e95001d672b5c83.jpg,2,1.47,0,9
Roboflow_Classifier_train_122A2977_jpg.rf.b8aa65afd46f3a5f61ea56cd7fa5856f.jpg,1,3.27,0,3
Roboflow_Classifier_train_122A2979_jpg.rf.0f864ad84b4011ce03e6cef27c057a42.jpg,3,22.17,0,5
Roboflow_Classifier_train_122A2979_jpg.rf.22f942fb7b29f69850ae7e35c4a3dd05.jpg,1,4.44,0,3
Roboflow_Classifier_train_122A2979_jpg.rf.49a04fc3ed7df6699d63ab24cac1f622.jpg,1,3.41,0,4
Roboflow_Classifier_train_122A2982_jpg.rf.13deb44c90804b1f2fb8f89b0909735d.jpg,2,6.29,0,0
Roboflow_Classifier_train_122A2982_jpg.rf.68b232894f90f6697dea8c3ba26f4345.jpg,2,5.12,0,3
Roboflow_Classifier_train_122A2982_jpg.rf.f7f3e68531197d99f04e2298549fc431.jpg,2,28.44,0,8
Roboflow_Classifier_train_122A2983_jpg.rf.1453f1ec2494493cd78b09eb7a11ac53.jpg,2,43.79,0,2
Roboflow_Classifier_train_122A2983_jpg.rf.c6328a1aadd7e859aa59d987cb1198ec.jpg,1,14.03,0,8
Roboflow_Classifier_train_122A2983_jpg.rf.f72b282e88839e6ab7de3e95e50ddebc.jpg,2,2.33,0,4
Roboflow_Classifier_train_122A2986_jpg.rf.0f485908c72809e2a8b94f4e90a509d4.jpg,1,11.36,0,1
Roboflow_Classifier_train_122A2986_jpg.rf.a4bb4c4cf806a4330460948aa5149d51.jpg,2,1.8,0,9
Roboflow_Classifier_train_122A2986_jpg.rf.fbf18008d9ed929b6388f5b1dc47d60a.jpg,3,22.79,0,2
Roboflow_Classifier_train_122A2988_jpg.rf.947ce631469a1cd244b54df4ef7c9e98.jpg,2,19.01,0,7
Roboflow_Classifier_train_122A2988_jpg.rf.c959de1a1f60d696b65edeb71a9e929a.jpg,2,1.45,0,3
Roboflow_Classifier_train_122A2988_jpg.rf.f2fa330097dab6cee81ac25b12689869.jpg,2,5.0,0,6
Roboflow_Classifier_train_122A2990_jpg.rf.4d41aa8da0d19c0b0476d23d53d0c090.jpg,1,20.97,0,5
Roboflow_Classifier_train_122A2990_jpg.rf.70c034fcb89d4f13a84f019bc8f5a957.jpg,2,2.32,0,4
Roboflow_Classifier_train_122A2990_jpg.rf.9c443a451840bd308144670c1a672d58.jpg,2,16.55,0,6
Roboflow_Classifier_train_122A2991_jpg.rf.40ce170985af1195803da4728a6834b4.jpg,2,17.36,0,8
Roboflow_Classifier_train_122A2991_jpg.rf.a909c2d20976c0bb75e2524f111e7cfb.jpg,2,8.0,0,8
Roboflow_Classifier_train_122A2991_jpg.rf.b6aedcd882b5251de2777e037d0ea121.jpg,2,2.39,0,4
Roboflow_Classifier_train_122A2993_jpg.rf.3a20f1cdaabe30ce740718bba41c2e3f.jpg,1,1.14,0,9
Roboflow_Classifier_train_122A2993_jpg.rf.8886d005fe4f99b48f40a43bc6d727e5.jpg,1,2.82,0,3
Roboflow_Classifier_train_122A2993_jpg.rf.8c77ad7de4aab9a93332ea762c67eeba.jpg,2,57.87,0,2
Roboflow_Classifier_train_122A2994_jpg.rf.240d12f058bf581e62fd1ca752964358.jpg,3,13.39,0,7
Roboflow_Classifier_train_122A2994_jpg.rf.765cdaad7ad2f815eef086652cc2ea82.jpg,2,28.31,0,1
Roboflow_Classifier_train_122A2994_jpg.rf.d43026bf92248db243621b815919e9b8.jpg,1,1.29,0,9
Roboflow_Classifier_train_122A2995_jpg.rf.56f8c40565553207bbc7afd423372dac.jpg,1,1.93,0,3
Roboflow_Classifier_train_122A2995_jpg.rf.74527944a5d556948fc69240cf7bc265.jpg,2,1.89,0,9
Roboflow_Classifier_train_122A2995_jpg.rf.ea4edb56387304a2efdf3f97d5cd6244.jpg,2,17.36,0,6
Roboflow_Classifier_train_122A2996_jpg.rf.04da4590c1390ac260a6078ffbe2168e.jpg,1,2.08,0,4
Roboflow_Classifier_train_122A2996_jpg.rf.6e40ca992e6e17b11f1f83b4b4d886df.jpg,2,18.75,0,5
Roboflow_Classifier_train_122A2996_jpg.rf.cacec35dcf71de44559533d728cf5e4f.jpg,2,2.06,0,4
Roboflow_Classifier_train_122A2999_jpg.rf.6f2bfe840564041aaa55a186c9794b0b.jpg,3,3.2,0,0
Roboflow_Classifier_train_122A2999_jpg.rf.d74b2825dd570905465cd0c2b6eb1c93.jpg,2,32.1,0,2
Roboflow_Classifier_train_122A2999_jpg.rf.de16b7e1ce9ccffa04b5616630a2d535.jpg,2,5.06,0,3
Roboflow_Classifier_train_122A3001_jpg.rf.1aa6bef09b7d010e42a6809612ae5ec7.jpg,3,29.12,0,1
Roboflow_Classifier_train_122A3001_jpg.rf.24a01b18c891c4bb7a3b42bca24802ca.jpg,2,12.58,0,7
Roboflow_Classifier_train_122A3001_jpg.rf.88bc85fe3a6f882c504ea2808fdbd00d.jpg,3,23.21,0,1
Roboflow_Classifier_train_122A3006_jpg.rf.1bfdea461655cc70b78fc569bcabc1a1.jpg,1,4.63,0,3
Roboflow_Classifier_train_122A3006_jpg.rf.334024b395ed4c02e760f8e18426fe86.jpg,2,31.43,0,7
Roboflow_Classifier_train_122A3006_jpg.rf.50298111f42fd02f19cea81dc331aa20.jpg,1,41.07,0,2
Roboflow_Classifier_train_122A3008_jpg.rf.0dd06a7cef3e822e63c084b7ffb1e158.jpg,2,5.0,0,4
Roboflow_Classifier_train_122A3008_jpg.rf.4dcccc6b4a1f29062e6b120a25baa0c1.jpg,2,2.87,0,4
Roboflow_Classifier_train_122A3008_jpg.rf.d3feda3cbbdca376b9190e7030c8de73.jpg,3,1.04,0,9
Roboflow_Classifier_train_122A3009_jpg.rf.0857a187c0771241a9d243ecbe01c40f.jpg,3,5.0,0,6
Roboflow_Classifier_train_122A3009_jpg.rf.20b760701ba0ff71b7540751bd9a0eb3.jpg,3,2.25,0,4
Roboflow_Classifier_train_122A3009_jpg.rf.e485091bc9e8275907b87424ae4a040c.jpg,2,6.11,0,0
Roboflow_Classifier_train_122A3019_jpg.rf.014d005d2ee3571b846cdc356787b845.jpg,2,6.41,0,0
Roboflow_Classifier_train_122A3019_jpg.rf.1ab7f017b205765b5c31b18cab8d9e61.jpg,2,17.7,0,5
Roboflow_Classifier_train_122A3019_jpg.rf.4a187d96d8555fce23b0942c6c6d4ae9.jpg,2,5.81,0,0
Roboflow_Classifier_train_122A3022_jpg.rf.0039306d0e62d63b23a7e92d942fd0bf.jpg,0,6.71,0,3
Roboflow_Classifier_train_122A3022_jpg.rf.085c9d16b32293794274d50d8bd87878.jpg,1,18.02,0,6
Roboflow_Classifier_train_122A3022_jpg.rf.876604f95be7577b02cf0edef0ee85c6.jpg,2,13.58,0,8
Roboflow_Classifier_train_122A3023_jpg.rf.51a64fbab1aff955e8d34c5abf2b4da8.jpg,2,7.2,0,0
Roboflow_Classifier_train_122A3023_jpg.rf.d13207ff48587e54c2fefe4e74bc7d5a.jpg,2,3.18,0,3
Roboflow_Classifier_train_122A3023_jpg.rf.de8b19c50bdd7305b55f8d25a82d2c7c.jpg,2,18.35,0,8
Roboflow_Classifier_train_122A3025_jpg.rf.ac7f7ebfe6752ab821f4ceb58f722346.jpg,0,35.4,0,1
Roboflow_Classifier_train_122A3025_jpg.rf.af1aa98fded32d3d05411d4b9f699524.jpg,0,39.64,0,2
Roboflow_Classifier_train_122A3025_jpg.rf.bed6e438b93504b7d88cb40b7d694bc1.jpg,2,6.28,0,0
Roboflow_Classifier_train_122A3026_jpg.rf.25f4f950806fc5cac6412edf8ca9ec3e.jpg,3,37.14,0,1
Roboflow_Classifier_train_122A3026_jpg.rf.29d49650bebb6b0ea830f8c2e4d10c32.jpg,2,14.67,0,5
Roboflow_Classifier_train_122A3026_jpg.rf.83e51f2401fc9c739a3660cee1b6a8d8.jpg,3,38.45,0,2
Roboflow_Classifier_train_122A3028_jpg.rf.8a84f82e93771b708575be1234f052fc.jpg,2,1.35,0,9
Roboflow_Classifier_train_122A3028_jpg.rf.b4523ce5793022520377263715f7d7a8.jpg,0,28.16,0,8
Roboflow_Classifier_train_122A3028_jpg.rf.f45726cb1c6d9a69e80394e5bc710e11.jpg,2,2.22,0,3
Roboflow_Classifier_train_122A3029_jpg.rf.3eb39ccf4edacf9d659add528c25e618.jpg,1,18.06,0,8
Roboflow_Classifier_train_122A3029_jpg.rf.4fdcc220a94bb2b57ebe767a30aadb9c.jpg,2,31.52,0,2
Roboflow_Classifier_train_122A3029_jpg.rf.c78e2e854d5f7b2c0035f21e6d1fc268.jpg,1,3.61,0,3
Roboflow_Classifier_train_122A3030_jpg.rf.1509e46cfbfca582b58b46663a1e6188.jpg,3,46.65,0,2
Roboflow_Classifier_train_122A3030_jpg.rf.2ea9c1d22aef0e87b1a6674c2b82ee92.jpg,2,23.01,0,1
Roboflow_Classifier_train_122A3030_jpg.rf.805198b9126eb48ed1cdf18687e63720.jpg,1,5.59,0,0
Roboflow_Classifier_train_122A3031_jpg.rf.71cbf37ecf294b4d698578620fa75486.jpg,1,3.18,0,3
Roboflow_Classifier_train_122A3031_jpg.rf.7b9e66d8a6361582b37614a4aabad510.jpg,1,34.63,0,8
Roboflow_Classifier_train_122A3031_jpg.rf.a6c2acc223d567924aa4a8e2cbe95042.jpg,2,30.26,0,7
Roboflow_Classifier_train_122A3032_jpg.rf.769fa5cd9712477e7bf6c59236ead6c1.jpg,1,21.53,0,7
Roboflow_Classifier_train_122A3032_jpg.rf.80d37d441ef5452034e5aca388700f09.jpg,1,4.04,0,3
Roboflow_Classifier_train_122A3032_jpg.rf.c79114fea1d9c9e897e6598424ccb49a.jpg,2,8.0,0,8
Roboflow_Classifier_train_122A3035_jpg.rf.0c6a453bb32a61e61c5cd437afb8308d.jpg,2,1.71,0,9
Roboflow_Classifier_train_122A3035_jpg.rf.ec4e5798b32a892c96c1635655440789.jpg,3,5.57,0,0
Roboflow_Classifier_train_122A3035_jpg.rf.fae8ebe66253b9dd6632e37434d17a0e.jpg,2,4.45,0,4
Roboflow_Classifier_train_122A3036_jpg.rf.1805030078d57011e634c2c259647f79.jpg,2,2.41,0,4
Roboflow_Classifier_train_122A3036_jpg.rf.7f56a807ab6bdeb9882ba40c36fdcec4.jpg,2,26.81,0,8
Roboflow_Classifier_train_122A3036_jpg.rf.af5da2e0c22033a1329043b51c60e926.jpg,3,4.59,0,3
Roboflow_Classifier_train_122A3038_jpg.rf.2ac1ac4de4a8d7497fb5b1cf6bee1207.jpg,1,5.55,0,0
Roboflow_Classifier_train_122A3038_jpg.rf.86828db73b3ebb7759451f44ab5fecbe.jpg,2,4.25,0,4
Roboflow_Classifier_train_122A3038_jpg.rf.c32e5853dedc521c359497d6b37badd9.jpg,1,22.51,0,5
Roboflow_Classifier_train_122A3041_jpg.rf.427cfa9f20bafeef86aef005e74b1f15.jpg,2,3.66,0,4
Roboflow_Classifier_train_122A3041_jpg.rf.441d6d64bf41ee12f02be3809aa6f878.jpg,1,1.47,0,9
Roboflow_Classifier_train_122A3041_jpg.rf.493d431eec2f3de9022d15954a5debb7.jpg,2,10.0,0,2
Roboflow_Classifier_train_122A3044_jpg.rf.3b67d0460fa51bf876970ef48c7c81df.jpg,3,39.32,0,1
Roboflow_Classifier_train_122A3044_jpg.rf.84e7ac2a21a0f5e00993f1f374d4d6e4.jpg,2,1.63,0,9
Roboflow_Classifier_train_122A3044_jpg.rf.ec0ebd35a073f611743b58323aa31b62.jpg,1,27.78,0,8
Roboflow_Classifier_train_122A3046_jpg.rf.4e5b34f951dd68baaf1146d77f63eb6b.jpg,2,8.41,0,6
Roboflow_Classifier_train_122A3046_jpg.rf.6022ecbe3dc4024cd29d76169bd041c4.jpg,2,16.95,0,2
Roboflow_Classifier_train_122A3046_jpg.rf.e48933c3ec952bd21cc7b683c4cd704c.jpg,2,17.49,0,5
Roboflow_Classifier_train_122A3047_jpg.rf.1e3cac58442a017da922e39705f42bc5.jpg,2,29.36,0,8
Roboflow_Classifier_train_122A3047_jpg.rf.8c272dfe0eafa1c231744fd093b5c38a.jpg,2,18.41,0,5
Roboflow_Classifier_train_122A3047_jpg.rf.ae0c13a0136455d77d6f94a76918f602.jpg,0,1.98,0,3
Roboflow_Classifier_train_122A3049_jpg.rf.1243f128ebae90244ed30647b2050554.jpg,2,4.67,0,0
Roboflow_Classifier_train_122A3049_jpg.rf.1d0b6de7efa617e7e6c8af492a7cab95.jpg,2,37.48,0,7
Roboflow_Classifier_train_122A3049_jpg.rf.88ecce53258ca8ff0f02a1da8ac28371.jpg,2,2.78,0,0
Roboflow_Classifier_train_122A3051_jpg.rf.4b6ec6fc3a325a2af9cd35a46ef29751.jpg,2,0.97,0,9
Roboflow_Classifier_train_122A3051_jpg.rf.562dd99e31a80611a24f2a815c6d176d.jpg,0,19.57,0,6
Roboflow_Classifier_train_122A3051_jpg.rf.eea92ce80740e1b671e0113f0d40624b.jpg,3,3.64,0,4
Roboflow_Classifier_train_122A3052_jpg.rf.553f30e110bd51849cc6cfee0ca6da00.jpg,3,36.68,0,1
Roboflow_Classifier_train_122A3052_jpg.rf.88466c14cb15ddbb45048a5b2bbf0b9e.jpg,1,6.41,0,0
Roboflow_Classifier_train_122A3052_jpg.rf.d04bf2024d74c115bcc03ba4ce49f678.jpg,0,26.36,0,8
Roboflow_Classifier_train_122A3055_jpg.rf.30618d3dc9df2cb727ffbcc5013bf052.jpg,2,9.4,0,6
Roboflow_Classifier_train_122A3055_jpg.rf.d4d6efaeedcb8be699b5338db2b0a0ae.jpg,2,6.36,0,6
Roboflow_Classifier_train_122A3055_jpg.rf.eb94efa31b0590483231ae972280da79.jpg,3,12.42,0,5
Roboflow_Classifier_train_122A3056_jpg.rf.05eff35122de2d47f4300887663dd996.jpg,3,6.1,0,5
Roboflow_Classifier_train_122A3056_jpg.rf.15089096b1b9347663fef57c05c1f8db.jpg,3,24.11,0,1
Roboflow_Classifier_train_122A3056_jpg.rf.ee2eeca1cecb83a0a66dd1ea952d8b0f.jpg,0,23.07,0,5
Roboflow_Classifier_train_122A3057_jpg.rf.4bc4401edb6f5b203325e4785758e234.jpg,2,30.52,0,8
Roboflow_Classifier_train_122A3057_jpg.rf.7d2a3293ccc4a88b4f17ec92072cf119.jpg,1,3.28,0,4
Roboflow_Classifier_train_122A3057_jpg.rf.c0f442169c3c5edcdcb0ea5f40754c16.jpg,1,12.5,0,6
Roboflow_Classifier_train_122A3060_jpg.rf.31dabdde3a17a8e42b111050bb6c381c.jpg,0,12.32,0,2
Roboflow_Classifier_train_122A3060_jpg.rf.7fe1372511537fad4a9d23e34ae38ea4.jpg,1,14.22,0,7
Roboflow_Classifier_train_122A3060_jpg.rf.ac214bdb8a3a5695e3fbd19af0c95db8.jpg,2,5.57,0,3
Roboflow_Classifier_train_122A3061_jpg.rf.b4c68fb57bc9eb59d299ce1177624203.jpg,2,15.99,0,5
Roboflow_Classifier_train_122A3061_jpg.rf.d316fce5b7d8c60d338370287785c051.jpg,2,3.55,0,4
Roboflow_Classifier_train_122A3061_jpg.rf.d886a7b9df93f5ffcdcd127eed2b59d5.jpg,1,13.86,0,5
Roboflow_Classifier_train_122A3062_jpg.rf.2b17c351b7c13c4bda95e60359cecdbf.jpg,1,8.17,0,6
Roboflow_Classifier_train_122A3062_jpg.rf.7cb23bb6fdeb512d4dbcd678075dfe57.jpg,2,0.68,0,9
Roboflow_Classifier_train_122A3062_jpg.rf.d001b5d35f3889a0e9ebe3dfe13c95a2.jpg,1,1.85,0,9
Roboflow_Classifier_train_122A3063_jpg.rf.0d89666f7168a674cc4303aab0285049.jpg,3,20.57,0,5
Roboflow_Classifier_train_122A3063_jpg.rf.cb4bd9ef6ed487e7b4cf10e28ab741aa.jpg,2,6.05,0,0
Roboflow_Classifier_train_122A3063_jpg.rf.dfc71fd3b2c38b2cef1959e45327b53e.jpg,2,3.07,0,4
Roboflow_Classifier_train_123A122_jpg.rf.2aeac2476ff20ad7a74f751d592aee9c.jpg,3,33.81,0,1
Roboflow_Classifier_train_123A122_jpg.rf.4419b2e34179a114b0a36ef0071a236d.jpg,2,3.33,0,4
Roboflow_Classifier_train_123A122_jpg.rf.7cd6b56f3172174c65157b7e24f4d059.jpg,1,9.39,0,5
Roboflow_Classifier_train_123A124_jpg.rf.8a60d5d90b07b56983ddcac0716ae312.jpg,3,10.0,0,1
Roboflow_Classifier_train_123A124_jpg.rf.a45e595692b7073e58b28c283d8b0df7.jpg,2,15.89,0,5
Roboflow_Classifier_train_123A124_jpg.rf.a944939047794ef7b51a23329d53aed9.jpg,1,11.41,0,6
Roboflow_Classifier_train_123A129_jpg.rf.12fe1194fd2177a442ae32d52c829120.jpg,3,15.06,0,6
Roboflow_Classifier_train_123A129_jpg.rf.5fec0632e346fb05680bf3fbb37bce8e.jpg,2,5.12,0,3
Roboflow_Classifier_train_123A129_jpg.rf.777c71110f9e34655864ad9b7fff1b5f.jpg,2,6.43,0,3
Roboflow_Classifier_train_123A76_jpg.rf.9ac8cda42431f7ac1dd0c236549c5c31.jpg,2,16.1,0,8
Roboflow_Classifier_train_123A76_jpg.rf.bf90bda7943a116820686df724d960db.jpg,3,6.74,0,4
Roboflow_Classifier_train_123A76_jpg.rf.e8a14e4f03f63237e82163035403eb0a.jpg,1,12.63,0,8
Roboflow_Classifier_train_123A78_jpg.rf.9042ef1ecce06ac93d90d791afa9b7d1.jpg,1,24.1,0,7
Roboflow_Classifier_train_123A78_jpg.rf.98152326997c1215cde2d9a61dff6be3.jpg,2,23.86,0,1
Roboflow_Classifier_train_123A78_jpg.rf.c6f5e82e9b50d9d51f394b5957dee399.jpg,2,12.27,0,5
Roboflow_Classifier_train_135A16500_jpg.rf.3f71a4c9a56f2129cc75b01ea23899af.jpg,2,1.98,0,9
Roboflow_Classifier_train_135A16500_jpg.rf.e9fa112a802fe9dc54554441bcc12343.jpg,2,1.49,0,9
Roboflow_Classifier_train_135A16500_jpg.rf.fa8ce96686bf6a9c4a51ca0dca9f420c.jpg,2,20.78,0,5
Roboflow_Classifier_train_135A16708_jpg.rf.2340d5a0c8bbaee086c1c014e4e39ecd.jpg,1,1.08,0,9
Roboflow_Classifier_train_135A16708_jpg.rf.61cb132acef18df4ad605c85eba36aff.jpg,2,4.09,0,4
Roboflow_Classifier_train_135A16708_jpg.rf.ad51866268fcdd11cba14505a89d5571.jpg,1,34.22,0,7
Roboflow_Classifier_train_135A16826_jpg.rf.3a810d9bb28f68e102c75b676c7e032e.jpg,3,14.13,0,5
Roboflow_Classifier_train_135A16826_jpg.rf.985a2ca174ebfbfb08aa375ed545392c.jpg,3,5.75,0,4
Roboflow_Classifier_train_135A16826_jpg.rf.98b9d585bba09822d6d78bb000a13f35.jpg,2,0.98,0,9
Roboflow_Classifier_train_135A16859_jpg.rf.2691eb918739742e0977e3306d8f471d.jpg,2,24.39,0,7
Roboflow_Classifier_train_135A16859_jpg.rf.8400f511eea6bd2e6e195bf1b7e925af.jpg,1,6.22,0,0
Roboflow_Classifier_train_135A16859_jpg.rf.8482a02c58b992c496e16056ae1b1847.jpg,0,2.81,0,3
Roboflow_Classifier_train_135A16862_jpg.rf.0c4de0b446618ddda51b33012da35bea.jpg,1,24.25,0,7
Roboflow_Classifier_train_135A16862_jpg.rf.21533386d3d80741c0bb47282f21eca2.jpg,3,1.1,0,9
Roboflow_Classifier_train_135A16862_jpg.rf.22d580df502a4220cecf2d7fa8420156.jpg,2,22.59,0,7
Roboflow_Classifier_train_135A16864_jpg.rf.526ec1aa9c3430e4d34c5fa8e5d0039d.jpg,1,21.41,0,2
Roboflow_Classifier_train_135A16864_jpg.rf.736f62c30741962c414f5c766a17e1d4.jpg,2,35.84,0,2
Roboflow_Classifier_train_135A16864_jpg.rf.7dd92eb81acb49e2a0757545ba835afd.jpg,2,43.85,0,2
Roboflow_Classifier_train_135A16873_jpg.rf.20c46225c2a40e07936ddf05270a2cdb.jpg,2,4.67,0,4
Roboflow_Classifier_train_135A16873_jpg.rf.39dce206835cd750a74a34f8497b6f44.jpg,1,10.0,0,7
Roboflow_Classifier_train_135A16873_jpg.rf.8a84039bacbc73d986267d39d977ea3b.jpg,2,25.91,0,7
Roboflow_Classifier_train_135A16878_jpg.rf.843d9f54515c3ae509f7ae5e5f80aa85.jpg,2,2.44,0,3
Roboflow_Classifier_train_135A16878_jpg.rf.ce2fc69befde93b88ddca830895566ef.jpg,1,3.38,0,4
Roboflow_Classifier_train_135A16878_jpg.rf.ea616f3267877a42d6200e4b732026ff.jpg,3,3.45,0,4
Roboflow_Classifier_train_135A16885_jpg.rf.1e26019d19b0a3ff2c4995f61ff926d5.jpg,2,18.02,0,8
Roboflow_Classifier_train_135A16885_jpg.rf.95805d76245a07cabcfd1ecdd32304cb.jpg,2,2.57,0,0
Roboflow_Classifier_train_135A16885_jpg.rf.ac0a6d0253f9b0f452ec09b4c650a139.jpg,2,6.2,0,0
Roboflow_Classifier_train_135A16888_jpg.rf.87b99f20219b0f574720912b8804fc60.jpg,2,10.75,0,5
Roboflow_Classifier_train_135A16888_jpg.rf.bfbd39c3fe2801bf7c927a92db3a6cd6.jpg,0,33.11,0,1
Roboflow_Classifier_train_135A16888_jpg.rf.d574828b827593e73e6a8a535ff0b1c9.jpg,3,5.32,0,3
Roboflow_Classifier_train_135A16933_jpg.rf.0b69711d424ae37b55423d1666075fff.jpg,2,5.0,0,6
Roboflow_Classifier_train_135A16933_jpg.rf.2ea7f892886510248973af53fd271721.jpg,2,1.17,0,9
Roboflow_Classifier_train_135A16933_jpg.rf.7734de7d06fc4c654ad81b3c0a7074c7.jpg,2,23.33,0,8
Roboflow_Classifier_train_135A16944_jpg.rf.57619c3dea0ad0a20df183e02842fc16.jpg,1,5.01,0,3
Roboflow_Classifier_train_135A16944_jpg.rf.7b468238e18f17abff2bb0565d09707d.jpg,2,19.85,0,7
Roboflow_Classifier_train_135A16944_jpg.rf.e13757d64689cc7f0eca19a9ef81ab5a.jpg,3,17.81,0,2
Roboflow_Classifier_train_135A16947_jpg.rf.313bf89b7ac3c6f8330a9c74be3433ed.jpg,2,5.54,0,0
Roboflow_Classifier_train_135A16947_jpg.rf.5fefb0fdf2e2acba6bb7e877cc727c04.jpg,2,28.33,0,6
Roboflow_Classifier_train_135A16947_jpg.rf.789bf7bbb32395ef71ec65c7bcd9b2fb.jpg,2,12.14,0,8
Roboflow_Classifier_train_135A16948_jpg.rf.07553f5b952a5a1a597cd28013a7645f.jpg,1,27.56,0,2
Roboflow_Classifier_train_135A16948_jpg.rf.639e35c35f076957e2bd7f718c9d814f.jpg,2,1.09,0,9
Roboflow_Classifier_train_135A16948_jpg.rf.e3c037270a2d05b6576ed01228616818.jpg,2,4.27,0,3
Roboflow_Classifier_train_135A16964_jpg.rf.1b922e85d85c1fbb78fd6d6abfaf96bb.jpg,1,14.7,0,7
Roboflow_Classifier_train_135A16964_jpg.rf.7679bf6fe351e1cd6665c1f0621705a8.jpg,0,27.58,0,1
Roboflow_Classifier_train_135A16964_jpg.rf.acb3121c3e269e30ac02bd6f6c383b55.jpg,2,11.81,0,8
Roboflow_Classifier_train_135A16965_jpg.rf.06fc23dc53c4b7aadd45221ddb9c8740.jpg,2,4.18,0,4
Roboflow_Classifier_train_135A16965_jpg.rf.2e9b94c785fd47a7c36013b629d4cc00.jpg,0,31.25,0,7
Roboflow_Classifier_train_135A16965_jpg.rf.f3a3ec07be134549fefccae06df932b8.jpg,2,11.96,0,5
Roboflow_Classifier_train_135A16970_jpg.rf.2c533d43b7f2603599af8ff491c42dfc.jpg,1,8.75,0,5
Roboflow_Classifier_train_135A16970_jpg.rf.7794fe3047f7b9cc3c4d2f5805a66d45.jpg,1,1.09,0,9
Roboflow_Classifier_train_135A16970_jpg.rf.9188271f3508f956fe1c3be7bb19cd0f.jpg,1,21.71,0,7
Roboflow_Classifier_train_135A16975_jpg.rf.248d6748161abcd3a46f77a476394188.jpg,1,2.57,0,9
Roboflow_Classifier_train_135A16975_jpg.rf.3b8d560742e6179ee8af0507fd1cd770.jpg,2,2.97,0,4
Roboflow_Classifier_train_135A16975_jpg.rf.4a03ba69e9db0b6a21dabe1365ea002e.jpg,2,1.12,0,9
Roboflow_Classifier_train_135A17008_jpg.rf.31e0718c77768de079fa5ff9a02fb854.jpg,3,29.19,0,2
Roboflow_Classifier_train_135A17008_jpg.rf.78aebbb105010f69041b661be7085481.jpg,2,3.11,0,3
Roboflow_Classifier_train_135A17008_jpg.rf.f4a925b0dfce01571115b81f5ea247b5.jpg,2,22.21,0,5
Roboflow_Classifier_train_135A17009_jpg.rf.1c14e15c3c1f7f266f4a2c180c0c9501.jpg,2,4.64,0,4
Roboflow_Classifier_train_135A17009_jpg.rf.26fd786aa100c22aebeaa4d16a03ee9f.jpg,1,3.25,0,4
Roboflow_Classifier_train_135A17009_jpg.rf.ef8130a612cdc8a2be400f47999d4033.jpg,1,10.2,0,5
Roboflow_Classifier_train_135A17026_jpg.rf.1f3a5db38fd3a4e6d612c4c4f27c6ec4.jpg,2,30.76,0,7
Roboflow_Classifier_train_135A17026_jpg.rf.b8c99fc835c43c747fb95d5c13a881e7.jpg,1,3.76,0,0
Roboflow_Classifier_train_135A17026_jpg.rf.d1f2a2d50b42d16e64def3618bab5090.jpg,2,16.99,0,8
Roboflow_Classifier_train_135A17033_jpg.rf.46eab833ff2f9913be73b616a33e5bc9.jpg,2,13.91,0,5
Roboflow_Classifier_train_135A17033_jpg.rf.ba1fbdfadd8986bf01628b38538b0b01.jpg,2,6.35,0,0
Roboflow_Classifier_train_135A17033_jpg.rf.ea508bb3f7582d32d246ae6a34a72b50.jpg,2,5.0,0,6
Roboflow_Classifier_train_135A17034_jpg.rf.35eb2a2b31f6cdabcde8bc2db15c2b05.jpg,3,4.45,0,0
Roboflow_Classifier_train_135A17034_jpg.rf.69819e72b8256a8d6cb7428f26192609.jpg,2,26.74,0,2
Roboflow_Classifier_train_135A17034_jpg.rf.e2b97acf53784ca7380c1d19739764f2.jpg,2,5.0,0,6
Roboflow_Classifier_train_135A17035_jpg.rf.66fdad3ab6c69f805f4635bc1d82286c.jpg,0,4.44,0,0
Roboflow_Classifier_train_135A17035_jpg.rf.aba3624d49b92c726a47e80964737d53.jpg,3,15.13,0,1
Roboflow_Classifier_train_135A17035_jpg.rf.c1b3c77e473af7661119836fb2d6be6c.jpg,1,5.19,0,0
Roboflow_Classifier_train_135A17040_jpg.rf.9037019daeaaa4d7b34bf563f6f9e57a.jpg,1,1.47,0,9
Roboflow_Classifier_train_135A17040_jpg.rf.f0d3728d8870bb2318386b74ea20be92.jpg,0,1.96,0,4
Roboflow_Classifier_train_135A17040_jpg.rf.f4fafdf07cf2715e4c088f7c67e2bf93.jpg,1,4.85,0,0
Roboflow_Classifier_train_135A17043_jpg.rf.1a40b3867a89afbd873e4fac03fbbdd5.jpg,1,21.35,0,5
Roboflow_Classifier_train_135A17043_jpg.rf.c30939f857246921bb5469b8b850c1f7.jpg,1,1.97,0,9
Roboflow_Classifier_train_135A17043_jpg.rf.df21610d79f19d685f133b7dd2a04b1e.jpg,2,32.71,0,1
Roboflow_Classifier_train_135A17053_jpg.rf.776c9f0291ffacecca0f999356c123fe.jpg,1,2.11,0,9
Roboflow_Classifier_train_135A17053_jpg.rf.7d04284af84b50cb5716702af5785008.jpg,1,21.06,0,8
Roboflow_Classifier_train_135A17053_jpg.rf.e6a219ae7c1fc01b9893aeac6b9e59ea.jpg,1,15.37,0,1
Roboflow_Classifier_train_135A17060_jpg.rf.5b96a7ca6b5b0bd8da783e72f83af8f4.jpg,2,29.34,0,1
Roboflow_Classifier_train_135A17060_jpg.rf.5f02d54c314817708149ba1918115786.jpg,3,35.29,0,1
Roboflow_Classifier_train_135A17060_jpg.rf.eeaf968c003c0a6b90fd831a2af7d242.jpg,2,17.11,0,5
Roboflow_Classifier_train_135A17062_jpg.rf.4222cf50cfc9d66d6a9b8344d79837a5.jpg,3,5.0,0,6
Roboflow_Classifier_train_135A17062_jpg.rf.8650d06c09def595e9b5358fb24d6065.jpg,2,2.35,0,4
Roboflow_Classifier_train_135A17062_jpg.rf.e45ce9747a149bca05a570a7f2b23f69.jpg,2,3.61,0,4
Roboflow_Classifier_train_135A17074_jpg.rf.8919d34705631009830c66ca2037090d.jpg,2,7.24,0,5
Roboflow_Classifier_train_135A17074_jpg.rf.d4177aaec04a6f319f2ba215baa604e9.jpg,2,21.53,0,5
Roboflow_Classifier_train_135A17074_jpg.rf.d63faa9cf7b3fbe698d5d8b94564e741.jpg,2,10.38,0,5
Roboflow_Classifier_train_135A17081_jpg.rf.32882d690beb992b942489ac56323223.jpg,1,18.08,0,8
Roboflow_Classifier_train_135A17081_jpg.rf.3e0703307394e9a8b38e231186ebef7f.jpg,0,4.47,0,4
Roboflow_Classifier_train_135A17081_jpg.rf.c5011adf4d220a7cede77f49f14b5213.jpg,1,6.12,0,0
Roboflow_Classifier_train_135A17083_jpg.rf.237201c48f4ed22e03c64c816b988639.jpg,2,27.83,0,7
Roboflow_Classifier_train_135A17083_jpg.rf.c6e3c036d74d63875f7f1022fd68f32a.jpg,2,28.38,0,1
Roboflow_Classifier_train_135A17083_jpg.rf.f659dc16c128ff6731d239897c647967.jpg,2,5.0,0,6
Roboflow_Classifier_train_135A17085_jpg.rf.5817666e6a2a798241cace52e4ff8c6b.jpg,3,2.95,0,4
Roboflow_Classifier_train_135A17085_jpg.rf.5b8c261d04092886a5cacf4828876fa3.jpg,1,9.78,0,6
Roboflow_Classifier_train_135A17085_jpg.rf.71fa0b1afc9981925c8f7660b2b6cfd3.jpg,3,19.81,0,7
Roboflow_Classifier_train_135A17086_jpg.rf.39b4bd43cce616214e5129ce6c72883f.jpg,0,3.14,0,3
Roboflow_Classifier_train_135A17086_jpg.rf.590de37e2f4f0415c930a364d0614536.jpg,0,2.69,0,4
Roboflow_Classifier_train_135A17086_jpg.rf.705c62d399d99f278f6f7bed6b751c53.jpg,2,5.24,0,6
Roboflow_Classifier_train_135A17092_jpg.rf.bccda786d3a515c112d3a533b9cebf99.jpg,1,5.0,0,6
Roboflow_Classifier_train_135A17092_jpg.rf.c228eb5adf5e6150d4dc42cc2e84e5ab.jpg,0,18.88,0,5
Roboflow_Classifier_train_135A17092_jpg.rf.efc6e9ff3da11fb50b3c73ff4c445d8d.jpg,2,14.73,0,5
Roboflow_Classifier_train_135A17098_jpg.rf.3ad27d86852875551760c5d327ed5909.jpg,2,3.32,0,4
Roboflow_Classifier_train_135A17098_jpg.rf.6afbb264e32987a3e841bac54bca02d7.jpg,3,1.64,0,9
Roboflow_Classifier_train_135A17098_jpg.rf.bc6b6d98800d08d51d5ad90d93170f5e.jpg,2,13.73,0,8
Roboflow_Classifier_train_135A17114_jpg.rf.27860ed3453b310ef9277a7a5d91558b.jpg,1,13.76,0,5
Roboflow_Classifier_train_135A17114_jpg.rf.d82e242c13cd19d3968a9897b5114100.jpg,1,3.16,0,0
Roboflow_Classifier_train_135A17114_jpg.rf.e39e4aaba13252b1af906a1c0b057d78.jpg,0,2.36,0,9
Roboflow_Classifier_train_135A17119_jpg.rf.3938c68ada91a69b38c545d5b101d5b8.jpg,2,3.62,0,3
Roboflow_Classifier_train_135A17119_jpg.rf.7993e2677dda078d98dc459178d33446.jpg,2,20.1,0,1
Roboflow_Classifier_train_135A17119_jpg.rf.b3fcfc8ccda6ec6dc28a168c5912b37c.jpg,1,0.99,0,9
Roboflow_Classifier_train_135A17124_jpg.rf.1a659cec8e74734584e04070435264b6.jpg,2,2.01,0,4
Roboflow_Classifier_train_135A17124_jpg.rf.3300e54635085576f65973726d2ffd29.jpg,3,28.83,0,1
Roboflow_Classifier_train_135A17124_jpg.rf.f129b0d563105b806af2d7f4b2529270.jpg,2,2.28,0,9
Roboflow_Classifier_train_135A17127_jpg.rf.4a66cca537301dc8c8b2c661d19afaf2.jpg,2,27.69,0,8
Roboflow_Classifier_train_135A17127_jpg.rf.aa845afb071594c95a186e411f8cbedc.jpg,3,3.02,0,3
Roboflow_Classifier_train_135A17127_jpg.rf.d71766ed22d40ed88486eea7250e39fc.jpg,2,2.31,0,4
Roboflow_Classifier_train_135A17128_jpg.rf.33cb5e4129f13ac1a96839df0fe9b56b.jpg,1,8.51,0,6
Roboflow_Classifier_train_135A17128_jpg.rf.52545175c8f50aaee9f155c38054545e.jpg,1,10.0,0,7
Roboflow_Classifier_train_135A17128_jpg.rf.fffdbae23fdd01bcb713a23e9afb797f.jpg,1,27.35,0,1
Roboflow_Classifier_train_135A17135_jpg.rf.335abcd37141512928fb91209f574919.jpg,2,5.58,0,3
Roboflow_Classifier_train_135A17135_jpg.rf.3b6cbd0720737043a33a8c6c8c1a86a8.jpg,2,5.16,0,0
Roboflow_Classifier_train_135A17135_jpg.rf.9909d86abeabbcff83d33f3fc3152256.jpg,2,37.03,0,1
Roboflow_Classifier_train_135A17145_jpg.rf.6b13c39852353e912640d52bff12ddd4.jpg,1,28.27,0,7
Roboflow_Classifier_train_135A17145_jpg.rf.84fb156958c4f89d640136c796104e0f.jpg,2,14.12,0,6
Roboflow_Classifier_train_135A17145_jpg.rf.8b26b19ec622d773d374e2e0d4c4bb00.jpg,3,12.01,0,7
Roboflow_Classifier_train_135A17146_jpg.rf.9a835abdea52b91fab8341539df2135c.jpg,2,15.83,0,7
Roboflow_Classifier_train_135A17146_jpg.rf.d673969939c9db46e1fe2966bed9023d.jpg,0,2.1,0,4
Roboflow_Classifier_train_135A17146_jpg.rf.e0757edad996c9c72fc347cc263ba7ad.jpg,2,11.46,0,5
Roboflow_Classifier_train_135A17154_jpg.rf.0e02c848f0c9f7733f497dac8e401028.jpg,3,3.9,0,3
Roboflow_Classifier_train_135A17154_jpg.rf.1b5ea4e15855a29878d822ec77914ffd.jpg,2,2.36,0,0
Roboflow_Classifier_train_135A17154_jpg.rf.f016d12749974554366ec99ce6987370.jpg,2,3.52,0,4
Roboflow_Classifier_train_135A17156_jpg.rf.35441d24b631d1f81e4f179ba75ea8d9.jpg,2,1.61,0,9
Roboflow_Classifier_train_135A17156_jpg.rf.82d475cc7d3f1fcdca64c3322eac8ab2.jpg,2,21.82,0,7
Roboflow_Classifier_train_135A17156_jpg.rf.c16bbf410e20d2f9c86f860d191e8986.jpg,1,1.6,0,9
Roboflow_Classifier_train_137A42495_jpg.rf.301b662624f9c155d5417838040bcac1.jpg,2,2.67,0,4
Roboflow_Classifier_train_137A42495_jpg.rf.a9ac4f924ab077f1ea971c80dc1dd1df.jpg,1,1.93,0,9
Roboflow_Classifier_train_137A42495_jpg.rf.c948c6f5ad268da8c43e445bfd26f262.jpg,2,3.0,0,3
Roboflow_Classifier_train_137A42562_jpg.rf.4ae09af8291fcc2c9c31401836bbfe07.jpg,2,22.81,0,8
Roboflow_Classifier_train_137A42562_jpg.rf.8977f325e3b89578ec2910182b7fac0d.jpg,2,26.35,0,8
Roboflow_Classifier_train_137A42562_jpg.rf.bbae786009256a9043280d7176aef072.jpg,1,16.02,0,5
Roboflow_Classifier_train_137A42638_jpg.rf.015997f18d6ef0808e7ad203c3c693ae.jpg,1,2.95,0,3
Roboflow_Classifier_train_137A42638_jpg.rf.1697c6a2a337cc31eb2980dff5dbd3f3.jpg,2,3.78,0,0
Roboflow_Classifier_train_137A42638_jpg.rf.c67d4f9c829dd8e9433e79b286afa6d3.jpg,1,31.44,0,1
Roboflow_Classifier_train_137A42649_jpg.rf.26be11252501936b1a3e085f146533d1.jpg,2,3.53,0,3
Roboflow_Classifier_train_137A42649_jpg.rf.313a54171ef7d53552bda2ccfe85c2bb.jpg,2,22.69,0,1
Roboflow_Classifier_train_137A42649_jpg.rf.d0c09e072c6963b93a684ccc93833f88.jpg,2,3.38,0,4
Roboflow_Classifier_train_137A42667_jpg.rf.2e2b5f8941af59defcda46a0874bcc4a.jpg,2,19.11,0,7
Roboflow_Classifier_train_137A42667_jpg.rf.5b207889d3c3d3cc5138100cd4340b8e.jpg,1,5.0,0,6
Roboflow_Classifier_train_137A42667_jpg.rf.87b0134e57db83d69a9fc0fc129a49f7.jpg,1,19.25,0,7
Roboflow_Classifier_train_137A42820_jpg.rf.a17ffdb416949799ab1d4ecfba07ac71.jpg,1,2.43,0,3
Roboflow_Classifier_train_137A42820_jpg.rf.f177dc3b3a0aee86b83cef45146f2cdf.jpg,2,18.82,0,7
Roboflow_Classifier_train_137A42820_jpg.rf.f9b8c95a05a0325b364a6cb9f8a7abe2.jpg,1,4.78,0,3
Roboflow_Classifier_train_137A42891_jpg.rf.0d8a5e943831ba107e836be6ad947bb8.jpg,0,21.41,0,1
Roboflow_Classifier_train_137A42891_jpg.rf.b71e0a0c44ab7a065c3a1c05370ce545.jpg,2,1.66,0,4
Roboflow_Classifier_train_137A42891_jpg.rf.de2095de52a0859cee66a0cd0ba29732.jpg,2,39.15,0,1
Roboflow_Classifier_train_137A42914_jpg.rf.328c8a04adfb1788068dc96bfedd13b0.jpg,0,4.06,0,3
Roboflow_Classifier_train_137A42914_jpg.rf.401e5ffb7fa2b7e384cd6fe8086c0671.jpg,1,5.0,0,6
Roboflow_Classifier_train_137A42914_jpg.rf.608b882201c2ac107de113d3fee29183.jpg,1,3.28,0,0
Roboflow_Classifier_train_137A42942_jpg.rf.5072fd70d12c00a96ac2b923f45485c0.jpg,0,23.65,0,6
Roboflow_Classifier_train_137A42942_jpg.rf.8ab8ff889730a377868526cb68c2d4f9.jpg,2,2.92,0,3
Roboflow_Classifier_train_137A42942_jpg.rf.d4a243ddcab4d04829bf946fcdb506a9.jpg,1,4.57,0,3
Roboflow_Classifier_train_137A42996_jpg.rf.2fb1aed154c33be6c4524dc6b4a41d57.jpg,0,35.5,0,2
Roboflow_Classifier_train_137A42996_jpg.rf.6dde0b8167f4b6816b94449903492894.jpg,3,1.38,0,9
Roboflow_Classifier_train_137A42996_jpg.rf.8f842314d2e9319bae1ec77529f85fc8.jpg,1,4.97,0,4
Roboflow_Classifier_train_137A42997_jpg.rf.6190bf8c1afdf984cf74948b55464f7b.jpg,2,24.38,0,7
Roboflow_Classifier_train_137A42997_jpg.rf.6a58a6a624077242fed0b80ca74ead2b.jpg,0,28.8,0,1
Roboflow_Classifier_train_137A42997_jpg.rf.a79d8a8215d60d8bb8c82fd7934e12aa.jpg,2,10.0,0,7
Roboflow_Classifier_train_137A43036_jpg.rf.7dc9d5a9ee1e469fe47999d7f2a411dc.jpg,0,3.33,0,3
Roboflow_Classifier_train_137A43036_jpg.rf.a8117610dd789220cd9a357d6f67f847.jpg,2,0.82,0,9
Roboflow_Classifier_train_137A43036_jpg.rf.b5b43f6bac2e06b30533d0f766d1e796.jpg,3,2.87,0,4
Roboflow_Classifier_train_137A43078_jpg.rf.728065d142ecae23ac49b7d40e68b103.jpg,2,3.93,0,3
Roboflow_Classifier_train_137A43078_jpg.rf.978d0671a640be48ca280964741c704d.jpg,2,3.45,0,3
Roboflow_Classifier_train_137A43078_jpg.rf.e2f730a468f1374b48b44d7f0ea8d107.jpg,2,13.71,0,7
Roboflow_Classifier_train_137A43081_jpg.rf.306e1c34d51fb7444bcb8024fda75cd8.jpg,2,19.5,0,5
Roboflow_Classifier_train_137A43081_jpg.rf.51ba87e11977b2635629ed2a80b41f01.jpg,3,36.37,0,1
Roboflow_Classifier_train_137A43081_jpg.rf.c32cf3fafa0eb63f674711052bec117d.jpg,2,5.49,0,4
Roboflow_Classifier_train_137A43087_jpg.rf.c5dfa74240a109ccfb5f93ab8cf142c7.jpg,1,21.11,0,8
Roboflow_Classifier_train_137A43087_jpg.rf.d33f8ff52049b58ba3f0ebd8335a2b83.jpg,2,5.41,0,0
Roboflow_Classifier_train_137A43087_jpg.rf.d64d2061e787e4a57ae428676ef4f529.jpg,2,29.9,0,1
Roboflow_Classifier_train_137A43099_jpg.rf.1f6a1bb3e629b20a041e07b730b03464.jpg,0,19.37,0,7
Roboflow_Classifier_train_137A43099_jpg.rf.2967ad0f35b2c6aad6b5d9aabfec554a.jpg,3,16.98,0,1
Roboflow_Classifier_train_137A43099_jpg.rf.da6320f2a26ed46f981ade8dc41c6119.jpg,2,12.13,0,6
Roboflow_Classifier_train_137A43117_jpg.rf.02f6ad0d40938ead956cccd54ee0a2fd.jpg,1,3.94,0,3
Roboflow_Classifier_train_137A43117_jpg.rf.acd8298f9883e8c8b87e7703e3839bfa.jpg,2,5.7,0,0
Roboflow_Classifier_train_137A43117_jpg.rf.cddff276c1bff540cd609a376c686143.jpg,2,30.86,0,1
Roboflow_Classifier_train_137A43119_jpg.rf.56b23e8ae28b6a9d90e4007cd00237a9.jpg,2,8.13,0,8
Roboflow_Classifier_train_137A43119_jpg.rf.ce277446ce2480236fab323056dc712e.jpg,3,12.65,0,5
Roboflow_Classifier_train_137A43119_jpg.rf.da432b1ee2bb174d4571a5e7e4cb4f63.jpg,1,2.39,0,9
Roboflow_Classifier_train_137A43152_jpg.rf.0624d685dbefbe1d882c29694c14bf11.jpg,1,3.56,0,3
Roboflow_Classifier_train_137A43152_jpg.rf.84d016ea57c10bd27593823d4503ba81.jpg,1,2.59,0,4
Roboflow_Classifier_train_137A43152_jpg.rf.8a6e27fb054f8027189977e62aa6f440.jpg,2,27.55,0,6
Roboflow_Classifier_train_137A43169_jpg.rf.6a299f259923c814bb17744dadf2de66.jpg,1,23.87,0,7
Roboflow_Classifier_train_137A43169_jpg.rf.8176378f1b78cd2075d89ba1002530af.jpg,3,26.75,0,1
Roboflow_Classifier_train_137A43169_jpg.rf.cc6812e5a5f333c730a1f146ead6a459.jpg,3,60.39,0,2
Roboflow_Classifier_train_137A43236_jpg.rf.a925a216c5b101499728be8ef218384f.jpg,1,4.49,0,3
Roboflow_Classifier_train_137A43236_jpg.rf.ba7e3e9e12c2b7d892c71c7df8f009be.jpg,1,5.15,0,3
Roboflow_Classifier_train_137A43236_jpg.rf.eb339db35a613f96c6bed60fe9af600f.jpg,2,10.0,0,1
Roboflow_Classifier_train_137A43250_jpg.rf.3e6d3080ad9e028954ee0b8ca8088639.jpg,2,21.83,0,8
Roboflow_Classifier_train_137A43250_jpg.rf.47c8841cf9d6af1aefcd23398a440bea.jpg,2,23.67,0,1
Roboflow_Classifier_train_137A43250_jpg.rf.a76accc55f75fb7df11ec14a5bfd5904.jpg,2,15.4,0,6
Roboflow_Classifier_train_137A43254_jpg.rf.1de039bd4d4b2a757036443791b28cbe.jpg,3,8.4,0,0
Roboflow_Classifier_train_137A43254_jpg.rf.903ebb4b21081f026fbe3fb17a246661.jpg,2,4.01,0,0
Roboflow_Classifier_train_137A43254_jpg.rf.f7d5144260400e2b0a4f26999503e386.jpg,3,7.2,0,4
Roboflow_Classifier_train_137A43273_jpg.rf.109122ce42a06c377c2fcb090bff5279.jpg,1,6.18,0,3
Roboflow_Classifier_train_137A43273_jpg.rf.42cd4a8c5a9e7f47fbcdefffa3765360.jpg,2,12.11,0,7
Roboflow_Classifier_train_137A43273_jpg.rf.ef884483ed67b47d2dd4b3c931f792e6.jpg,0,23.63,0,8
Roboflow_Classifier_train_137A43292_jpg.rf.3098807d7b8a021c4e650b611f2e588a.jpg,1,1.5,0,0
Roboflow_Classifier_train_137A43292_jpg.rf.8d316a574a98f2a1a8594ae0702be751.jpg,2,12.82,0,8
Roboflow_Classifier_train_137A43292_jpg.rf.fe9ed17a0e7a4ce5502ed8a616d089b9.jpg,2,22.6,0,2
Roboflow_Classifier_train_137A43342_jpg.rf.0957ee0c23f19dfe36ca91cb18130bec.jpg,1,10.0,0,1
Roboflow_Classifier_train_137A43342_jpg.rf.4adc5995aa2bbeb599eeb67abd4926eb.jpg,1,10.0,0,7
Roboflow_Classifier_train_137A43342_jpg.rf.eaf05dca1a4a89445fefdc25a3a4662a.jpg,2,42.91,0,2
Roboflow_Classifier_train_137A43382_jpg.rf.0a6087d5b52bbddba783cc37579e3b86.jpg,0,1.5,0,9
Roboflow_Classifier_train_137A43382_jpg.rf.5afc3d799e6904ba3779fc9fa28c9520.jpg,3,1.55,0,9
Roboflow_Classifier_train_137A43382_jpg.rf.e82e9f3f070d49cd00d8c168e1338c51.jpg,1,2.64,0,9
Roboflow_Classifier_train_137A43384_jpg.rf.72b9f95aad930b6d19cc891795ba3428.jpg,2,1.12,0,9
Roboflow_Classifier_train_137A43384_jpg.rf.b6a83ed83b22ebb1cc8d9ebf0875a4c4.jpg,2,34.53,0,7
Roboflow_Classifier_train_137A43384_jpg.rf.d386ae0a99b38254ed829910abbf5e38.jpg,1,14.74,0,5
Roboflow_Classifier_train_137A43532_jpg.rf.691cd9c321adf9a86df1cf3c70e074d1.jpg,3,19.91,0,8
Roboflow_Classifier_train_137A43532_jpg.rf.7547ae3fa7262856a6f7f4fd9539c826.jpg,0,26.66,0,8
Roboflow_Classifier_train_137A43532_jpg.rf.cfaa1d5220cf7ce424abf7864bfce949.jpg,1,5.38,0,3
Roboflow_Classifier_train_137A43551_jpg.rf.40054d89ab8a1ded4dfddf958ac1acb9.jpg,1,3.83,0,3
Roboflow_Classifier_train_137A43551_jpg.rf.754288b7f7b9fc48b63ed0112db5fa31.jpg,2,3.73,0,3
Roboflow_Classifier_train_137A43551_jpg.rf.e04c89aa707817b38111f6a372d92316.jpg,0,16.66,0,7
Roboflow_Classifier_train_137A43577_jpg.rf.0eae1f63f794be41d33a2ac85e5ee79a.jpg,1,25.81,0,2
Roboflow_Classifier_train_137A43577_jpg.rf.7683a5e12bcd45f45c009fb8c48b1044.jpg,2,14.33,0,6
Roboflow_Classifier_train_137A43577_jpg.rf.dc4b5d144e356461cda892cdbcd0f081.jpg,2,1.69,0,9
Roboflow_Classifier_train_137A43585_jpg.rf.1055c0c9e1593667efcde9bba551d244.jpg,1,4.11,0,4
Roboflow_Classifier_train_137A43585_jpg.rf.46b8e9a79bb1b967d0a58830afaac138.jpg,2,25.92,0,8
Roboflow_Classifier_train_137A43585_jpg.rf.a88aecebb4562b513f21a8786a1cacd7.jpg,1,3.47,0,4
Roboflow_Classifier_train_137A43602_jpg.rf.594ad326d60e50319fe1bab0cbdef4a1.jpg,0,1.08,0,9
Roboflow_Classifier_train_137A43602_jpg.rf.629a6101545aadc3a8d7ca0bd9df2e90.jpg,2,26.24,0,7
Roboflow_Classifier_train_137A43602_jpg.rf.f81c5cb75841f62f828abb3ba97107ba.jpg,3,19.57,0,5
Roboflow_Classifier_train_137A43620_jpg.rf.274b579a57f6fe612ff3651274b79c6e.jpg,2,20.18,0,1
Roboflow_Classifier_train_137A43620_jpg.rf.ccfaad01db95407b89cd765f8f43ec56.jpg,2,5.0,0,6
Roboflow_Classifier_train_137A43620_jpg.rf.dc6413fe3b2864d9664e229fa391c686.jpg,1,5.77,0,3
Roboflow_Classifier_train_137A43630_jpg.rf.24e9c30e14fbce38ad80ad9109c212c3.jpg,3,18.37,0,2
Roboflow_Classifier_train_137A43630_jpg.rf.85d4f50d398aa4edee734d2e16d70222.jpg,0,1.52,0,9
Roboflow_Classifier_train_137A43630_jpg.rf.f8c86d7d703cf9e76fea06983542c5c2.jpg,2,26.75,0,5
Roboflow_Classifier_train_137A43633_jpg.rf.1c2e9e7cc82599e4412134cafa5e8713.jpg,2,30.82,0,2
Roboflow_Classifier_train_137A43633_jpg.rf.3d4dba16b866785cd48ce7245676fce9.jpg,2,11.64,0,5
Roboflow_Classifier_train_137A43633_jpg.rf.a1b3e658b80ef2a776ce3b3969f09dbb.jpg,2,22.38,0,7
Roboflow_Classifier_train_137A43638_jpg.rf.6e475119b237dfed3893864bac439a93.jpg,2,22.2,0,8
Roboflow_Classifier_train_137A43638_jpg.rf.c21b21b0b932b4cd8395953c57d46879.jpg,2,11.37,0,6
Roboflow_Classifier_train_137A43638_jpg.rf.f7811fb4355e13a1139b4097ede28ca3.jpg,2,18.65,0,5
Roboflow_Classifier_train_137A43683_jpg.rf.20c97e7d8aabe5457a2f1c51d9e1b6a0.jpg,2,2.82,0,4
Roboflow_Classifier_train_137A43683_jpg.rf.76ea320f74cc1200f1ba3dd296751b57.jpg,1,21.42,0,1
Roboflow_Classifier_train_137A43683_jpg.rf.c71eae82dc8de18edf93bafaf3418012.jpg,2,1.87,0,4
Roboflow_Classifier_train_137A43697_jpg.rf.4f6018cf7dbab52d917665b353b420c3.jpg,1,10.0,0,1
Roboflow_Classifier_train_137A43697_jpg.rf.ce4149048449673dc045be06c6308c26.jpg,2,1.78,0,9
Roboflow_Classifier_train_137A43697_jpg.rf.d69ad9f4793db985f5c67c1c83608cde.jpg,2,5.62,0,0
Roboflow_Classifier_train_137A43712_jpg.rf.6c8a0180f39eaafbb13b5f5d9cfcb749.jpg,0,20.29,0,8
Roboflow_Classifier_train_137A43712_jpg.rf.94cf62ae7494ada3ca2bef7610bac140.jpg,2,7.84,0,3
Roboflow_Classifier_train_137A43712_jpg.rf.c227602e8c5441fdb0e423fde52c89e1.jpg,2,4.11,0,0
Roboflow_Classifier_train_137A43716_jpg.rf.157958d89163cac763bf755e11d7ea82.jpg,2,22.12,0,7
Roboflow_Classifier_train_137A43716_jpg.rf.a96d794c19e3395b8b5bba586147d95c.jpg,2,11.97,0,5
Roboflow_Classifier_train_137A43716_jpg.rf.fe183dda4d5fa3f92ca203022e8fa243.jpg,2,17.77,0,5
Roboflow_Classifier_train_137A43725_jpg.rf.01464d14adb63817f66790a9b458b06f.jpg,2,5.65,0,0
Roboflow_Classifier_train_137A43725_jpg.rf.aeeaf6717b93d24dffebd9165cc90176.jpg,2,27.78,0,7
Roboflow_Classifier_train_137A43725_jpg.rf.d9025ffd1d2de4dda0683bcc7eca7eb0.jpg,2,3.62,0,0
Roboflow_Classifier_train_137A43741_jpg.rf.058921262b72b0cc3e5e698498acf4b7.jpg,2,24.02,0,8
Roboflow_Classifier_train_137A43741_jpg.rf.52e9d29891aea5fc5a029c72a2e21702.jpg,0,22.68,0,7
Roboflow_Classifier_train_137A43741_jpg.rf.ca7410715506820e9a20c7df5698674e.jpg,2,3.93,0,3
Roboflow_Classifier_train_137A43758_jpg.rf.1cc8eed11958260c3b0d3ab855f0fd82.jpg,2,4.11,0,3
Roboflow_Classifier_train_137A43758_jpg.rf.3c734aa3aafb9f498f067c0b260640b1.jpg,2,28.6,0,1
Roboflow_Classifier_train_137A43758_jpg.rf.be2faa11a9e1c7dc6d88ff80d73be251.jpg,2,12.02,0,8
Roboflow_Classifier_train_137A43763_jpg.rf.0255020a3f28b3cf00e289b3aa6c261f.jpg,1,5.43,0,0
Roboflow_Classifier_train_137A43763_jpg.rf.4937e034dfaef8ef8a78d14bc0446907.jpg,3,2.21,0,9
Roboflow_Classifier_train_137A43763_jpg.rf.beceb5fd2f9d865e3aad9a8e83536120.jpg,2,3.94,0,4
Roboflow_Classifier_train_137A43764_jpg.rf.88ae5d49bfee185b297418542cb95f21.jpg,2,8.07,0,0
Roboflow_Classifier_train_137A43764_jpg.rf.9afff65625da643d1fae39682655ce9d.jpg,3,6.86,0,6
Roboflow_Classifier_train_137A43764_jpg.rf.d5ba93cdc996590775e514dbd5f835b0.jpg,2,31.38,0,8
Roboflow_Classifier_train_137A43772_jpg.rf.89e52cd151276e68ec003eaa59ffc46f.jpg,1,10.0,0,1
Roboflow_Classifier_train_137A43772_jpg.rf.98ed141bfade32f1444d0713043d31a7.jpg,2,2.03,0,0
Roboflow_Classifier_train_137A43772_jpg.rf.cdf2ff7c8e1a47459aa9270d90717fea.jpg,2,11.42,0,5
Roboflow_Classifier_train_137A43791_jpg.rf.025b2ac938a9ae8225e36b86434e5a03.jpg,2,14.68,0,8
Roboflow_Classifier_train_137A43791_jpg.rf.0d7a142620f4cc37063903f843addb71.jpg,2,4.24,0,4
Roboflow_Classifier_train_137A43791_jpg.rf.8621b53bee06442018ecfd012d41cb27.jpg,2,5.0,0,6
Roboflow_Classifier_train_137A43806_jpg.rf.25dbeb271a014e9ee10cc356ea4a126e.jpg,2,13.42,0,6
Roboflow_Classifier_train_137A43806_jpg.rf.3fbad258206bb797c75ae2a41b300fc4.jpg,2,13.19,0,5
Roboflow_Classifier_train_137A43806_jpg.rf.9635b2fd751bde114ea762efc8a0b4b9.jpg,2,20.71,0,1
Roboflow_Classifier_train_137A43816_jpg.rf.46548e9011b0828ff910e1ae542aa5ee.jpg,2,10.0,0,1
Roboflow_Classifier_train_137A43816_jpg.rf.a8d5048f8af6da5ead4d9eae054e7750.jpg,3,4.75,0,3
Roboflow_Classifier_train_137A43816_jpg.rf.e8c42a6ebbd739fa88c379a2566dd3cc.jpg,2,25.29,0,8
Roboflow_Classifier_train_139A4366_jpg.rf.0f13e84c3b66237dc7802d27076ccca1.jpg,2,10.0,0,7
Roboflow_Classifier_train_139A4366_jpg.rf.576616c4550802880450eace51758caf.jpg,1,23.14,0,7
Roboflow_Classifier_train_139A4366_jpg.rf.a42ffd0e54d67226f8a689aef162c500.jpg,3,4.22,0,4
Roboflow_Classifier_train_139A64360_jpg.rf.333ded8053ade0c8c0de59b42969d8a8.jpg,2,30.96,0,8
Roboflow_Classifier_train_139A64360_jpg.rf.44f6dfaba387553810beef59d3969d39.jpg,2,1.07,0,9
Roboflow_Classifier_train_139A64360_jpg.rf.9f273c9fb0bd1e2d7c110298535b7206.jpg,2,21.56,0,1
Roboflow_Classifier_train_139A64377_jpg.rf.41b14f2ca4f6b73f4ef9288efdf6b8e3.jpg,0,9.63,0,6
Roboflow_Classifier_train_139A64377_jpg.rf.5fa720bf8253845e38df895d1810f1dd.jpg,2,3.37,0,3
Roboflow_Classifier_train_139A64377_jpg.rf.ef2064fb6e21296efd60ae2d6abd285e.jpg,0,35.11,0,1
Roboflow_Classifier_train_139A64410_jpg.rf.1ecd1a7153edfd9a7b5f831d74447e5e.jpg,2,3.85,0,3
Roboflow_Classifier_train_139A64410_jpg.rf.36713553a278f89745b4e0a18668001b.jpg,0,23.28,0,2
Roboflow_Classifier_train_139A64410_jpg.rf.8b58afed779aa4e31a743acbe31dd039.jpg,1,1.8,0,9
Roboflow_Classifier_train_139A64420_jpg.rf.039e807e92535d4cbfdf3cd3a70023cc.jpg,2,24.25,0,7
Roboflow_Classifier_train_139A64420_jpg.rf.08899de4113ca3f85659a8d2571d6878.jpg,0,23.66,0,1
Roboflow_Classifier_train_139A64420_jpg.rf.626beb3dd47f0cc7016eaa41e721b176.jpg,2,37.21,0,2
Roboflow_Classifier_train_139A64422_jpg.rf.62fbe6b84605ec1a563ced3207aca3bd.jpg,2,5.0,0,6
Roboflow_Classifier_train_139A64422_jpg.rf.db9268de20bdab2ab4f03055509565d2.jpg,1,1.39,0,9
Roboflow_Classifier_train_139A64422_jpg.rf.e3e12b8eaed93b2def2f7f94f18847c0.jpg,0,4.47,0,3
Roboflow_Classifier_train_139A64432_jpg.rf.3f6f5ce3106c25542c3e0890f9a9ce67.jpg,2,18.44,0,6
Roboflow_Classifier_train_139A64432_jpg.rf.d76daa97de82fb5fde4cfdb4d123e75a.jpg,2,5.0,0,6
Roboflow_Classifier_train_139A64432_jpg.rf.ec49e9fd1efb676c6745a87ff851335a.jpg,1,16.4,0,6
Roboflow_Classifier_train_139A64433_jpg.rf.0f1bf954de2acb27899a1c118f08d507.jpg,2,20.62,0,8
Roboflow_Classifier_train_139A64433_jpg.rf.3942c791f5d06f38a68673ed312e5dc1.jpg,0,4.14,0,0
Roboflow_Classifier_train_139A64433_jpg.rf.4069c27a6320c5f6dc099cac1c45d4f6.jpg,2,18.0,0,5
Roboflow_Classifier_train_139A64438_jpg.rf.330cad6ed35f57b3d49a78afd7412b78.jpg,1,2.66,0,4
Roboflow_Classifier_train_139A64438_jpg.rf.e9354f7b74d633ec2115463f4a8c7cd6.jpg,2,49.08,0,2
Roboflow_Classifier_train_139A64438_jpg.rf.ec05cb7b59049f388252f24726da1035.jpg,3,10.98,0,6
Roboflow_Classifier_train_139A64450_jpg.rf.323bf1d1c0035d9f0aa60636efd584d5.jpg,0,1.95,0,0
Roboflow_Classifier_train_139A64450_jpg.rf.907f07fdcfc825904fa510cf19f5ce96.jpg,1,4.54,0,4
Roboflow_Classifier_train_139A64450_jpg.rf.bd73c378590055059672719c7f455a76.jpg,2,14.95,0,6
Roboflow_Classifier_train_139A64455_jpg.rf.0c18cbadf5bb106e14778a3bdea06902.jpg,2,8.95,0,5
Roboflow_Classifier_train_139A64455_jpg.rf.a351ecd6db331c24c13c80d216128588.jpg,2,31.59,0,7
Roboflow_Classifier_train_139A64455_jpg.rf.ce5d619dd5ed9461e772f9d50479a876.jpg,1,5.23,0,6
Roboflow_Classifier_train_139A64458_jpg.rf.314073f687111d7a77af5536ac6cec48.jpg,1,2.98,0,4
Roboflow_Classifier_train_139A64458_jpg.rf.bf59c0a9731a6372d4223a1b5c71325c.jpg,1,3.82,0,4
Roboflow_Classifier_train_139A64458_jpg.rf.e58a1593c726077b574e2831e9800743.jpg,2,5.0,0,6
Roboflow_Classifier_train_139A64477_jpg.rf.1b35321626241bd2e7f80ba90b766b1c.jpg,2,15.33,0,7
Roboflow_Classifier_train_139A64477_jpg.rf.88f6495e49151cf354cfba081aaf22ae.jpg,1,11.96,0,6
Roboflow_Classifier_train_139A64477_jpg.rf.d0b6325e76f599d75ec5d35d541210e9.jpg,1,3.25,0,0
Roboflow_Classifier_train_139A64534_jpg.rf.61926e547961516766d47e428677b570.jpg,1,4.22,0,4
Roboflow_Classifier_train_139A64534_jpg.rf.c9428833c46654495dd062038c8f1ea7.jpg,1,6.15,0,5
Roboflow_Classifier_train_139A64534_jpg.rf.c979524846a021146b7c45d2e143be8f.jpg,2,37.11,0,7
Roboflow_Classifier_train_139A64555_jpg.rf.4570378297da34818853c5d0176799ce.jpg,1,35.09,0,2
Roboflow_Classifier_train_139A64555_jpg.rf.47a37d9a2e461a6701d26559eac3009b.jpg,2,3.42,0,0
Roboflow_Classifier_train_139A64555_jpg.rf.ce479a2b6167850bbde8d99c9b3a6456.jpg,2,18.35,0,7
Roboflow_Classifier_train_139A64576_jpg.rf.15f09e1bcabbb398085705f106c2a215.jpg,2,18.11,0,8
Roboflow_Classifier_train_139A64576_jpg.rf.47ea2875188f4dd17211e8c0c39dd171.jpg,2,3.69,0,0
Roboflow_Classifier_train_139A64576_jpg.rf.59f9d0d84311744ff3cc5819c1da8d27.jpg,3,4.06,0,3
Roboflow_Classifier_train_139A64577_jpg.rf.049030d9606bfe438ee678e8ef1c4bed.jpg,0,2.14,0,9
Roboflow_Classifier_train_139A64577_jpg.rf.7d75f4c9d6078aa872fb57a6cd0c26c2.jpg,2,37.21,0,7
Roboflow_Classifier_train_139A64577_jpg.rf.d844d4f2602c660e5492b7cfa4bcb7cf.jpg,2,6.01,0,0
Roboflow_Classifier_train_139A64579_jpg.rf.1c1816d21b84bf922ee092031a508cde.jpg,1,1.75,0,3
Roboflow_Classifier_train_139A64579_jpg.rf.3313d4b8ad156cdc42965d030fc90b51.jpg,1,21.91,0,8
Roboflow_Classifier_train_139A64579_jpg.rf.e4515dcb46a07b40c1bb028c8d637c23.jpg,1,10.7,0,6
Roboflow_Classifier_train_139A64583_jpg.rf.65bfaad4c5e153fddecfe6afeedd1910.jpg,1,27.21,0,1
Roboflow_Classifier_train_139A64583_jpg.rf.6748da2b88574ecd8bd43f9cd9b84189.jpg,2,1.02,0,9
Roboflow_Classifier_train_139A64583_jpg.rf.c347dd785b1ed151871ab99eb7e2ad7d.jpg,2,1.28,0,9
Roboflow_Classifier_train_139A64585_jpg.rf.350534a709651c1a6ea2a89ed120662d.jpg,2,1.07,0,3
Roboflow_Classifier_train_139A64585_jpg.rf.93836eb4badc4bf9b3887a72d1462984.jpg,1,22.21,0,1
Roboflow_Classifier_train_139A64585_jpg.rf.d032f056664c4db0c511d122bbebd844.jpg,2,3.33,0,3
Roboflow_Classifier_train_139A64586_jpg.rf.4152ce10a423f8fd5715170501e76d51.jpg,2,4.3,0,4
Roboflow_Classifier_train_139A64586_jpg.rf.a787d4148fd5a783911784f8bfffc3e5.jpg,1,19.05,0,7
Roboflow_Classifier_train_139A64586_jpg.rf.dee0f6e3343bdbbc9d06013fa4c38c9d.jpg,2,35.15,0,1
Roboflow_Classifier_train_139A64587_jpg.rf.a3c6a9580cdc9155cc3618988c4ef4c5.jpg,3,2.57,0,4
Roboflow_Classifier_train_139A64587_jpg.rf.aa727f16df48830df6fc7360b978dcf2.jpg,2,17.11,0,1
Roboflow_Classifier_train_139A64587_jpg.rf.aeb385d1d738dcf69798b54881ae8a00.jpg,2,1.42,0,9
Roboflow_Classifier_train_139A64592_jpg.rf.175fe47b1614dd77708bfd8292c1212e.jpg,2,7.72,0,0
Roboflow_Classifier_train_139A64592_jpg.rf.28e7c0d7de722291001da48e84755c78.jpg,3,15.05,0,2
Roboflow_Classifier_train_139A64592_jpg.rf.7ad7eb74071d2db1830d681e33ad1bf1.jpg,2,10.6,0,6
Roboflow_Classifier_train_139A64606_jpg.rf.9ba42eaee0b17f379ab936bdd5381c8b.jpg,2,4.82,0,4
Roboflow_Classifier_train_139A64606_jpg.rf.d6bcab12b9bb9e450b998ee36acf0889.jpg,0,10.0,0,1
Roboflow_Classifier_train_139A64606_jpg.rf.ea98fcb9e6f159d6d14899debba6e87d.jpg,2,2.66,0,3
Roboflow_Classifier_train_139A64611_jpg.rf.0e6eb5347e6634db5364e62d73f4ebd6.jpg,3,5.0,0,6
Roboflow_Classifier_train_139A64611_jpg.rf.bba1f193976e6f4567ebabc202ed87c5.jpg,2,1.0,0,9
Roboflow_Classifier_train_139A64611_jpg.rf.c37d497cf0aeff9740ae0f5647398747.jpg,2,5.23,0,0
Roboflow_Classifier_train_139A64628_jpg.rf.1029829980f408c989fdee863f5859f5.jpg,1,16.71,0,5
Roboflow_Classifier_train_139A64628_jpg.rf.9be5419911c30c68f49d73a6eee28a06.jpg,1,3.86,0,4
Roboflow_Classifier_train_139A64628_jpg.rf.f0978913889feae89f6a35dbbe8a01e9.jpg,2,2.35,0,4
Roboflow_Classifier_train_139A64630_jpg.rf.0dc9f27cc155cd25179f2c2908db92f0.jpg,1,4.92,0,0
Roboflow_Classifier_train_139A64630_jpg.rf.22a64b9edb0b737bb2c5fa358d4ef16e.jpg,2,32.0,0,1
Roboflow_Classifier_train_139A64630_jpg.rf.fbf20ce8197895548fd8c7469af46d5e.jpg,2,24.52,0,8
Roboflow_Classifier_train_139A64645_jpg.rf.0101460d7f3e6cbf2a1920c09f5e2828.jpg,0,1.17,0,9
Roboflow_Classifier_train_139A64645_jpg.rf.5c2f97a26093fe521a6fa54e45b2667a.jpg,0,8.32,0,6
Roboflow_Classifier_train_139A64645_jpg.rf.6389ff02c32c0d00123c299e45306dfb.jpg,1,23.59,0,7
Roboflow_Classifier_train_139A64728_jpg.rf.a639802a0f7a0a07538e8f3f64ee8938.jpg,2,13.71,0,8
Roboflow_Classifier_train_139A64728_jpg.rf.db2814e58b4c200e21e7c6b9cde6c214.jpg,2,18.17,0,6
Roboflow_Classifier_train_139A64728_jpg.rf.eb8e700663fa5cd4592322a7f8291afb.jpg,3,21.76,0,1
Roboflow_Classifier_train_139A64743_jpg.rf.884a9db3cb99b1413499c76b422640be.jpg,0,4.01,0,3
Roboflow_Classifier_train_139A64743_jpg.rf.a2fc3a423d69c2d0cb90757e0c3de5fc.jpg,2,16.12,0,1
Roboflow_Classifier_train_139A64743_jpg.rf.c053067027038d5c31cbe0fbd71f3695.jpg,2,3.67,0,4
Roboflow_Classifier_train_139A64744_jpg.rf.4b19f26123c16da5ef644206640949c1.jpg,3,1.24,0,9
Roboflow_Classifier_train_139A64744_jpg.rf.b3782eb5e217a18335586661bc0166e9.jpg,2,23.07,0,8
Roboflow_Classifier_train_139A64744_jpg.rf.c2faca1c64dc39d752a5cdf6e562f141.jpg,2,17.49,0,7
Roboflow_Classifier_train_139A64751_jpg.rf.78411e253ccd6aae53626a9b05ca83ca.jpg,2,24.7,0,1
Roboflow_Classifier_train_139A64751_jpg.rf.abf54898d96fcd5348dda50ca45330b0.jpg,3,3.25,0,3
Roboflow_Classifier_train_139A64751_jpg.rf.dac03be0d0e857fe2fc38d8b51810f1b.jpg,2,49.64,0,2
Roboflow_Classifier_train_139A64757_jpg.rf.0de666613733126a96496b0f3152e0c4.jpg,3,16.63,0,5
Roboflow_Classifier_train_139A64757_jpg.rf.34e60e6cd216935be3ecf8bfcf1ee84b.jpg,0,38.6,0,2
Roboflow_Classifier_train_139A64757_jpg.rf.d6df76d99e0ea998668a1c8e2bca4da5.jpg,0,32.39,0,1
Roboflow_Classifier_train_139A64759_jpg.rf.0c5c1b05557478982b814967e9d0e658.jpg,2,1.2,0,3
Roboflow_Classifier_train_139A64759_jpg.rf.a6f9888fef25f612017d892264a2ce11.jpg,2,20.83,0,1
Roboflow_Classifier_train_139A64759_jpg.rf.af40a7c4317292b2adbf0aca5c52d015.jpg,1,5.8,0,3
Roboflow_Classifier_train_139A64790_jpg.rf.6f014ccdd42f866ac4e2d014fca97394.jpg,2,2.05,0,9
Roboflow_Classifier_train_139A64790_jpg.rf.bbce752a1956e4e4881fb130bc08b099.jpg,1,2.73,0,4
Roboflow_Classifier_train_139A64790_jpg.rf.e39a6545ce3699b83560804024c64ca7.jpg,2,5.14,0,0
Roboflow_Classifier_train_139A64817_jpg.rf.c8b79d866d8b0a928e64120cbff0f70f.jpg,3,2.78,0,3
Roboflow_Classifier_train_139A64817_jpg.rf.d49292be03abb3c47f2b9f694d7ec02b.jpg,3,1.09,0,9
Roboflow_Classifier_train_139A64817_jpg.rf.de52d66c7a8dd10b5763ddac9ac40e61.jpg,2,5.03,0,5
Roboflow_Classifier_train_139A64829_jpg.rf.548bd09a58a86d2db07c89f03c2f8d96.jpg,3,9.92,0,8
Roboflow_Classifier_train_139A64829_jpg.rf.9a0ad2bd3dbfee74d3b0806557cf26aa.jpg,2,5.64,0,4
Roboflow_Classifier_train_139A64829_jpg.rf.d3c1cd7302d6506e35a5d3f323fce740.jpg,1,11.49,0,6
Roboflow_Classifier_train_139A64836_jpg.rf.1b2c5bc8d1a4585a2af8f8da05612611.jpg,2,1.48,0,9
Roboflow_Classifier_train_139A64836_jpg.rf.61353f3b43d75117c7dd33f519f49065.jpg,2,1.14,0,9
Roboflow_Classifier_train_139A64836_jpg.rf.a11273bc4dc4f6d28eaaefbb23a78ce4.jpg,2,2.79,0,4
Roboflow_Classifier_train_139A64847_jpg.rf.3d9f361cad2285a24b244d0b9a189403.jpg,0,17.7,0,7
Roboflow_Classifier_train_139A64847_jpg.rf.4767dbfc4dd05ac06d2d955758638eae.jpg,2,2.86,0,3
Roboflow_Classifier_train_139A64847_jpg.rf.630f9eedff606377d5a6c62c3e14fd0f.jpg,1,2.73,0,0
Roboflow_Classifier_train_139A64871_jpg.rf.8df4aa0f2ae7e785bbf2e69b7766f419.jpg,1,6.38,0,3
Roboflow_Classifier_train_139A64871_jpg.rf.de292c89783f3fa1f2f6ecc62979b7ef.jpg,3,19.79,0,7
Roboflow_Classifier_train_139A64871_jpg.rf.f20a1cbb73f79963f36d2d3b5354d676.jpg,1,26.81,0,1
Roboflow_Classifier_train_139A64875_jpg.rf.6a47279a42eaedcccf0b14262b0cb9ca.jpg,2,15.11,0,5
Roboflow_Classifier_train_139A64875_jpg.rf.6d4217ebf23d1a5d2478a7db333436e4.jpg,2,4.78,0,3
Roboflow_Classifier_train_139A64875_jpg.rf.f3e7d9fba3ab5a112fb51467e20d1edd.jpg,2,37.3,0,1
Roboflow_Classifier_train_139A64877_jpg.rf.131500b67fc93d57531967eaa17dfa3f.jpg,1,1.22,0,9
Roboflow_Classifier_train_139A64877_jpg.rf.8c6ce535260c2c87d6cf3811124ed640.jpg,0,2.39,0,4
Roboflow_Classifier_train_139A64877_jpg.rf.b1ca90cffcb892516fdbe24d387ed015.jpg,2,19.75,0,5
Roboflow_Classifier_train_139A64883_jpg.rf.8c65ece95492520b0dbf8fe4db3615ea.jpg,2,19.4,0,5
Roboflow_Classifier_train_139A64883_jpg.rf.cab83335f8f061625eda6eaa5bb0ed1a.jpg,2,16.06,0,8
Roboflow_Classifier_train_139A64883_jpg.rf.ebd930322feb75641e2ac925d98ee607.jpg,2,15.2,0,7
Roboflow_Classifier_train_139A64898_jpg.rf.3d6fbeb14922b18093f33ce1dbca3063.jpg,0,4.81,0,3
Roboflow_Classifier_train_139A64898_jpg.rf.89e6e0db72a52ae0b42ff086dabdd3d5.jpg,1,4.42,0,4
Roboflow_Classifier_train_139A64898_jpg.rf.91c9ca87745e0dfc0850505d4983f2d9.jpg,2,8.0,0,0
Roboflow_Classifier_train_139A64903_jpg.rf.03b40a4d19701a4a62d420a66099e7b4.jpg,1,11.19,0,5
Roboflow_Classifier_train_139A64903_jpg.rf.acd3c8631fbcb0dee2f1dca5fa01fbe6.jpg,2,8.74,0,6
Roboflow_Classifier_train_139A64903_jpg.rf.c2de9aa71cae13c00e13746261faa5d4.jpg,2,1.29,0,9
Roboflow_Classifier_train_139A64913_jpg.rf.3f7d051d12561d3f1f9db939e51eb29b.jpg,2,2.88,0,3
Roboflow_Classifier_train_139A64913_jpg.rf.576dc5d48cc003cbabab9fc97cd9cc3a.jpg,2,5.63,0,0
Roboflow_Classifier_train_139A64913_jpg.rf.ab89f30e2c88b635b902fd0da0ba1049.jpg,2,14.45,0,7
Roboflow_Classifier_train_139A64927_jpg.rf.8c8f82e4056a371cd1001e04726b43e1.jpg,1,14.56,0,5
Roboflow_Classifier_train_139A64927_jpg.rf.eae1a5e90dacc8554f99bb438366a56d.jpg,2,13.83,0,5
Roboflow_Classifier_train_139A64927_jpg.rf.f9413d547333c821e2c3681050bc23f4.jpg,2,14.16,0,7
Roboflow_Classifier_train_139A64931_jpg.rf.408388a6bbc2a7c1f9c551da7016dccd.jpg,2,23.86,0,7
Roboflow_Classifier_train_139A64931_jpg.rf.88b62ebccc32071f994db0a51d0ef7a7.jpg,1,14.0,0,8
Roboflow_Classifier_train_139A64931_jpg.rf.c19b7c439837f665a47ddf20a8e7364c.jpg,2,3.54,0,4
Roboflow_Classifier_train_139A64989_jpg.rf.5a3d78a3bbdbea7a0bf0d9c8a3d6373a.jpg,3,12.81,0,5
Roboflow_Classifier_train_139A64989_jpg.rf.8f4b34e5d523e270ac311cd3a1c96658.jpg,0,5.0,0,6
Roboflow_Classifier_train_139A64989_jpg.rf.fa25dc00326e4b3b70980872326585b2.jpg,2,31.62,0,1
Roboflow_Classifier_train_139A65009_jpg.rf.1e0fbcefbdd241a0e21b57063047d0be.jpg,2,36.16,0,2
Roboflow_Classifier_train_139A65009_jpg.rf.87797fbc834a3c2284b414753e20a75f.jpg,2,1.63,0,9
Roboflow_Classifier_train_139A65009_jpg.rf.cb8c66ce7be08f2deb5df129230c8c81.jpg,1,51.05,0,2
Roboflow_Classifier_train_139A65011_jpg.rf.1c2fcf97ab8cfe7f784dc8992eef7101.jpg,1,17.46,0,1
Roboflow_Classifier_train_139A65011_jpg.rf.42e35fcd78db77e7e8298f813666c149.jpg,0,5.05,0,4
Roboflow_Classifier_train_139A65011_jpg.rf.76137b2b9cf71f6b34c01aaf9de6f9d9.jpg,1,2.56,0,0
Roboflow_Classifier_train_139A65017_jpg.rf.02e8fe6b370226c105a435d7f1929209.jpg,2,24.7,0,5
Roboflow_Classifier_train_139A65017_jpg.rf.5c300587acfd5ff3f59e1e45b6da37bb.jpg,2,1.5,0,4
Roboflow_Classifier_train_139A65017_jpg.rf.657a0f286f93d305a1da246be0b64df5.jpg,0,6.07,0,0
Roboflow_Classifier_train_139A65018_jpg.rf.5791f217da43e7f29d160b0b311c8e9b.jpg,1,2.31,0,9
Roboflow_Classifier_train_139A65018_jpg.rf.67e56f683a413871d6b73877bc976a32.jpg,2,8.91,0,5
Roboflow_Classifier_train_139A65018_jpg.rf.bcbc5b37b26a0614a5e0490ede0182ca.jpg,1,30.85,0,1
Roboflow_Classifier_train_139A65037_jpg.rf.852f4870c84828a11e3ff6fcf47af006.jpg,3,20.11,0,8
Roboflow_Classifier_train_139A65037_jpg.rf.87cbfa138114e8a15ca6a7d003a315a9.jpg,2,25.15,0,1
Roboflow_Classifier_train_139A65037_jpg.rf.a2be5005bd4545e9ccdf093d2450d3ee.jpg,3,25.71,0,7
Roboflow_Classifier_train_139A65045_jpg.rf.2cade06a607e041d0c8cb9d0a40e3523.jpg,2,2.07,0,3
Roboflow_Classifier_train_139A65045_jpg.rf.449184cc31c991e0b0a16f66f8965e1f.jpg,1,0.78,0,9
Roboflow_Classifier_train_139A65045_jpg.rf.b46e2078464a6c2aec7013dca3884973.jpg,1,4.09,0,0
Roboflow_Classifier_train_139A65046_jpg.rf.9ab54d995793c4972935ec5dd55d7c50.jpg,2,19.1,0,8
Roboflow_Classifier_train_139A65046_jpg.rf.a51e31d18d3f0cecc826dfaba22dcd46.jpg,2,18.78,0,6
Roboflow_Classifier_train_139A65046_jpg.rf.e0e4bf3768b25b4b092735ce7ff77af2.jpg,2,11.02,0,8
Roboflow_Classifier_train_139A65093_jpg.rf.8f719bef0c940c22f12b6fb9247f41ce.jpg,0,1.36,0,9
Roboflow_Classifier_train_139A65093_jpg.rf.9f40f01f7ab32e641296e1f36bba904e.jpg,1,3.56,0,0
Roboflow_Classifier_train_139A65093_jpg.rf.f06e3d5de6c813bf651c187233b26ce9.jpg,2,23.67,0,8
Roboflow_Classifier_train_139A65113_jpg.rf.15001f17667b82046869a9440bcc5b37.jpg,2,3.23,0,4
Roboflow_Classifier_train_139A65113_jpg.rf.668005bf8eeecd3e981b179874c5f073.jpg,1,19.27,0,8
Roboflow_Classifier_train_139A65113_jpg.rf.86bd66cfdf2888a9f6a23f3a39818bb8.jpg,2,2.08,0,4
Roboflow_Classifier_train_139A65201_jpg.rf.29f298878ed7628c2731bc71661ba15b.jpg,2,0.98,0,9
Roboflow_Classifier_train_139A65201_jpg.rf.80d9cd869be9f259b9803d896cb9474a.jpg,2,2.24,0,3
Roboflow_Classifier_train_139A65201_jpg.rf.beb49e4db7ea09327c91d46aa5e65e6d.jpg,0,2.24,0,9
Roboflow_Classifier_train_139A65205_jpg.rf.1caeb85c35c4aa3c470e72bfef7160e8.jpg,2,10.0,0,2
Roboflow_Classifier_train_139A65205_jpg.rf.4c4cd2a438b0633474c154ee3b94720b.jpg,0,16.74,0,1
Roboflow_Classifier_train_139A65205_jpg.rf.ba55c530eef68e607a8b6201d10255e3.jpg,2,19.47,0,6
Roboflow_Classifier_train_139A65218_jpg.rf.09c6f67555204088dedfc35842fa140a.jpg,2,2.66,0,3
Roboflow_Classifier_train_139A65218_jpg.rf.6474592d06850fb03c85adcb780d7a89.jpg,2,4.45,0,3
Roboflow_Classifier_train_139A65218_jpg.rf.7503d3cc271c42bdaba773c1ccc2f722.jpg,1,4.35,0,4
Roboflow_Classifier_train_139A65228_jpg.rf.b765c0c7bb951352f4ba84cd6b0eb430.jpg,0,1.0,0,9
Roboflow_Classifier_train_139A65228_jpg.rf.d13e67e6f1633e2873ab31797262b6c2.jpg,2,10.0,0,1
Roboflow_Classifier_train_139A65228_jpg.rf.d9260a9f72f227b3f65cb0d3f606210d.jpg,2,1.6,0,9
Roboflow_Classifier_train_139A65229_jpg.rf.1c2b36a2615b36415d52f9c1ab63c81b.jpg,2,16.07,0,5
Roboflow_Classifier_train_139A65229_jpg.rf.2070c73cbb481c0743556fb83967e137.jpg,2,11.48,0,6
Roboflow_Classifier_train_139A65229_jpg.rf.52a94b2ad63195772f39618cb5c8c172.jpg,3,45.63,0,2
Roboflow_Classifier_train_139A65237_jpg.rf.0d59ac3f7c151e095615b4ef4b02d63a.jpg,2,1.64,0,9
Roboflow_Classifier_train_139A65237_jpg.rf.2bf3cb1a72a903fdcb28bcf46189c10d.jpg,2,26.47,0,2
Roboflow_Classifier_train_139A65237_jpg.rf.ac1276a301b7bbf00f67cb422ca8c339.jpg,2,5.33,0,3
Roboflow_Classifier_train_139A65258_jpg.rf.8ca87688f961667f1a49d86636d027f2.jpg,2,1.36,0,9
Roboflow_Classifier_train_139A65258_jpg.rf.b3440602a868744ef21d1439d6a4c640.jpg,2,1.55,0,9
Roboflow_Classifier_train_139A65258_jpg.rf.f8f48b0e29f76b46c11b1941d601be94.jpg,3,41.91,0,2
Roboflow_Classifier_train_139A65261_jpg.rf.921a8078b7f90baf7c9647584fe4d29e.jpg,2,9.31,0,6
Roboflow_Classifier_train_139A65261_jpg.rf.a7119e715507741a10fc333e419e28cd.jpg,2,14.57,0,6
Roboflow_Classifier_train_139A65261_jpg.rf.bff8a32544d40ddca56001acfabff3e3.jpg,2,10.0,0,7
Roboflow_Classifier_train_139A65263_jpg.rf.6a284fbf69a9f30e8dffa935350f25bc.jpg,2,22.25,0,5
Roboflow_Classifier_train_139A65263_jpg.rf.89e4480d4e9ade506edc0a56df2a9192.jpg,2,5.04,0,0
Roboflow_Classifier_train_139A65263_jpg.rf.cec17445f0d07cf636d01a92b5c82b47.jpg,2,22.34,0,8
Roboflow_Classifier_train_139A65268_jpg.rf.15711ddb869cb27e58ff940bbe713127.jpg,3,0.75,0,9
Roboflow_Classifier_train_139A65268_jpg.rf.3bc7e828f17c7c886c8eaaccf75a370c.jpg,2,24.41,0,8
Roboflow_Classifier_train_139A65268_jpg.rf.b30e8831d4c342c9eca41e69b605900e.jpg,3,17.74,0,1
Roboflow_Classifier_train_139A65301_jpg.rf.34ee3b5f9614f5896babcf0a9d072e2f.jpg,2,4.22,0,4
Roboflow_Classifier_train_139A65301_jpg.rf.7254e9160e1874c96d2c399107e5276a.jpg,1,3.8,0,3
Roboflow_Classifier_train_139A65301_jpg.rf.af8d4c42a32d9fa68b3a4a8c9f1855f4.jpg,1,2.19,0,9
Roboflow_Classifier_train_139A65317_jpg.rf.04a90434486cf664411c51911b9ca77a.jpg,2,5.0,0,6
Roboflow_Classifier_train_139A65317_jpg.rf.6f2f654cd58cbc7f3d365760021d5903.jpg,2,0.88,0,9
Roboflow_Classifier_train_139A65317_jpg.rf.9bf8525a8ba4fd25f98078a84d0da91c.jpg,2,19.7,0,8
Roboflow_Classifier_train_139A65390_jpg.rf.1632b29f85f41dd9ec1d2bbaa072140c.jpg,1,4.28,0,3
Roboflow_Classifier_train_139A65390_jpg.rf.17c93b00ae4398651192f33b6d515015.jpg,2,2.66,0,0
Roboflow_Classifier_train_139A65390_jpg.rf.8290740dbe269da107f44fe61f9d92dc.jpg,0,21.46,0,8
Roboflow_Classifier_train_139A65395_jpg.rf.268ca2e23342901d16af2145b8269f7c.jpg,1,13.73,0,7
Roboflow_Classifier_train_139A65395_jpg.rf.6f4fcbc8272110e347d04aa5a7168685.jpg,2,15.65,0,1
Roboflow_Classifier_train_139A65395_jpg.rf.cadf4bbbc37c682959826580c32d5331.jpg,2,3.6,0,0
Roboflow_Classifier_train_139A65408_jpg.rf.0ae39e8fba06a1c0b7e687701dc19cd0.jpg,2,30.31,0,7
Roboflow_Classifier_train_139A65408_jpg.rf.b2a52f3e01b192aaa9a6bf40ffd281b1.jpg,3,18.51,0,5
Roboflow_Classifier_train_139A65408_jpg.rf.d2ab3d9e7ff3fe425602b0c33dd18abb.jpg,2,0.95,0,9
Roboflow_Classifier_train_139A65411_jpg.rf.55e38cd8edb9d03e17a9ddf5ead55866.jpg,0,3.18,0,3
Roboflow_Classifier_train_139A65411_jpg.rf.6d724929039a1f1fdb4f7cafc6ca5761.jpg,1,16.24,0,6
Roboflow_Classifier_train_139A65411_jpg.rf.b1e24286d80ee8f9f72e6c37accb0aff.jpg,2,9.77,0,6
Roboflow_Classifier_train_139A65417_jpg.rf.004ac7714bef2498ee8fdd1d0aaf2f6a.jpg,2,18.38,0,8
Roboflow_Classifier_train_139A65417_jpg.rf.16e84fc9e73f44ebef9b3481d3bbd819.jpg,1,2.45,0,4
Roboflow_Classifier_train_139A65417_jpg.rf.923393a8f7a5b2b9a91c4015feb9aea6.jpg,1,38.96,0,2
Roboflow_Classifier_train_139A65426_jpg.rf.42d99ef06f3bdb7ae7380177b7836b5b.jpg,2,2.66,0,4
Roboflow_Classifier_train_139A65426_jpg.rf.9d95e244a8de174bcf26a76e8a6fc67a.jpg,1,28.42,0,7
Roboflow_Classifier_train_139A65426_jpg.rf.be0456e4b58b92c469e1af3f5350b337.jpg,1,1.61,0,9
Roboflow_Classifier_train_139A65428_jpg.rf.2f7b48b8ff97db467cb1471c71dce042.jpg,1,3.81,0,3
Roboflow_Classifier_train_139A65428_jpg.rf.73ed2797bb8f84f1932610fb04b440bf.jpg,1,2.48,0,3
Roboflow_Classifier_train_139A65428_jpg.rf.ef545b45cd8864c8e4957dc6c72301dc.jpg,2,2.08,0,9
Roboflow_Classifier_train_145A10039_jpg.rf.1ea9bb8d68fa8d1c5bc1400906ff6de1.jpg,0,18.86,0,5
Roboflow_Classifier_train_145A10039_jpg.rf.af0321f460aa500c6c162cd3fa7d736e.jpg,1,13.83,0,1
Roboflow_Classifier_train_145A10039_jpg.rf.c7ec0a2c7c733e65f2fa41a10c9eace6.jpg,2,5.05,0,0
Roboflow_Classifier_train_145A10040_jpg.rf.3cc8308261f5fba59af623984b4f0226.jpg,2,3.58,0,3
Roboflow_Classifier_train_145A10040_jpg.rf.b92f2b6fc3d23c267696d698275ea8e4.jpg,2,3.6,0,4
Roboflow_Classifier_train_145A10040_jpg.rf.e7dc9043d35fbab181641275e59868ec.jpg,2,4.76,0,4
Roboflow_Classifier_train_145A10062_jpg.rf.19c25f229a79d54dfa51b369ef23e598.jpg,2,3.19,0,3
Roboflow_Classifier_train_145A10062_jpg.rf.7160551079582b5e35b6a873d5378bff.jpg,2,5.0,0,6
Roboflow_Classifier_train_145A10062_jpg.rf.8cf341bc8754ca585d8db845e002f553.jpg,2,3.57,0,3
Roboflow_Classifier_train_145A10068_jpg.rf.15c06744129e2a577c045b6583686dba.jpg,3,18.47,0,8
Roboflow_Classifier_train_145A10068_jpg.rf.469f328762864bffafa7f389e3b1d1f4.jpg,2,15.72,0,5
Roboflow_Classifier_train_145A10068_jpg.rf.8b422f68f33edf4c91e35c375db2057e.jpg,1,2.39,0,9
Roboflow_Classifier_train_145A10089_jpg.rf.120d020c9b54be45f3c5baa700e22c6a.jpg,2,11.94,0,6
Roboflow_Classifier_train_145A10089_jpg.rf.5490f878a10b0bc3122511fdaf8ffa22.jpg,1,26.26,0,7
Roboflow_Classifier_train_145A10089_jpg.rf.b4a2c255b2eb6469abd07158e7cf774d.jpg,1,10.0,0,1
Roboflow_Classifier_train_145A10099_jpg.rf.4fb73cdec1c09338c9baa430af201ad7.jpg,2,8.31,0,3
Roboflow_Classifier_train_145A10099_jpg.rf.a1942ce8b284b96af3c7eb3c27ea9a6c.jpg,2,25.8,0,1
Roboflow_Classifier_train_145A10099_jpg.rf.d03097541196a2d5e916f0dd9e7361b8.jpg,2,30.89,0,7
Roboflow_Classifier_train_145A10110_jpg.rf.2eceeba3d78cf2b4d01d0e8fa08bcd65.jpg,1,6.65,0,5
Roboflow_Classifier_train_145A10110_jpg.rf.a6ae429aadb22b9f524814493607264e.jpg,1,21.13,0,7
Roboflow_Classifier_train_145A10110_jpg.rf.d435bfaffb2e6dcca4aa2b61e522b134.jpg,2,40.02,0,2
Roboflow_Classifier_train_145A10111_jpg.rf.40df1e912df5b4216efdc86516407a82.jpg,1,11.93,0,8
Roboflow_Classifier_train_145A10111_jpg.rf.53ca34dc876e7f3d5352835a434d10a6.jpg,2,37.08,0,2
Roboflow_Classifier_train_145A10111_jpg.rf.7f19eb1806f0865c2b0e4fb020c8ae4d.jpg,2,16.74,0,8
Roboflow_Classifier_train_145A10115_jpg.rf.0018bfe8e68eb700c6947a7db769801e.jpg,0,6.35,0,0
Roboflow_Classifier_train_145A10115_jpg.rf.151ed4ce3922ab0c54bae0e02136cf8a.jpg,2,20.35,0,8
Roboflow_Classifier_train_145A10115_jpg.rf.e2bd990586245bd99dfa6d819fa43353.jpg,1,17.66,0,8
Roboflow_Classifier_train_145A10121_jpg.rf.2dc01d88a6b60ad56d0e41273b884358.jpg,1,5.9,0,5
Roboflow_Classifier_train_145A10121_jpg.rf.aac5e39d7c952f0b931c289ae176bdc6.jpg,1,1.23,0,9
Roboflow_Classifier_train_145A10121_jpg.rf.c82f2a690d7bf388011dd15fce786c89.jpg,1,18.01,0,8
Roboflow_Classifier_train_145A10122_jpg.rf.06e5544942a92918060c6c78a4b0b864.jpg,2,28.57,0,8
Roboflow_Classifier_train_145A10122_jpg.rf.877227018754307e336df5ff8e04b933.jpg,1,3.58,0,0
Roboflow_Classifier_train_145A10122_jpg.rf.e286dac03e69bc333c0a6a09dc6ea0ae.jpg,1,7.75,0,0
Roboflow_Classifier_train_145A10126_jpg.rf.49d38b434466061f86e2ff32f1dc3c3a.jpg,2,4.37,0,0
Roboflow_Classifier_train_145A10126_jpg.rf.6f0c7e3a5653a307eacd3886ad174178.jpg,2,37.44,0,2
Roboflow_Classifier_train_145A10126_jpg.rf.dbc79da85ce09407cf959b85477c2236.jpg,0,21.8,0,7
Roboflow_Classifier_train_145A10134_jpg.rf.48bdcede89819543e945b5aaae08af59.jpg,2,39.04,0,2
Roboflow_Classifier_train_145A10134_jpg.rf.774649f52dd0ec5fa9a4e087563c6a30.jpg,0,4.99,0,4
Roboflow_Classifier_train_145A10134_jpg.rf.e789421e80b2b2e2db7bc64e6823ac83.jpg,1,16.82,0,5
Roboflow_Classifier_train_145A10135_jpg.rf.3039b4cdd84b820594d087e533883617.jpg,2,4.55,0,3
Roboflow_Classifier_train_145A10135_jpg.rf.c58abfece1b29ea28e96262ec55127f2.jpg,2,36.34,0,1
Roboflow_Classifier_train_145A10135_jpg.rf.d5a5d51534e238c123e9f71d8dec7c23.jpg,1,16.67,0,8
Roboflow_Classifier_train_145A10137_jpg.rf.49fe2a44a63e0ad67217aeb7e35f0a77.jpg,2,1.08,0,9
Roboflow_Classifier_train_145A10137_jpg.rf.715cfc08bd40ae3328f468ad49ea6bfe.jpg,1,18.69,0,8
Roboflow_Classifier_train_145A10137_jpg.rf.e01958cc270b182bf6be366028340049.jpg,2,19.1,0,1
Roboflow_Classifier_train_145A10152_jpg.rf.0707611d268cb6e75715e63f8d737eaa.jpg,2,48.6,0,2
Roboflow_Classifier_train_145A10152_jpg.rf.6d3897ce80eb8e8d85b207f39d8f5a72.jpg,2,19.74,0,8
Roboflow_Classifier_train_145A10152_jpg.rf.93a17cfe8539fece2628ab907b948378.jpg,2,1.5,0,9
Roboflow_Classifier_train_145A10184_jpg.rf.15f91fbf3754c8b61f7528b46c585980.jpg,3,23.54,0,7
Roboflow_Classifier_train_145A10184_jpg.rf.90bacf8076c83e683a3262c6f0a2b31d.jpg,1,3.6,0,3
Roboflow_Classifier_train_145A10184_jpg.rf.cb0d83ed0575443ebe9a6302fa37c4ea.jpg,2,1.56,0,9
Roboflow_Classifier_train_145A10187_jpg.rf.55ed0747556c1f9945f1de6e17e4b35f.jpg,1,3.65,0,3
Roboflow_Classifier_train_145A10187_jpg.rf.b0ee2e884edb5d8643d6170517397321.jpg,2,6.39,0,5
Roboflow_Classifier_train_145A10187_jpg.rf.e36285f98345fc12b585188a3f5ea1eb.jpg,2,24.0,0,8
Roboflow_Classifier_train_145A10200_jpg.rf.5d17ed9eb1eea7c9482a27167dcbdd45.jpg,2,3.97,0,4
Roboflow_Classifier_train_145A10200_jpg.rf.8a68fede3be7c00c0102efe4efdca0d2.jpg,3,27.15,0,8
Roboflow_Classifier_train_145A10200_jpg.rf.d5e1c86015a44377e10c53fd746c0d02.jpg,0,1.91,0,9
Roboflow_Classifier_train_145A10205_jpg.rf.08b828c77c09bd22d79cec3efa96bcf0.jpg,2,1.08,0,9
Roboflow_Classifier_train_145A10205_jpg.rf.55ed8621cf01e4884cebce660b86ca30.jpg,0,1.97,0,9
Roboflow_Classifier_train_145A10205_jpg.rf.6c5a2b65d6bb2ae1f275aa1f53a60ccd.jpg,0,4.39,0,3
Roboflow_Classifier_train_145A10210_jpg.rf.4b60338fd14e55c63e4cf78460987a3c.jpg,2,26.44,0,7
Roboflow_Classifier_train_145A10210_jpg.rf.5be1aa0b3cea860cae6860c1471f16ad.jpg,2,3.43,0,0
Roboflow_Classifier_train_145A10210_jpg.rf.984a5ed267fcd678f8b17dff0febd270.jpg,2,20.45,0,7
Roboflow_Classifier_train_145A10220_jpg.rf.128832d46d977922d53a7ca658a2245a.jpg,2,3.55,0,4
Roboflow_Classifier_train_145A10220_jpg.rf.db0f1fecd5801bc2ef1cfd51d3fe4169.jpg,2,22.64,0,6
Roboflow_Classifier_train_145A10220_jpg.rf.e0f5708f8dd868d4ff5777dcb49f942b.jpg,2,15.35,0,5
Roboflow_Classifier_train_145A10236_jpg.rf.83aa0f4f8392f561398753edbf756108.jpg,1,18.75,0,7
Roboflow_Classifier_train_145A10236_jpg.rf.971e3801d7fc59f879d24c0c5549c574.jpg,2,21.47,0,8
Roboflow_Classifier_train_145A10236_jpg.rf.ca2e6920da9a8ed848956ac23ff29899.jpg,2,14.45,0,5
Roboflow_Classifier_train_145A10243_jpg.rf.768aad8b92d57ea4d60d6b25081a4059.jpg,2,1.69,0,9
Roboflow_Classifier_train_145A10243_jpg.rf.ba94e694790c620d27078846c87eb773.jpg,2,21.24,0,2
Roboflow_Classifier_train_145A10243_jpg.rf.e30d6abbab821711567d4b5a67dd0301.jpg,2,20.6,0,8
Roboflow_Classifier_train_145A10244_jpg.rf.147c31289edfdcfaf815b023b642c1d3.jpg,2,3.4,0,4
Roboflow_Classifier_train_145A10244_jpg.rf.5c4c0003a5a337e249252f23fff925d5.jpg,1,20.09,0,1
Roboflow_Classifier_train_145A10244_jpg.rf.60edb872f695070b4aaa8880570c4d77.jpg,2,36.7,0,7
Roboflow_Classifier_train_145A10249_jpg.rf.2024ab03e12bc2b3263fdacd2ad492d4.jpg,1,15.75,0,2
Roboflow_Classifier_train_145A10249_jpg.rf.cf7fe3148b36efa8a3c603ce5c1196f7.jpg,3,2.27,0,9
Roboflow_Classifier_train_145A10249_jpg.rf.f9eff9eb5d740d5772f93db6d38de8bd.jpg,2,22.78,0,8
Roboflow_Classifier_train_145A10252_jpg.rf.0b315cf0e69ba8cd2992e49886ef9df2.jpg,3,3.66,0,4
Roboflow_Classifier_train_145A10252_jpg.rf.1fe35e84c3e22fb56d45a460bf313a5e.jpg,2,16.41,0,8
Roboflow_Classifier_train_145A10252_jpg.rf.d4deb169de1031e2dcf2c49b0ba0abba.jpg,1,6.48,0,3
Roboflow_Classifier_train_145A10254_jpg.rf.5058e8898b209cb22bf52278f5ac8c1e.jpg,1,1.6,0,9
Roboflow_Classifier_train_145A10254_jpg.rf.d58ed9865c8ea871759cb7ea78507370.jpg,0,1.49,0,3
Roboflow_Classifier_train_145A10254_jpg.rf.e74736ca181184613e771b7c6785c765.jpg,2,4.73,0,3
Roboflow_Classifier_train_145A10276_jpg.rf.0aaa815164df719af6af1eed8ff98132.jpg,3,35.11,0,7
Roboflow_Classifier_train_145A10276_jpg.rf.2a3412f5696b6144b976504f4bcf1b5a.jpg,2,17.34,0,7
Roboflow_Classifier_train_145A10276_jpg.rf.a6032248cc6e3b7439ab5fc22ba0eae7.jpg,1,15.82,0,6
Roboflow_Classifier_train_145A10285_jpg.rf.08b7f819be553c5df577a78393bd134f.jpg,3,32.75,0,7
Roboflow_Classifier_train_145A10285_jpg.rf.2573f7ef951972cf767315a7a5c310a9.jpg,0,8.0,0,8
Roboflow_Classifier_train_145A10285_jpg.rf.e8af65acd37f35838a0d96c47e47860f.jpg,3,3.64,0,4
Roboflow_Classifier_train_145A10287_jpg.rf.122822dbcf722f05db6c01b228e5a8b4.jpg,2,11.28,0,2
Roboflow_Classifier_train_145A10287_jpg.rf.198c4a636c4f37502233531158105ef6.jpg,1,5.5,0,4
Roboflow_Classifier_train_145A10287_jpg.rf.cfca0f8a5f64322fbfc12b0040217bfe.jpg,0,15.23,0,6
Roboflow_Classifier_train_145A10293_jpg.rf.d559dac50975d9e2c341a4c6d6d81303.jpg,3,3.47,0,4
Roboflow_Classifier_train_145A10293_jpg.rf.e0ce15de4fc25ee32df99e6b9f110010.jpg,2,7.25,0,0
Roboflow_Classifier_train_145A10293_jpg.rf.e2edeabefbacd590abdb60e146a33e59.jpg,2,1.34,0,9
Roboflow_Classifier_train_145A10299_jpg.rf.4c3730ab59837cc94f9981bc997663fd.jpg,2,4.15,0,4
Roboflow_Classifier_train_145A10299_jpg.rf.4e0a98e9a692dfac11926363ef14469a.jpg,2,33.81,0,2
Roboflow_Classifier_train_145A10299_jpg.rf.b24dccbfbc183ce48707b1a2c7e7cd8d.jpg,2,4.92,0,4
Roboflow_Classifier_train_145A10300_jpg.rf.08768ffe86fdb87250dd9c55c5dc287b.jpg,2,20.32,0,5
Roboflow_Classifier_train_145A10300_jpg.rf.5ef6cb8f9fea6b50286ff02963598304.jpg,2,21.0,0,6
Roboflow_Classifier_train_145A10300_jpg.rf.6ecab5d33a6a8a47b8b5f085b41db00b.jpg,2,1.26,0,9
Roboflow_Classifier_train_145A10308_jpg.rf.10ff4f1fe3680ea9f46b72b94996a2d5.jpg,3,3.93,0,0
Roboflow_Classifier_train_145A10308_jpg.rf.8434a62a402ac5768a61d5a40987f874.jpg,2,14.75,0,5
Roboflow_Classifier_train_145A10308_jpg.rf.f145234df897f5e1c8a5d40932ebd6f0.jpg,1,6.87,0,5
Roboflow_Classifier_train_145A10310_jpg.rf.0690685dfa947d10a5b78ba46f5098dc.jpg,0,6.98,0,0
Roboflow_Classifier_train_145A10310_jpg.rf.901acb0a9acd1aa49a111d06de9c997a.jpg,2,50.87,0,2
Roboflow_Classifier_train_145A10310_jpg.rf.a1938c0f62787b37e69b8bcdbdc3c965.jpg,1,3.32,0,3
Roboflow_Classifier_train_145A10314_jpg.rf.5f708e2f22eb38402b1f73efa512fbf7.jpg,1,37.49,0,2
Roboflow_Classifier_train_145A10314_jpg.rf.937eed7c1c129f4cc093b24e26ff7594.jpg,2,3.52,0,4
Roboflow_Classifier_train_145A10314_jpg.rf.df261eaff15cfadac21460c4aee5b5f1.jpg,3,17.78,0,7
Roboflow_Classifier_train_145A10324_jpg.rf.6c2aeacd238ea27a58dfdbdfae60c4bd.jpg,2,5.0,0,6
Roboflow_Classifier_train_145A10324_jpg.rf.ca137a3bc0c0bd5d0a05c24830ff812e.jpg,1,27.34,0,1
Roboflow_Classifier_train_145A10324_jpg.rf.db3054b842d4c7230d8e269aa5569c0b.jpg,3,9.98,0,6
Roboflow_Classifier_train_145A10335_jpg.rf.3ea9741ce4e0e5d1a197d3d7c7d141ac.jpg,1,3.47,0,4
Roboflow_Classifier_train_145A10335_jpg.rf.a0836235038023db42ca98483a22eeaa.jpg,2,17.99,0,5
Roboflow_Classifier_train_145A10335_jpg.rf.ddd15687fc681e9cc173e00993ba6255.jpg,2,24.79,0,1
Roboflow_Classifier_train_145A10343_jpg.rf.72e3c329f6f03237ad2a7415890a856a.jpg,2,1.44,0,9
Roboflow_Classifier_train_145A10343_jpg.rf.b6da1a679c82a25d437f43aba7e2c662.jpg,1,21.59,0,7
Roboflow_Classifier_train_145A10343_jpg.rf.ed36d8a3ee2dd30e7fef2bdf0e381541.jpg,2,15.43,0,8
Roboflow_Classifier_train_145A10348_jpg.rf.0fd503ea3edf41b6d5c994e9c4373c77.jpg,2,8.56,0,5
Roboflow_Classifier_train_145A10348_jpg.rf.2aead624fc813aa1e5dcb9983c0e9ac0.jpg,3,7.17,0,6
Roboflow_Classifier_train_145A10348_jpg.rf.a4eb812c18477d8f90e4a01ee7977e08.jpg,2,10.0,0,7
Roboflow_Classifier_train_145A10356_jpg.rf.0dd3a1a7814befd12cb67f0766ca7e49.jpg,2,5.0,0,6
Roboflow_Classifier_train_145A10356_jpg.rf.141ebba7383dc84e07822615a659a110.jpg,1,34.0,0,2
Roboflow_Classifier_train_145A10356_jpg.rf.6c2ee7e7addd5f0120c9b31719fda6be.jpg,0,11.3,0,5
Roboflow_Classifier_train_145A10357_jpg.rf.1c5dfcd5ff4b1d6dd1fe72a93fc44963.jpg,2,4.55,0,3
Roboflow_Classifier_train_145A10357_jpg.rf.bf8be5530b630945510b58133c3ebf1f.jpg,2,5.07,0,3
Roboflow_Classifier_train_145A10357_jpg.rf.fbea74da9b4d82c42e5e8bcdd6eed018.jpg,2,17.87,0,8
Roboflow_Classifier_train_145A10371_jpg.rf.2e72d7d2a2714e5a95bbc4b9c1f1d611.jpg,1,28.6,0,1
Roboflow_Classifier_train_145A10371_jpg.rf.8775842b22624eb068af44c0c72fda77.jpg,1,26.21,0,7
Roboflow_Classifier_train_145A10371_jpg.rf.88442c2ff8e8163132734a6b51c8f6b1.jpg,3,3.88,0,4
Roboflow_Classifier_train_145A10376_jpg.rf.a7a979a558cc17a7c5d72a5138298e88.jpg,2,25.04,0,2
Roboflow_Classifier_train_145A10376_jpg.rf.cc49719cc3799cdb5523f2aaf0a96fab.jpg,2,26.21,0,2
Roboflow_Classifier_train_145A10376_jpg.rf.fb3759659748d12be2d437162a5a1408.jpg,2,29.58,0,1
Roboflow_Classifier_train_145A10377_jpg.rf.0241a6e6845b70e1cd4cfa924006ef7e.jpg,1,42.37,0,2
Roboflow_Classifier_train_145A10377_jpg.rf.8f62b47c0a5d04453a33fedb106e8ea8.jpg,2,23.32,0,2
Roboflow_Classifier_train_145A10377_jpg.rf.f9f3e94202731a8519a0dceccb9e3ec9.jpg,2,2.49,0,9
Roboflow_Classifier_train_145A10429_jpg.rf.801a8de51d03d00539167665b400e801.jpg,2,35.22,0,7
Roboflow_Classifier_train_145A10429_jpg.rf.c073dbed300ae980ac5be9792b7edfd6.jpg,3,0.5,0,9
Roboflow_Classifier_train_145A10429_jpg.rf.d3867b8e56f023765117e58a90c09ad6.jpg,0,4.31,0,0
Roboflow_Classifier_train_145A10438_jpg.rf.76056871dc85c7089f7d16c191499dcc.jpg,1,17.75,0,5
Roboflow_Classifier_train_145A10438_jpg.rf.f46c6133aea391daba4f06aab5824238.jpg,2,53.27,0,2
Roboflow_Classifier_train_145A10438_jpg.rf.fe85a5416e61cb83f1a8fdc4c8bb4fcb.jpg,0,4.23,0,3
Roboflow_Classifier_train_145A10439_jpg.rf.84aba592448dedcc861f2fe203860a50.jpg,2,28.8,0,1
Roboflow_Classifier_train_145A10439_jpg.rf.95ae6559792baea51a31e458bc0a65fc.jpg,1,1.13,0,9
Roboflow_Classifier_train_145A10439_jpg.rf.f9b1b7717c446678e92bc3aa7d9ba609.jpg,2,26.33,0,1
Roboflow_Classifier_train_145A10441_jpg.rf.1737961eb65be8b27830d2cd939b438a.jpg,2,4.94,0,4
Roboflow_Classifier_train_145A10441_jpg.rf.6285814e751b1c5d8ae3e33ccbddd9e6.jpg,0,5.0,0,6
Roboflow_Classifier_train_145A10441_jpg.rf.c303e7f4ad7306c5ade56e8a0ea30238.jpg,3,3.94,0,3
Roboflow_Classifier_train_145A10445_jpg.rf.06eb25dbfa6377fa248642394a4b3510.jpg,2,18.68,0,7
Roboflow_Classifier_train_145A10445_jpg.rf.0cc83c93dcb240e6779967f83258a3f9.jpg,3,3.64,0,4
Roboflow_Classifier_train_145A10445_jpg.rf.31bb208f7d5ead26fe3f178b943c12f1.jpg,2,15.82,0,7
Roboflow_Classifier_train_145A10447_jpg.rf.32555e519c8902f7aaa78c28e8c66462.jpg,0,6.2,0,6
Roboflow_Classifier_train_145A10447_jpg.rf.5a551b7898c856c612f60d5705b9398f.jpg,2,7.95,0,0
Roboflow_Classifier_train_145A10447_jpg.rf.a168bfea6e4b6a39e7aa5ff501c6b2a2.jpg,2,10.52,0,1
Roboflow_Classifier_train_145A10455_jpg.rf.174294eec35d9e10f7c242246247f6f5.jpg,2,10.56,0,6
Roboflow_Classifier_train_145A10455_jpg.rf.1e2a1a6e324459596c61af93ee873079.jpg,2,1.79,0,0
Roboflow_Classifier_train_145A10455_jpg.rf.3b16fb86ed4f28bec4c0d1ad15b8639b.jpg,1,7.11,0,0
Roboflow_Classifier_train_145A10459_jpg.rf.3324f51b9d7c8f237d6a788091d842ce.jpg,0,19.09,0,5
Roboflow_Classifier_train_145A10459_jpg.rf.4487081f209b96e40dc6aec8fe26c569.jpg,2,14.14,0,5
Roboflow_Classifier_train_145A10459_jpg.rf.a3a13d9abf1492d047064eed396f3820.jpg,0,1.62,0,9
Roboflow_Classifier_train_145A10464_jpg.rf.24417abf92acbe3c26240e86ab6e4d51.jpg,2,39.27,0,2
Roboflow_Classifier_train_145A10464_jpg.rf.89522232a1ac2c7b9513ae63ad2f2c89.jpg,2,21.55,0,1
Roboflow_Classifier_train_145A10464_jpg.rf.e088e4d2093cc93625115685f331c153.jpg,2,22.86,0,8
Roboflow_Classifier_train_145A10466_jpg.rf.11080fff6048f4c4c8fc2654539bf87b.jpg,2,3.64,0,0
Roboflow_Classifier_train_145A10466_jpg.rf.267588c2eb9151aba1d62371bd3c7090.jpg,1,13.58,0,5
Roboflow_Classifier_train_145A10466_jpg.rf.7088cbb911c81ad5c952ef94b1588563.jpg,2,29.2,0,7
Roboflow_Classifier_train_145A10467_jpg.rf.0d70cf488c2ee99481ad58757a548b75.jpg,1,44.59,0,2
Roboflow_Classifier_train_145A10467_jpg.rf.3e8967711bb52c492c9f035a42a5647f.jpg,0,19.23,0,7
Roboflow_Classifier_train_145A10467_jpg.rf.b6aaf3ec7a5dea5581b5875a7dffb2a2.jpg,1,18.34,0,5
Roboflow_Classifier_train_145A10470_jpg.rf.0b2026514ae28ffdb6d0809352d66105.jpg,0,11.2,0,6
Roboflow_Classifier_train_145A10470_jpg.rf.333c63beb2a409d5dc685e3081bba953.jpg,2,16.06,0,1
Roboflow_Classifier_train_145A10470_jpg.rf.e709ac3f0bd806d4ac9dd9507d43cbb9.jpg,2,4.37,0,0
Roboflow_Classifier_train_145A10473_jpg.rf.11e22abfd70661726ea509fb2a636469.jpg,2,39.77,0,2
Roboflow_Classifier_train_145A10473_jpg.rf.1c11a5189651b7600ee63cb3871c6479.jpg,2,15.77,0,5
Roboflow_Classifier_train_145A10473_jpg.rf.f2c39ec4bb2b8a79dce6981c7568c060.jpg,2,3.57,0,4
Roboflow_Classifier_train_145A10474_jpg.rf.1b60c00206ec2b54132f5187ecf88896.jpg,2,13.58,0,5
Roboflow_Classifier_train_145A10474_jpg.rf.bc483da4f4caa30fe7c67481fe8e816c.jpg,2,4.84,0,3
Roboflow_Classifier_train_145A10474_jpg.rf.ead0991711ad665e5d26c9c9e53f59ac.jpg,2,6.61,0,0
Roboflow_Classifier_train_145A10477_jpg.rf.4778a0db2f953436723b612e95b06947.jpg,2,21.8,0,8
Roboflow_Classifier_train_145A10477_jpg.rf.c44d09834a70c11e4855abb133510cdd.jpg,2,1.42,0,9
Roboflow_Classifier_train_145A10477_jpg.rf.d3a5ed257ba53959bb26bf55bf62d054.jpg,1,23.74,0,6
Roboflow_Classifier_train_145A10478_jpg.rf.1a2c3ca9878f1d14d99806b4024d7eb8.jpg,2,14.22,0,8
Roboflow_Classifier_train_145A10478_jpg.rf.dd564f7df25b04d463c60c3f08ab4c00.jpg,2,18.46,0,1
Roboflow_Classifier_train_145A10478_jpg.rf.f4ca32003e5384db89a787a53bf2c464.jpg,2,12.03,0,5
Roboflow_Classifier_train_145A10479_jpg.rf.4fd2b0555fdbbc0a6a18a0d9c940b731.jpg,1,6.91,0,5
Roboflow_Classifier_train_145A10479_jpg.rf.72629116e4f0ffc156920fb8f9b4549a.jpg,1,3.39,0,0
Roboflow_Classifier_train_145A10479_jpg.rf.eb33f9fbf7eed7e3ac21dd259164d082.jpg,2,44.09,0,2
Roboflow_Classifier_train_145A10480_jpg.rf.6bf0862de811ed79d31734f1ec843b98.jpg,2,31.55,0,2
Roboflow_Classifier_train_145A10480_jpg.rf.6c55a30f5fa3b0fda653625b253e44dc.jpg,1,22.78,0,1
Roboflow_Classifier_train_145A10480_jpg.rf.825d02838e39728cc99e2f6c19cd42cc.jpg,3,7.0,0,0
Roboflow_Classifier_train_145A10484_jpg.rf.3b60dee472b8cb94321d7cc0b012d154.jpg,1,7.26,0,3
Roboflow_Classifier_train_145A10484_jpg.rf.9055eea29ff4a095734473d85f1739bc.jpg,1,25.77,0,7
Roboflow_Classifier_train_145A10484_jpg.rf.e838263d3554304e30c0bf0ebf7513be.jpg,1,28.33,0,1
Roboflow_Classifier_train_145A10485_jpg.rf.3f8a85422c353a55ab696f0f0a2325e4.jpg,1,4.65,0,3
Roboflow_Classifier_train_145A10485_jpg.rf.898d8419faa0e3af62f0a6f748b8c25e.jpg,0,18.22,0,1
Roboflow_Classifier_train_145A10485_jpg.rf.affdb6576d6e6ac27dbfad1ad177ba1d.jpg,2,3.66,0,0
Roboflow_Classifier_train_145A10495_jpg.rf.1a3eeb5bf3c776470680127a18d64fad.jpg,2,2.19,0,3
Roboflow_Classifier_train_145A10495_jpg.rf.57351cab3e53e8f4b4723b8d3994c8e0.jpg,1,0.88,0,9
Roboflow_Classifier_train_145A10495_jpg.rf.eaf076e1da051a38817ebfc718238df9.jpg,2,3.99,0,0
Roboflow_Classifier_train_145A10499_jpg.rf.6899b63dfdb4913872d9f69c7beda55e.jpg,1,18.45,0,5
Roboflow_Classifier_train_145A10499_jpg.rf.bc968462472f732e0c577a334d4beeb9.jpg,1,3.0,0,3
Roboflow_Classifier_train_145A10499_jpg.rf.f7ed8dd109405725cdf8f7ccfbd1ef61.jpg,2,4.38,0,3
Roboflow_Classifier_train_145A10504_jpg.rf.113a336463e9d007311f2d2330ac961b.jpg,2,51.29,0,2
Roboflow_Classifier_train_145A10504_jpg.rf.af73ce143ea8732c15e0f872e504d889.jpg,1,13.76,0,5
Roboflow_Classifier_train_145A10504_jpg.rf.e97947cb970e533bd065c0f072638095.jpg,2,30.4,0,1
Roboflow_Classifier_train_145A10505_jpg.rf.aa8379c2b39ec65391889d520cc98357.jpg,2,5.0,0,6
Roboflow_Classifier_train_145A10505_jpg.rf.f80ce8706501c419c628beb5e8bf9507.jpg,2,1.25,0,9
Roboflow_Classifier_train_145A10505_jpg.rf.fc628c4a12722ddbd35b557881c4d3b8.jpg,2,3.73,0,0
Roboflow_Classifier_train_145A10509_jpg.rf.586681cfcb3337a403e0a0bc10bd5403.jpg,1,17.13,0,6
Roboflow_Classifier_train_145A10509_jpg.rf.700f0886ddf7163650009a233d8c4fa3.jpg,0,1.47,0,9
Roboflow_Classifier_train_145A10509_jpg.rf.7c59f475286c944334cea2349f9912db.jpg,2,5.0,0,5
Roboflow_Classifier_train_145A8751_jpg.rf.885af4ec0e6f12ff93345d382ef20103.jpg,1,11.87,0,6
Roboflow_Classifier_train_145A8751_jpg.rf.974b05afe7aefaac79a3af335c16b2ce.jpg,1,2.2,0,0
Roboflow_Classifier_train_145A8751_jpg.rf.e3cb0f4d99fc4f4af243022361430af6.jpg,2,6.17,0,0
Roboflow_Classifier_train_145A8752_jpg.rf.bc3a9f1cc1f50f7d2ca5c10f1f529892.jpg,2,8.33,0,5
Roboflow_Classifier_train_145A8752_jpg.rf.c03428b1e961ac91e4a7bb7afaf98cd6.jpg,0,20.58,0,7
Roboflow_Classifier_train_145A8752_jpg.rf.e00278153ccd17ad89c703330b935a02.jpg,2,12.76,0,2
Roboflow_Classifier_train_145A8773_jpg.rf.15442f465b2ef594821bceee5e52b050.jpg,1,29.8,0,1
Roboflow_Classifier_train_145A8773_jpg.rf.c53dea5cedf225721b1d32fbbb261071.jpg,2,7.59,0,6
Roboflow_Classifier_train_145A8773_jpg.rf.cf554aee3c5852407028129d1c71e035.jpg,2,1.76,0,9
Roboflow_Classifier_train_145A8782_jpg.rf.94706d49c71b1137b57a68ab90939676.jpg,0,3.66,0,3
Roboflow_Classifier_train_145A8782_jpg.rf.bed94eea424f946873c6c1e7c9891f4f.jpg,3,12.01,0,8
Roboflow_Classifier_train_145A8782_jpg.rf.cd3192ed9ac8373fb836e574f04ab123.jpg,0,8.57,0,8
Roboflow_Classifier_train_145A8818_jpg.rf.673293a0c0ecc72243c1167dbd0e6cf3.jpg,1,31.72,0,1
Roboflow_Classifier_train_145A8818_jpg.rf.b94021db570ac067caf9cb739c6d5a0f.jpg,2,31.8,0,2
Roboflow_Classifier_train_145A8818_jpg.rf.fda3343af31375b14f41d20e79d3ab40.jpg,2,0.95,0,9
Roboflow_Classifier_train_145A8832_jpg.rf.772f7c41523f373a4f7c675f142d7a55.jpg,2,15.68,0,8
Roboflow_Classifier_train_145A8832_jpg.rf.7e92204e9afc8efcee3692dd710210f5.jpg,2,3.05,0,4
Roboflow_Classifier_train_145A8832_jpg.rf.de13edd6ffb17b878caf7649b424ba50.jpg,2,19.95,0,8
Roboflow_Classifier_train_145A8833_jpg.rf.791bc13c7435c015360f2c4ddf58edde.jpg,2,4.48,0,0
Roboflow_Classifier_train_145A8833_jpg.rf.7fc678634f9b6f1c74a61455deb3589e.jpg,2,43.09,0,2
Roboflow_Classifier_train_145A8833_jpg.rf.974b79cb3154c07800a3f9b4bdcd00a7.jpg,2,3.18,0,3
Roboflow_Classifier_train_145A8835_jpg.rf.a9943597b563c10900301a7196acaf42.jpg,1,5.01,0,3
Roboflow_Classifier_train_145A8835_jpg.rf.a9c448ec26c64cd2eaa503d9932d0f7b.jpg,2,33.97,0,7
Roboflow_Classifier_train_145A8835_jpg.rf.bb6eb187d42dcca9c14d7def6b94ef8e.jpg,2,1.64,0,9
Roboflow_Classifier_train_145A8908_jpg.rf.17fd830a9a51daab27ebbd74d1fdb8fe.jpg,3,2.98,0,4
Roboflow_Classifier_train_145A8908_jpg.rf.33c74218f046401861ac2633eb57fc2d.jpg,1,2.12,0,0
Roboflow_Classifier_train_145A8908_jpg.rf.938c846d141b9f547b090872efb16eaa.jpg,3,8.0,0,8
Roboflow_Classifier_train_145A8919_jpg.rf.0c864bd492ea64bbdb17ee90ddc48b6d.jpg,2,5.08,0,3
Roboflow_Classifier_train_145A8919_jpg.rf.396aad70e6e423a193563cd33d944edd.jpg,2,48.38,0,2
Roboflow_Classifier_train_145A8919_jpg.rf.615635afd6d7cc49505aa8b2235e214c.jpg,2,10.74,0,6
Roboflow_Classifier_train_145A8944_jpg.rf.5ee88e0fec32adf48160f75e718334d7.jpg,2,21.34,0,7
Roboflow_Classifier_train_145A8944_jpg.rf.af06494e013c80f1ec09b04354dd03b5.jpg,2,4.52,0,3
Roboflow_Classifier_train_145A8944_jpg.rf.dcb22af19fcf877d0cba98c80a272688.jpg,2,7.2,0,0
Roboflow_Classifier_train_145A8954_jpg.rf.13e5522dbe8c8a2fc3439a6483918c39.jpg,3,0.98,0,9
Roboflow_Classifier_train_145A8954_jpg.rf.578f98ec46d335a616a7a8f49528d4bd.jpg,2,18.91,0,8
Roboflow_Classifier_train_145A8954_jpg.rf.7d9ec54c62815f542565129cb4a3a371.jpg,1,3.09,0,0
Roboflow_Classifier_train_145A8988_jpg.rf.45631e18b9464f4e75020b670f395dc8.jpg,3,1.96,0,9
Roboflow_Classifier_train_145A8988_jpg.rf.4d02e905654ff00215968e489583e7a8.jpg,1,5.44,0,3
Roboflow_Classifier_train_145A8988_jpg.rf.fc509c3542cf56bfd58850f47c6b6580.jpg,0,15.3,0,1
Roboflow_Classifier_train_145A8998_jpg.rf.3e95cb07b8d5bbe3c2d8bfb2450199e6.jpg,2,2.4,0,9
Roboflow_Classifier_train_145A8998_jpg.rf.c34e357ca28b69c69538361af675c6c6.jpg,2,19.61,0,8
Roboflow_Classifier_train_145A8998_jpg.rf.c91a892cc5f85ee83b09e1c4678c4543.jpg,2,32.12,0,1
Roboflow_Classifier_train_145A9011_jpg.rf.25fd33cdd749962778940ee164e4ac70.jpg,2,22.96,0,1
Roboflow_Classifier_train_145A9011_jpg.rf.92ccaf49fccc6aadfc6e6b51880900f9.jpg,2,42.37,0,1
Roboflow_Classifier_train_145A9011_jpg.rf.b87f693c406b095d5c4fe2a9fa3f2183.jpg,2,32.89,0,2
Roboflow_Classifier_train_145A9018_jpg.rf.04172f86e632d7ded59fe145de3aa50a.jpg,2,5.85,0,0
Roboflow_Classifier_train_145A9018_jpg.rf.06d914bd5f955b3fb6f683f50e881d13.jpg,2,24.02,0,2
Roboflow_Classifier_train_145A9018_jpg.rf.c61c50f09cd8bbe73764024fdd79cd18.jpg,3,3.59,0,4
Roboflow_Classifier_train_145A9036_jpg.rf.10e2d1a7f2a6111ef97f296ac5b49c78.jpg,2,4.02,0,0
Roboflow_Classifier_train_145A9036_jpg.rf.54418340eda3aab6c5c295d5cec6143a.jpg,2,2.47,0,4
Roboflow_Classifier_train_145A9036_jpg.rf.f3ae9bb47ff3a4f9c7e116d602ff6662.jpg,1,20.86,0,7
Roboflow_Classifier_train_145A9044_jpg.rf.8c7af546e21d6d688d35bd404a3de8c3.jpg,2,27.38,0,8
Roboflow_Classifier_train_145A9044_jpg.rf.ba5508eb25d8e9d2a6677a66063330b1.jpg,2,43.25,0,2
Roboflow_Classifier_train_145A9044_jpg.rf.ea51d7736f1fe5ea9fb94ab4d19ae5af.jpg,1,5.0,0,6
Roboflow_Classifier_train_145A9081_jpg.rf.8c1fd89e13a6560e22e133064d4b5569.jpg,0,10.34,0,2
Roboflow_Classifier_train_145A9081_jpg.rf.c5903df10803e848fdc20f3ad33e22ff.jpg,2,22.12,0,2
Roboflow_Classifier_train_145A9081_jpg.rf.c747ddf0c113460e70f1ea642dacb11f.jpg,0,19.31,0,7
Roboflow_Classifier_train_145A9086_jpg.rf.3cfb32161df3472e4f942f6b84d0f1a3.jpg,2,17.74,0,7
Roboflow_Classifier_train_145A9086_jpg.rf.bb55364b75424fe98e6f3aeec2184529.jpg,2,2.7,0,3
Roboflow_Classifier_train_145A9086_jpg.rf.ff5b2dc18d3dacf2550aacf9f93bf606.jpg,1,3.04,0,4
Roboflow_Classifier_train_145A9099_jpg.rf.2ffabdd741bb0907e4fc002c9d1b9991.jpg,2,3.27,0,4
Roboflow_Classifier_train_145A9099_jpg.rf.74784b8588a404077534530a84fbd62c.jpg,1,27.11,0,2
Roboflow_Classifier_train_145A9099_jpg.rf.810810be18debd2e19095b137025d3cd.jpg,1,31.64,0,2
Roboflow_Classifier_train_145A9102_jpg.rf.281b8395ed94bc86a3499f3ae1bd5b31.jpg,2,0.63,0,9
Roboflow_Classifier_train_145A9102_jpg.rf.6a7c669c4b88841dbe66740c647cdabf.jpg,0,3.84,0,0
Roboflow_Classifier_train_145A9102_jpg.rf.e22886eca1bbf7fbec3600e0194ec79d.jpg,1,1.76,0,9
Roboflow_Classifier_train_145A9105_jpg.rf.67de04f26d4b1b998a20432bd4739ba2.jpg,0,3.11,0,0
Roboflow_Classifier_train_145A9105_jpg.rf.713837ce0bc193c73b47630eed3d2cde.jpg,0,2.26,0,4
Roboflow_Classifier_train_145A9105_jpg.rf.c685c276a469e3f147520623a316c4e5.jpg,3,24.16,0,5
Roboflow_Classifier_train_145A9107_jpg.rf.399b7daa345a787b7323433fdb7d41b4.jpg,3,2.41,0,3
Roboflow_Classifier_train_145A9107_jpg.rf.dc8f0c3812cda1775164336851950e88.jpg,2,11.79,0,5
Roboflow_Classifier_train_145A9107_jpg.rf.f26d6aa788fdfa7af3baf31eb1d63677.jpg,1,6.88,0,3
Roboflow_Classifier_train_145A9109_jpg.rf.8a5a472be58643ab901e0c8119b0db08.jpg,3,0.79,0,9
Roboflow_Classifier_train_145A9109_jpg.rf.ace9b02bb22c3796875d1028f1419b3a.jpg,2,29.75,0,6
Roboflow_Classifier_train_145A9109_jpg.rf.c68f69bc49353a2162f289859ba289e9.jpg,2,24.21,0,2
Roboflow_Classifier_train_145A9110_jpg.rf.3dfe78e5e5ae1e1bd50eecf546b2b826.jpg,2,16.33,0,5
Roboflow_Classifier_train_145A9110_jpg.rf.728dcb20af99facde5ce91ffe75695bb.jpg,0,6.89,0,0
Roboflow_Classifier_train_145A9110_jpg.rf.9bb54f6a425a9999641828acd5cb63e7.jpg,0,41.71,0,2
Roboflow_Classifier_train_145A9125_jpg.rf.c560c365412485b4d53216836c1121fe.jpg,1,15.52,0,1
Roboflow_Classifier_train_145A9125_jpg.rf.e0616075ba14c937bbf71d798113b661.jpg,2,1.46,0,3
Roboflow_Classifier_train_145A9125_jpg.rf.f31cfa7330a0fa6d584ebce14bf1c936.jpg,2,28.92,0,7
Roboflow_Classifier_train_145A9129_jpg.rf.2289ed311007c0f63bd24bf15df50f6a.jpg,3,23.55,0,1
Roboflow_Classifier_train_145A9129_jpg.rf.3d0eae9170ccaf7479a912571791fbd6.jpg,2,19.73,0,5
Roboflow_Classifier_train_145A9129_jpg.rf.e49252fd07a8f5f2c4cd58ee7b509fd1.jpg,1,17.89,0,2
Roboflow_Classifier_train_145A9131_jpg.rf.243f5f92bd9cca06fe74a005e6eed63f.jpg,0,23.87,0,1
Roboflow_Classifier_train_145A9131_jpg.rf.a660268cfac28c7f1d77d7d41124a58e.jpg,2,20.5,0,8
Roboflow_Classifier_train_145A9131_jpg.rf.f545e64eb7da2b505d73937af098112f.jpg,2,27.88,0,1
Roboflow_Classifier_train_145A9148_jpg.rf.372a200a06dedb2c3da9bb96c5430b59.jpg,2,5.51,0,0
Roboflow_Classifier_train_145A9148_jpg.rf.8a4c82af70e3b745394f44caa44325df.jpg,3,29.9,0,1
Roboflow_Classifier_train_145A9148_jpg.rf.9f574e74cc41d7847a05c4d4e0411461.jpg,2,46.63,0,2
Roboflow_Classifier_train_145A9149_jpg.rf.3039e631460a3bce57eec3d3da2431dd.jpg,1,28.89,0,7
Roboflow_Classifier_train_145A9149_jpg.rf.c5da60c610627bdad1ac70baa67212c5.jpg,3,7.12,0,0
Roboflow_Classifier_train_145A9149_jpg.rf.e92723137ed9283d1538d61230691bcb.jpg,2,26.67,0,2
Roboflow_Classifier_train_145A9157_jpg.rf.12d2b360a6f413c8f2c55d512cafad4f.jpg,2,3.39,0,4
Roboflow_Classifier_train_145A9157_jpg.rf.26d085edd9adc3fedb81e62f00cf423f.jpg,2,36.25,0,7
Roboflow_Classifier_train_145A9157_jpg.rf.411d8239153411aaee1968d2f0da828a.jpg,3,7.59,0,0
Roboflow_Classifier_train_145A9159_jpg.rf.2c43aab675f3e715852aa912bd19a16b.jpg,3,4.77,0,3
Roboflow_Classifier_train_145A9159_jpg.rf.61abcca3817cde6be3b69a1912c087c8.jpg,2,23.82,0,1
Roboflow_Classifier_train_145A9159_jpg.rf.79049dd011f5bd9fd48376b169b535c6.jpg,3,5.96,0,3
Roboflow_Classifier_train_145A9177_jpg.rf.21d3c3bac4e831a13791437f31fea1c2.jpg,3,2.08,0,3
Roboflow_Classifier_train_145A9177_jpg.rf.31b5539650deb9b19b8fb69dff6b6395.jpg,1,1.43,0,9
Roboflow_Classifier_train_145A9177_jpg.rf.3cc4c5799ed3f0aaba6897e6bc489768.jpg,1,2.35,0,3
Roboflow_Classifier_train_145A9195_jpg.rf.071850fab18fe19d2488d7a2b858fce5.jpg,2,21.03,0,5
Roboflow_Classifier_train_145A9195_jpg.rf.90b123181b9927b84b5fbbb753a1c1ce.jpg,0,31.37,0,2
Roboflow_Classifier_train_145A9195_jpg.rf.d6dc065057c00693d5287d49d206cf38.jpg,2,5.0,0,6
Roboflow_Classifier_train_145A9211_jpg.rf.4e268556f463b3b642b74c377e04536f.jpg,2,8.78,0,8
Roboflow_Classifier_train_145A9211_jpg.rf.9222ead8dccb11cec1bd16081a1a7e1d.jpg,2,3.51,0,3
Roboflow_Classifier_train_145A9211_jpg.rf.a151170b96033a3dca5dc49a150c4925.jpg,2,17.43,0,7
Roboflow_Classifier_train_145A9241_jpg.rf.2d0b1e29c95b7dd9c18858edc6fb0a4a.jpg,1,4.2,0,3
Roboflow_Classifier_train_145A9241_jpg.rf.30083b6f182c9a8bea80866639806602.jpg,2,11.78,0,5
Roboflow_Classifier_train_145A9241_jpg.rf.c4dece217b4d25528cdd14ff997bec52.jpg,2,24.98,0,7
Roboflow_Classifier_train_145A9255_jpg.rf.1cfd1c8bc226b1d04e4cce294378f9b0.jpg,3,2.12,0,9
Roboflow_Classifier_train_145A9255_jpg.rf.2690009ae3cd669fdd54e7d331f9753f.jpg,2,27.8,0,7
Roboflow_Classifier_train_145A9255_jpg.rf.bf3c621c2cb685324965b251969b2d9c.jpg,2,4.96,0,0
Roboflow_Classifier_train_145A9256_jpg.rf.18404f4962d978b601970c162a67b371.jpg,0,27.08,0,1
Roboflow_Classifier_train_145A9256_jpg.rf.1c0db8be1746b52ee8fd8e735b87d3c0.jpg,1,1.57,0,9
Roboflow_Classifier_train_145A9256_jpg.rf.7355d1a320a292373681fd97f9362b51.jpg,2,14.06,0,8
Roboflow_Classifier_train_145A9275_jpg.rf.0b6698a8ade4ab1d66d68d9a801fa9ce.jpg,2,5.32,0,0
Roboflow_Classifier_train_145A9275_jpg.rf.83bde79aa6ac2027a1ce5c63b5c478f8.jpg,2,29.82,0,8
Roboflow_Classifier_train_145A9275_jpg.rf.933de1cb0fb8b092303ca459e3626f60.jpg,0,21.23,0,1
Roboflow_Classifier_train_145A9278_jpg.rf.204b58554c8e1cb20ba3e844228fa188.jpg,3,24.7,0,8
Roboflow_Classifier_train_145A9278_jpg.rf.91c13d1d72eeba87a5d6c4f6aed6fdaf.jpg,2,2.93,0,3
Roboflow_Classifier_train_145A9278_jpg.rf.9cc516cfa0749b850d3b3ad7b8056037.jpg,2,12.12,0,2
Roboflow_Classifier_train_145A9284_jpg.rf.71bbc0e862c93c3b75ef594645ca6145.jpg,0,24.69,0,2
Roboflow_Classifier_train_145A9284_jpg.rf.859e3847b47fcec64aad6d4a9bc17dfb.jpg,2,32.84,0,7
Roboflow_Classifier_train_145A9284_jpg.rf.ea3bd14109851c2956334eaaf8d1bf98.jpg,2,18.43,0,1
Roboflow_Classifier_train_145A9291_jpg.rf.530b1a2794e54c150479a362c8b6a045.jpg,1,1.7,0,9
Roboflow_Classifier_train_145A9291_jpg.rf.611412b7bdb32ba9b55d3a89c6b4d6ff.jpg,3,1.98,0,9
Roboflow_Classifier_train_145A9291_jpg.rf.7a2f4de43dedf72276ccf8ef7ceaa639.jpg,1,5.07,0,4
Roboflow_Classifier_train_145A9294_jpg.rf.2901db222000381cb8e7a9812d4a34dd.jpg,2,24.55,0,6
Roboflow_Classifier_train_145A9294_jpg.rf.948fcb5f33a60e3cf342af0b560ff0fa.jpg,2,8.25,0,6
Roboflow_Classifier_train_145A9294_jpg.rf.c3fda70ed6c87ff2640b6e8152b9e480.jpg,2,1.39,0,9
Roboflow_Classifier_train_145A9297_jpg.rf.2aaac4ab2b4666944dbe458b304e9bc7.jpg,3,23.24,0,7
Roboflow_Classifier_train_145A9297_jpg.rf.b0e812e5f59a2b4e9bdb5efd48598bc5.jpg,1,15.84,0,5
Roboflow_Classifier_train_145A9297_jpg.rf.ecc15228e33fe8a2881d91825e53e4b5.jpg,0,21.0,0,8
Roboflow_Classifier_train_145A9298_jpg.rf.a3ffa6fa5d5e6a0e4647d2a55a348015.jpg,2,16.1,0,8
Roboflow_Classifier_train_145A9298_jpg.rf.de0df2458ff5478e2fdb356ff9041484.jpg,1,28.13,0,7
Roboflow_Classifier_train_145A9298_jpg.rf.ea2600c3822ae461e465a30d0df83a6b.jpg,2,2.89,0,4
Roboflow_Classifier_train_145A9317_jpg.rf.356471bab1b4654a1f765e074cff66c3.jpg,2,22.15,0,7
Roboflow_Classifier_train_145A9317_jpg.rf.922abea8be2a575e21f3c416387b078c.jpg,1,2.08,0,4
Roboflow_Classifier_train_145A9317_jpg.rf.a720f2cd6a77576ab908700f68a1c71f.jpg,2,9.57,0,5
Roboflow_Classifier_train_145A9319_jpg.rf.50df9653193302119386fff943d9d72a.jpg,0,23.24,0,2
Roboflow_Classifier_train_145A9319_jpg.rf.755b6ab5d55a4cdfe3418af6d4d90ff6.jpg,2,7.94,0,5
Roboflow_Classifier_train_145A9319_jpg.rf.8af9bd6b613ecc2aa42c2b25736e55df.jpg,2,33.96,0,7
Roboflow_Classifier_train_145A9330_jpg.rf.43b3cd73b5d9c5c0297bc9144d053056.jpg,1,37.75,0,2
Roboflow_Classifier_train_145A9330_jpg.rf.5a02814e3e2cbfa99978da5957cdd5ea.jpg,2,38.27,0,1
Roboflow_Classifier_train_145A9330_jpg.rf.b37820318cb9401adf9c1b467136fdf2.jpg,1,5.85,0,3
Roboflow_Classifier_train_145A9333_jpg.rf.0261fb97a29c384843063757bee52dc2.jpg,2,8.86,0,6
Roboflow_Classifier_train_145A9333_jpg.rf.61560c022ed2e73d010baa223fd8f10f.jpg,3,25.17,0,5
Roboflow_Classifier_train_145A9333_jpg.rf.ecc3a1f2340d7396c9aa1c4e287ef1c7.jpg,2,6.86,0,4
Roboflow_Classifier_train_145A9363_jpg.rf.71a13b41fef10efcd97bf90352d850b4.jpg,2,0.5,0,9
Roboflow_Classifier_train_145A9363_jpg.rf.85e7ab46919de08ca7edf506286d6f3f.jpg,1,8.28,0,0
Roboflow_Classifier_train_145A9363_jpg.rf.fcdf599ac802b5d2eaa9faf6deded80f.jpg,1,18.38,0,5
Roboflow_Classifier_train_145A9364_jpg.rf.07b805d335b6b8edfc42196e5152a64b.jpg,1,18.07,0,5
Roboflow_Classifier_train_145A9364_jpg.rf.dcd7075fff66256babdaf41ff4d7bc9a.jpg,0,41.58,0,2
Roboflow_Classifier_train_145A9364_jpg.rf.f33dbb94d8ea70c81af95ccf06170c06.jpg,0,3.07,0,4
Roboflow_Classifier_train_145A9381_jpg.rf.21326daac6dd68b875cc67818de49cb0.jpg,0,1.2,0,3
Roboflow_Classifier_train_145A9381_jpg.rf.66bf613fc2299d28d7f60949fa0798d4.jpg,2,15.53,0,8
Roboflow_Classifier_train_145A9381_jpg.rf.cbec118521689b94abb3429836d6bfdc.jpg,2,29.45,0,7
Roboflow_Classifier_train_145A9385_jpg.rf.02870499915a1cce7fed1b6b418afeed.jpg,0,31.95,0,2
Roboflow_Classifier_train_145A9385_jpg.rf.13f549844f2b420cce2d3de639e0e09d.jpg,1,30.77,0,7
Roboflow_Classifier_train_145A9385_jpg.rf.8fd953a259052906a19e8629cc0d3e84.jpg,0,7.7,0,6
Roboflow_Classifier_train_145A9387_jpg.rf.1ab54ff4c9681cafe11bf2f0cf73f71a.jpg,0,6.39,0,5
Roboflow_Classifier_train_145A9387_jpg.rf.34d1eb76e1627ef39267167a7f646601.jpg,2,1.08,0,9
Roboflow_Classifier_train_145A9387_jpg.rf.3c897d3cf3ac98fb12af94de32d151e2.jpg,2,19.67,0,7
Roboflow_Classifier_train_145A9392_jpg.rf.5d0a8408f63d611c6a86fdc500494b61.jpg,2,3.42,0,4
Roboflow_Classifier_train_145A9392_jpg.rf.820c2ba1f917c2929e99de0b5703711f.jpg,1,1.78,0,9
Roboflow_Classifier_train_145A9392_jpg.rf.a22e2e2a1d982439c6a846c428e93d20.jpg,2,1.8,0,9
Roboflow_Classifier_train_145A9402_jpg.rf.5b04230e48b828793f78cccfa895480d.jpg,1,4.19,0,0
Roboflow_Classifier_train_145A9402_jpg.rf.6939c73d819015bb1cb0769c0741b2dc.jpg,2,1.32,0,9
Roboflow_Classifier_train_145A9402_jpg.rf.f1d72d3073d12f5471546981b4a385e1.jpg,1,26.6,0,7
Roboflow_Classifier_train_145A9422_jpg.rf.7bf2c946c8af64f266034d273e73e772.jpg,1,4.02,0,3
Roboflow_Classifier_train_145A9422_jpg.rf.bdc6b9ebb520a5992475cdc9a0d5d547.jpg,2,20.22,0,5
Roboflow_Classifier_train_145A9422_jpg.rf.f437bcdbb928deca5b8b73c0f0e263b4.jpg,2,5.68,0,0
Roboflow_Classifier_train_145A9423_jpg.rf.54feceffe2a82996357f019ad4a78548.jpg,2,10.18,0,6
Roboflow_Classifier_train_145A9423_jpg.rf.57821f4fc2abe9765ffd34d9c239f267.jpg,2,28.79,0,1
Roboflow_Classifier_train_145A9423_jpg.rf.868425b728fe5a717aad38a942ad50f1.jpg,2,10.0,0,7
Roboflow_Classifier_train_145A9434_jpg.rf.66e530648cba27b92bffae753f6e7a1b.jpg,2,7.54,0,0
Roboflow_Classifier_train_145A9434_jpg.rf.8515dc1f9518ba89b5ed09d683b6a7f9.jpg,2,9.15,0,0
Roboflow_Classifier_train_145A9434_jpg.rf.9ebd0a91373c6957dbad6a61d47e20d3.jpg,2,17.83,0,8
Roboflow_Classifier_train_145A9444_jpg.rf.61c2fcecc1024cab7882f7ea42c5e096.jpg,1,1.92,0,3
Roboflow_Classifier_train_145A9444_jpg.rf.760e29fbd53d70e0f373b2b81aa05088.jpg,2,2.54,0,3
Roboflow_Classifier_train_145A9444_jpg.rf.b9059373451b462b26fa2659b98f8a01.jpg,2,28.58,0,1
Roboflow_Classifier_train_145A9475_jpg.rf.0bc5059a68d25e7459a38cac6f6b2193.jpg,2,10.2,0,6
Roboflow_Classifier_train_145A9475_jpg.rf.41afcc9f5283aa42bbb8544e323983bc.jpg,2,26.0,0,7
Roboflow_Classifier_train_145A9475_jpg.rf.b02012520fbe26932e7e1c57d7c6196a.jpg,2,1.1,0,9
Roboflow_Classifier_train_145A9489_jpg.rf.8da9d4908f3e1f6a9c4e8c547eee8b3c.jpg,3,2.02,0,9
Roboflow_Classifier_train_145A9489_jpg.rf.f6a835dbfe0a5a93a781db64a9d3e427.jpg,3,16.21,0,2
Roboflow_Classifier_train_145A9489_jpg.rf.f87e63a889c434f6fee097a2629d609f.jpg,2,34.28,0,2
Roboflow_Classifier_train_145A9495_jpg.rf.4d3a361dbf3d2aac986c96775e6274d1.jpg,2,32.07,0,2
Roboflow_Classifier_train_145A9495_jpg.rf.5f56c4ffcac29c02610aa44e560d1f13.jpg,1,35.54,0,1
Roboflow_Classifier_train_145A9495_jpg.rf.7e3199cff7aef488e2afce6af104e1ad.jpg,1,5.6,0,3
Roboflow_Classifier_train_145A9497_jpg.rf.2a962d1154dd53ba847113cbb0d1b6a7.jpg,2,7.6,0,6
Roboflow_Classifier_train_145A9497_jpg.rf.4b2bd9f30bd1d596d873b0372133120f.jpg,2,17.95,0,6
Roboflow_Classifier_train_145A9497_jpg.rf.c91254195530f63f440716092cba7276.jpg,1,31.2,0,1
Roboflow_Classifier_train_145A9504_jpg.rf.181dff7b3a3ea924b034e944c4d9319f.jpg,2,13.57,0,7
Roboflow_Classifier_train_145A9504_jpg.rf.8e04ec62d80c2faa2d1139eea0fce780.jpg,2,3.31,0,0
Roboflow_Classifier_train_145A9504_jpg.rf.9f7d58af41a653c1e0f571ce42240252.jpg,2,23.48,0,1
Roboflow_Classifier_train_145A9537_jpg.rf.493577d20fc0ba08623d77550f45c697.jpg,2,4.9,0,3
Roboflow_Classifier_train_145A9537_jpg.rf.8414d5a76d569548136269feff00ced0.jpg,1,3.94,0,3
Roboflow_Classifier_train_145A9537_jpg.rf.c3087f7cb19bfb35e24fee64064e02e5.jpg,2,12.01,0,8
Roboflow_Classifier_train_145A9566_jpg.rf.0e93b8539d6e3862bd416bf62f2b2f0e.jpg,2,4.0,0,4
Roboflow_Classifier_train_145A9566_jpg.rf.11865f8a1c2074a14f9a18c5cb9ddef5.jpg,0,24.91,0,1
Roboflow_Classifier_train_145A9566_jpg.rf.d50984af7cb202fc10efec7266d6db77.jpg,1,18.54,0,1
Roboflow_Classifier_train_145A9577_jpg.rf.1242fe4cdc9946149bc7e0e6dae19e36.jpg,2,14.61,0,1
Roboflow_Classifier_train_145A9577_jpg.rf.ba65832d9d11e95e52e381e7f3f75449.jpg,1,2.98,0,3
Roboflow_Classifier_train_145A9577_jpg.rf.ef1ebc6017233814df327913f53add53.jpg,1,30.82,0,1
Roboflow_Classifier_train_145A9597_jpg.rf.0dacf096773210fc00369be3b616e6a7.jpg,2,4.16,0,4
Roboflow_Classifier_train_145A9597_jpg.rf.a4f7ea9e4c9bc6f91bc0a0de446899e8.jpg,1,1.5,0,4
Roboflow_Classifier_train_145A9597_jpg.rf.feec329c86214af57fa3bfaf8997b787.jpg,2,29.13,0,6
Roboflow_Classifier_train_145A9608_jpg.rf.2ce7890053dc39dd8742c9af4b23b875.jpg,2,20.36,0,8
Roboflow_Classifier_train_145A9608_jpg.rf.38d6d93b8d6611f037a9ed572ef4bcfd.jpg,2,1.86,0,9
Roboflow_Classifier_train_145A9608_jpg.rf.5b13954b3e8e45a3b62d2bb02ed56997.jpg,2,3.39,0,4
Roboflow_Classifier_train_145A9609_jpg.rf.269e9c683aab31702ae4d441a413f9c7.jpg,2,0.91,0,9
Roboflow_Classifier_train_145A9609_jpg.rf.dce3bd43d9effa6ad95a4bd66d22fc1b.jpg,1,3.5,0,3
Roboflow_Classifier_train_145A9609_jpg.rf.de572fe2282c2922b6dfa34cb9d40dc2.jpg,2,27.29,0,8
Roboflow_Classifier_train_145A9610_jpg.rf.06143342892932163aedbd73e2f02e23.jpg,1,2.87,0,4
Roboflow_Classifier_train_145A9610_jpg.rf.36e705bc6c3d406ad2cf368289ff7e7a.jpg,2,1.0,0,9
Roboflow_Classifier_train_145A9610_jpg.rf.dafbe7837f4a415a94b9dd2047188c09.jpg,1,1.51,0,9
Roboflow_Classifier_train_145A9614_jpg.rf.2d1e1bc43e8afecd388b42ec9af08944.jpg,2,31.67,0,1
Roboflow_Classifier_train_145A9614_jpg.rf.4c867436afff3eab3edac9e66eba1c64.jpg,1,2.88,0,3
Roboflow_Classifier_train_145A9614_jpg.rf.781bfda43e702ea7eae2e4f3c83f64e6.jpg,2,26.61,0,6
Roboflow_Classifier_train_145A9624_jpg.rf.0b371a4e8bc134dfeb39c7e67c590808.jpg,3,4.82,0,4
Roboflow_Classifier_train_145A9624_jpg.rf.6fcdfcca1a4629cb02465c0cf09379b4.jpg,2,10.31,0,5
Roboflow_Classifier_train_145A9624_jpg.rf.8980d783ca1c3dd837e17c0076e72391.jpg,2,25.67,0,7
Roboflow_Classifier_train_145A9625_jpg.rf.abbead666dd4389a97fe4ec66ab04b3f.jpg,1,0.91,0,9
Roboflow_Classifier_train_145A9625_jpg.rf.dce91bac354193ce3d41cbf79067daac.jpg,2,30.21,0,2
Roboflow_Classifier_train_145A9625_jpg.rf.f7596c482609602961ef5e42bacd656d.jpg,2,2.21,0,4
Roboflow_Classifier_train_145A9629_jpg.rf.357a54635b08317ef841e263ec7bce1d.jpg,2,26.69,0,7
Roboflow_Classifier_train_145A9629_jpg.rf.6379acc2596dfaf8461a4a61d706775b.jpg,2,23.61,0,6
Roboflow_Classifier_train_145A9629_jpg.rf.821a14d91be4472f63529826f9f44ee0.jpg,1,2.41,0,4
Roboflow_Classifier_train_145A9650_jpg.rf.2b569fdb97c7b14087a8394c2926785a.jpg,2,1.25,0,9
Roboflow_Classifier_train_145A9650_jpg.rf.52dfa665c049677525f4bd465ac130af.jpg,2,5.74,0,5
Roboflow_Classifier_train_145A9650_jpg.rf.e1e59d1df2e1f53510991bed11eadaba.jpg,1,1.0,0,3
Roboflow_Classifier_train_145A9671_jpg.rf.19131b4251725324e4dc694e4a702d00.jpg,2,21.01,0,7
Roboflow_Classifier_train_145A9671_jpg.rf.72fcb32e304f397e80b469484216ec1c.jpg,1,10.48,0,5
Roboflow_Classifier_train_145A9671_jpg.rf.c720a1ebbb403711895e5b514fbeb619.jpg,2,23.92,0,8
Roboflow_Classifier_train_145A9697_jpg.rf.11637fa83276d029cc3c3736ca7c516c.jpg,2,12.75,0,8
Roboflow_Classifier_train_145A9697_jpg.rf.1c2b442c7a6d7c1a6d00c05b2b466d58.jpg,2,31.96,0,1
Roboflow_Classifier_train_145A9697_jpg.rf.fc73a6902c06395de3f915fee65df083.jpg,1,23.92,0,2
Roboflow_Classifier_train_145A9718_jpg.rf.02b06c97a95b741df9c74bb95fe4af73.jpg,2,15.71,0,5
Roboflow_Classifier_train_145A9718_jpg.rf.82e362295fe126d3857ed38d7a834969.jpg,2,24.91,0,2
Roboflow_Classifier_train_145A9718_jpg.rf.9e831e9fef136d47637bc73f5208b512.jpg,2,3.16,0,4
Roboflow_Classifier_train_145A9719_jpg.rf.2f59261b821dfe1520959c5066c3c800.jpg,0,2.48,0,9
Roboflow_Classifier_train_145A9719_jpg.rf.b4b070429e4829b369f70283143890d8.jpg,0,17.52,0,1
Roboflow_Classifier_train_145A9719_jpg.rf.d669074fc51556f249d26d6527e7f2dd.jpg,2,17.9,0,1
Roboflow_Classifier_train_145A9720_jpg.rf.34edaf7df2518d806e204a87507d8f53.jpg,1,7.71,0,0
Roboflow_Classifier_train_145A9720_jpg.rf.72dc8af6bac42919ebdc3034b9af79d5.jpg,2,1.78,0,3
Roboflow_Classifier_train_145A9720_jpg.rf.8a0d973704d1c331815dc1465135c8f6.jpg,2,10.0,0,7
Roboflow_Classifier_train_145A9727_jpg.rf.7b27b727a4b81e322a391b6e50a5bb5f.jpg,1,14.47,0,5
Roboflow_Classifier_train_145A9727_jpg.rf.ac3cccb51311ea6a711e48df2bc32249.jpg,2,5.0,0,6
Roboflow_Classifier_train_145A9727_jpg.rf.dde7b41c337243add6b8924db31e85bc.jpg,0,31.55,0,7
Roboflow_Classifier_train_145A9730_jpg.rf.54a40c7c3bb1e6e7fd9ec88416960a38.jpg,1,16.15,0,8
Roboflow_Classifier_train_145A9730_jpg.rf.bc1e923e383d7c7d1a677d53692e2bad.jpg,2,14.26,0,6
Roboflow_Classifier_train_145A9730_jpg.rf.fec625e1288446ee0accd6ae31fc46bd.jpg,2,3.55,0,4
Roboflow_Classifier_train_145A9732_jpg.rf.5b3994e65a28a92ecdde20b5d1a1b0c5.jpg,2,8.57,0,6
Roboflow_Classifier_train_145A9732_jpg.rf.5cab0231df4f47d29620a9bf9a491799.jpg,2,4.09,0,3
Roboflow_Classifier_train_145A9732_jpg.rf.7d9a61e318f1bfdde67973555c6058b4.jpg,2,27.93,0,2
Roboflow_Classifier_train_145A9780_jpg.rf.5593f823b6068a1c7e409399b2231cbe.jpg,2,5.65,0,0
Roboflow_Classifier_train_145A9780_jpg.rf.7f8535cab3c1189e474306f4ac0f871d.jpg,2,48.94,0,2
Roboflow_Classifier_train_145A9780_jpg.rf.88250c2e2e9e36877d615b69c86a670c.jpg,2,3.01,0,4
Roboflow_Classifier_train_145A9782_jpg.rf.1d35ef46e0e2ab6c706ec7583574bd23.jpg,0,9.01,0,5
Roboflow_Classifier_train_145A9782_jpg.rf.441ab1caf3d701e73bf3863cf419c5c8.jpg,1,3.27,0,4
Roboflow_Classifier_train_145A9782_jpg.rf.566c37eec3c171612370b29073dd8af6.jpg,1,25.27,0,8
Roboflow_Classifier_train_145A9783_jpg.rf.0130c3531cbf07955aa9dbe14696b2a9.jpg,2,30.93,0,7
Roboflow_Classifier_train_145A9783_jpg.rf.368ed1ff6a8f1d9f7e2f33c4ae2fbdc4.jpg,2,14.72,0,6
Roboflow_Classifier_train_145A9783_jpg.rf.673778c8be23a2077fb7f8d6d395efe4.jpg,2,19.52,0,6
Roboflow_Classifier_train_145A9785_jpg.rf.1f50b4222ae066e00dc319a78fc66fee.jpg,2,14.26,0,2
Roboflow_Classifier_train_145A9785_jpg.rf.90a9aeaacc17d6e18c8be7656beb93eb.jpg,2,5.13,0,3
Roboflow_Classifier_train_145A9785_jpg.rf.c4e9a888828d7e4502922c95b4d49c26.jpg,2,15.29,0,1
Roboflow_Classifier_train_145A9793_jpg.rf.3dbc5f83935d6274089afaf7fe4946ed.jpg,2,31.1,0,2
Roboflow_Classifier_train_145A9793_jpg.rf.538ea00694676a7ab1b4933528a37c79.jpg,2,10.01,0,6
Roboflow_Classifier_train_145A9793_jpg.rf.8836e3004a371d2d4c9e07aa10d49e2a.jpg,2,12.2,0,1
Roboflow_Classifier_train_145A9795_jpg.rf.0b5745a3c1ccb8702fe5fa41a514aa7c.jpg,2,48.5,0,2
Roboflow_Classifier_train_145A9795_jpg.rf.112833749371780a31501903325c1710.jpg,2,7.64,0,6
Roboflow_Classifier_train_145A9795_jpg.rf.cbe44f969bedbd63f6aaacbca888bf11.jpg,2,18.22,0,1
Roboflow_Classifier_train_145A9796_jpg.rf.c8db25bed221847292dc7caa86ce20e8.jpg,1,6.81,0,5
Roboflow_Classifier_train_145A9796_jpg.rf.fe0c54b25b1d1139e61148b8cbefa6f5.jpg,1,5.0,0,6
Roboflow_Classifier_train_145A9796_jpg.rf.fe712b5c43319903cb1ea3e4ba5ef00e.jpg,1,17.55,0,8
Roboflow_Classifier_train_145A9798_jpg.rf.492e11c216ce60438d150bb271be2121.jpg,1,4.13,0,4
Roboflow_Classifier_train_145A9798_jpg.rf.9414bc6e58e7553c8c614e42158575c7.jpg,2,23.81,0,8
Roboflow_Classifier_train_145A9798_jpg.rf.cb66888c0583712bdab6adf1337aeae0.jpg,1,3.06,0,4
Roboflow_Classifier_train_145A9817_jpg.rf.32d7ca3701e4f626c93a6792a3390114.jpg,2,11.66,0,1
Roboflow_Classifier_train_145A9817_jpg.rf.36b97c33f76187b5fbc0ffebd9a75dbc.jpg,1,5.26,0,4
Roboflow_Classifier_train_145A9817_jpg.rf.d0e6c06e74a2b44e551ef07c9262f926.jpg,1,32.22,0,2
Roboflow_Classifier_train_145A9839_jpg.rf.4403b9fa1a4da1f041c84f5d170f6fa5.jpg,0,21.37,0,5
Roboflow_Classifier_train_145A9839_jpg.rf.8cc8bdb665ac034ea29ef8c3898b4a56.jpg,2,34.27,0,2
Roboflow_Classifier_train_145A9839_jpg.rf.9bad903066e40539631f2b4bccdd48fb.jpg,2,21.99,0,5
Roboflow_Classifier_train_145A9841_jpg.rf.4a1e951d24e3fe3a0b7f00bfe8bcce45.jpg,0,14.46,0,8
Roboflow_Classifier_train_145A9841_jpg.rf.7b3ea53444686194d87b18708fee3d6f.jpg,2,10.81,0,5
Roboflow_Classifier_train_145A9841_jpg.rf.9509a5566ba400fea4d497354619aee9.jpg,2,42.32,0,7
Roboflow_Classifier_train_145A9910_jpg.rf.8255d24ecd733bc15a87d794494dd392.jpg,2,26.63,0,2
Roboflow_Classifier_train_145A9910_jpg.rf.b5d611930febcbe0c0025768ee3ab825.jpg,2,9.06,0,0
Roboflow_Classifier_train_145A9910_jpg.rf.c07b8617b26407fd13f99994a9a192d4.jpg,0,8.0,0,8
Roboflow_Classifier_train_145A9925_jpg.rf.332c9eafba39c9492f9552bf5768c38c.jpg,1,35.05,0,1
Roboflow_Classifier_train_145A9925_jpg.rf.6ad6c8236aded0a7d554da3d33f67fd6.jpg,2,16.17,0,5
Roboflow_Classifier_train_145A9925_jpg.rf.ee496dd1c0d9020d4f07108e3c742368.jpg,1,31.15,0,2
Roboflow_Classifier_train_145A9959_jpg.rf.05ed8dad2744281c42a476239abf8730.jpg,1,2.02,0,9
Roboflow_Classifier_train_145A9959_jpg.rf.1baa7ad7b09c5bff065304b7f028bfe3.jpg,2,12.02,0,5
Roboflow_Classifier_train_145A9959_jpg.rf.9e41b4a6d6fe9654558c2c97214e288e.jpg,0,15.04,0,5
Roboflow_Classifier_train_145A9963_jpg.rf.179b7e3e70308892793f882ea8f5b61c.jpg,2,31.14,0,2
Roboflow_Classifier_train_145A9963_jpg.rf.e6b251a753e89cf6d4fe0fa5cd8d812f.jpg,1,2.05,0,9
Roboflow_Classifier_train_145A9963_jpg.rf.ef6e6fec58002647f68eb5e43f01a052.jpg,0,4.98,0,4
Roboflow_Classifier_train_145A9976_jpg.rf.2d8ab9ef606b74763ab1b50974773d70.jpg,2,1.66,0,9
Roboflow_Classifier_train_145A9976_jpg.rf.9b2a24f649c625f3333094f50cfc568b.jpg,2,19.51,0,7
Roboflow_Classifier_train_145A9976_jpg.rf.ef632565ae9b5e4bf233ee2212d7a99d.jpg,2,3.67,0,4
Roboflow_Classifier_train_145A9978_jpg.rf.3ac450225f6df785d3484bbe2bba3d01.jpg,1,9.34,0,0
Roboflow_Classifier_train_145A9978_jpg.rf.946c63232efaec24b9051ad3182b5aa5.jpg,3,18.75,0,5
Roboflow_Classifier_train_145A9978_jpg.rf.cca802ff9f6cd8d42425acf4b5742377.jpg,2,4.54,0,4
Roboflow_Classifier_train_145A9985_jpg.rf.8fb7d7e5028dabb411325665f11d945f.jpg,2,27.28,0,7
Roboflow_Classifier_train_145A9985_jpg.rf.9410b8e169d026e1f8168dc3cad58bdf.jpg,0,7.4,0,5
Roboflow_Classifier_train_145A9985_jpg.rf.a0259d7fd1202cfe1350b90755161047.jpg,1,5.02,0,0
Roboflow_Classifier_train_145A9986_jpg.rf.1e35439cbe1c7eeac24c42f623650b13.jpg,1,2.71,0,4
Roboflow_Classifier_train_145A9986_jpg.rf.5e6296df4375403ea61216789340f6ba.jpg,2,34.16,0,2
Roboflow_Classifier_train_145A9986_jpg.rf.cf4cf446dbc164bdb7eb5b4e86ad2bbb.jpg,2,6.84,0,6
Roboflow_Classifier_train_173A1871_jpg.rf.6ab99f202f41e8378c670440e97bc36d.jpg,1,5.27,0,3
Roboflow_Classifier_train_173A1871_jpg.rf.8be19d2c8c609db3247d75f13849853c.jpg,1,2.7,0,3
Roboflow_Classifier_train_173A1871_jpg.rf.9cc60b80ad2992893f645f4544642095.jpg,1,1.95,0,9
Roboflow_Classifier_train_173A2211_jpg.rf.432a1eb646aada9a62f2d82c487d4d00.jpg,2,28.61,0,7
Roboflow_Classifier_train_173A2211_jpg.rf.62531af0a72d7b6150333d27d12d7a66.jpg,1,23.69,0,5
Roboflow_Classifier_train_173A2211_jpg.rf.d033b86366c6a7816be17203bb52dbaa.jpg,1,23.15,0,7
Roboflow_Classifier_train_173A2214_jpg.rf.115d7856764c5100fc5e735732c0f775.jpg,1,4.31,0,4
Roboflow_Classifier_train_173A2214_jpg.rf.5964847c1589c851607f31a4b8fb3d7e.jpg,0,15.62,0,5
Roboflow_Classifier_train_173A2214_jpg.rf.9089b84f1787a9de66020eaeb641d2c4.jpg,1,2.39,0,4
Roboflow_Classifier_train_173A2224_jpg.rf.33aa99f27e4704d1d9c5d969420afbbf.jpg,3,23.44,0,1
Roboflow_Classifier_train_173A2224_jpg.rf.7ea026a17e17fa7017570525cb763921.jpg,2,23.51,0,5
Roboflow_Classifier_train_173A2224_jpg.rf.f0ec0e9171f49d3e3895ff46ad05d294.jpg,3,6.02,0,0
Roboflow_Classifier_train_173A2229_jpg.rf.a5a4d68c7834b88c8fb44aef8263d23f.jpg,2,28.34,0,7
Roboflow_Classifier_train_173A2229_jpg.rf.d6802bc726bc4b9107de386b795bebdb.jpg,2,4.32,0,3
Roboflow_Classifier_train_173A2229_jpg.rf.ff76900a66d77e9898ab84675b4b2ee9.jpg,1,18.93,0,5
Roboflow_Classifier_train_173A2239_jpg.rf.4ef6909467c3cbde12287147d0da0f71.jpg,2,1.86,0,9
Roboflow_Classifier_train_173A2239_jpg.rf.67802392f497370dbcfe2658ab6957bb.jpg,3,29.71,0,7
Roboflow_Classifier_train_173A2239_jpg.rf.fea4888d20fadd3a4b35297f40f30a3b.jpg,1,4.22,0,3
Roboflow_Classifier_train_173A2241_jpg.rf.095bdcfb4f18d047fe063d78948176c5.jpg,2,5.0,0,6
Roboflow_Classifier_train_173A2241_jpg.rf.45a9a1378848bc599ebe8cdd803c1906.jpg,2,7.75,0,0
Roboflow_Classifier_train_173A2241_jpg.rf.4b7823eef9dc8da9f6976f7173ac5e1a.jpg,0,4.08,0,4
Roboflow_Classifier_train_173A2248_jpg.rf.40158070345f2d6d109643ac2a6bfec9.jpg,3,6.34,0,6
Roboflow_Classifier_train_173A2248_jpg.rf.723fa2c52103fb8adbade9f1a0248df3.jpg,3,14.56,0,5
Roboflow_Classifier_train_173A2248_jpg.rf.755ccbda9b26c0929dfd766598de908d.jpg,2,1.99,0,9
Roboflow_Classifier_train_175A4369_jpg.rf.c5d4174c5d0ab8903c1f963b7a3d05ff.jpg,2,18.06,0,8
Roboflow_Classifier_train_175A4369_jpg.rf.d9b2c7276d08e94911d8784dec97cf73.jpg,2,23.29,0,1
Roboflow_Classifier_train_175A4369_jpg.rf.ef04b7e6e99f43b70621c772e0232b97.jpg,1,12.22,0,7
Roboflow_Classifier_train_175A4512_jpg.rf.4c1e372d164a15d195ffe0c02efc065f.jpg,2,3.86,0,4
Roboflow_Classifier_train_175A4512_jpg.rf.86a7c5d0866a2642fa0c8765b353e064.jpg,0,22.66,0,6
Roboflow_Classifier_train_175A4512_jpg.rf.e0ba5eed6832208762876fb9c4cf790b.jpg,0,35.48,0,2
Roboflow_Classifier_train_175A4516_jpg.rf.1637c31d4a112846b5f29bf9a576974a.jpg,2,24.13,0,2
Roboflow_Classifier_train_175A4516_jpg.rf.5138c82fc3c3ca44c6ac8dd19ef86944.jpg,2,3.62,0,0
Roboflow_Classifier_train_175A4516_jpg.rf.ad43a50f9a23fb2632a997b4e0c063d9.jpg,2,11.14,0,6
Roboflow_Classifier_train_175A4641_jpg.rf.25b9a59e41636d59df7c99deabc35495.jpg,0,22.98,0,7
Roboflow_Classifier_train_175A4641_jpg.rf.b1c36f79be42662801247d7bdbfa3a1a.jpg,2,23.26,0,7
Roboflow_Classifier_train_175A4641_jpg.rf.dbe161f81ff775d278798f9b80593cf9.jpg,2,4.15,0,0
Roboflow_Classifier_train_175A4653_jpg.rf.16eb8ffb4e5d765dd4d3f0072484c47a.jpg,1,8.0,0,8
Roboflow_Classifier_train_175A4653_jpg.rf.472f3ebc971a94cec4142d92797d730a.jpg,2,19.6,0,6
Roboflow_Classifier_train_175A4653_jpg.rf.b82a5882b2dd1abb9859924ad93d28e2.jpg,2,1.52,0,9
Roboflow_Classifier_train_175A4654_jpg.rf.098c58157108fb8f160850cb3858dc74.jpg,2,3.78,0,4
Roboflow_Classifier_train_175A4654_jpg.rf.5fe63a65518bb7e977fc98305adc4532.jpg,2,5.42,0,3
Roboflow_Classifier_train_175A4654_jpg.rf.aaf5f3baf6774215b86f2b693354b2a1.jpg,1,30.93,0,1
Roboflow_Classifier_train_175A4655_jpg.rf.17af834756a6d133ec2ca260472f286f.jpg,3,15.07,0,5
Roboflow_Classifier_train_175A4655_jpg.rf.4c3ffbd4c967ab85e75fcb63b41fe4d5.jpg,3,11.27,0,5
Roboflow_Classifier_train_175A4655_jpg.rf.c4b084c5ba624a38c6d89e46b7fd506c.jpg,3,5.28,0,0
Roboflow_Classifier_train_175A4673_jpg.rf.7e59aed475f4a5ac8a73359dc0a043c1.jpg,2,28.39,0,1
Roboflow_Classifier_train_175A4673_jpg.rf.a7bf0474f139ecbfcc45acdaf1c9e0db.jpg,3,4.71,0,0
Roboflow_Classifier_train_175A4673_jpg.rf.b736dc3cae42a2177567be400b00fb1e.jpg,3,2.86,0,4
Roboflow_Classifier_train_175A4676_jpg.rf.23539b3264b4626d8090c66d4251fa4e.jpg,1,9.38,0,8
Roboflow_Classifier_train_175A4676_jpg.rf.b0242247cdf9f4713339bd115c01cf10.jpg,2,39.09,0,2
Roboflow_Classifier_train_175A4676_jpg.rf.eaebb917313d4d836e21c0d2b56e806e.jpg,2,1.5,0,4
Roboflow_Classifier_train_175A4679_jpg.rf.46ac1d8410a485cb0dacec01bee9e47d.jpg,2,9.22,0,5
Roboflow_Classifier_train_175A4679_jpg.rf.92762cd6f0f07b130fcd29695a9a601c.jpg,2,1.11,0,9
Roboflow_Classifier_train_175A4679_jpg.rf.bec801c1a31c5fa2085b1c1e89be312a.jpg,1,4.02,0,3
Roboflow_Classifier_train_175A4683_jpg.rf.5157157548e3de539ae2355bafd36eaa.jpg,2,31.47,0,2
Roboflow_Classifier_train_175A4683_jpg.rf.6e899d94ddfa2c357aebfee156a2bc34.jpg,3,18.39,0,6
Roboflow_Classifier_train_175A4683_jpg.rf.7961e6248d7d688c528b741f273fbcd4.jpg,1,15.78,0,6
Roboflow_Classifier_train_175A4686_jpg.rf.952d1345caa6f3d3e485a8e5ef0f82c5.jpg,2,37.03,0,7
Roboflow_Classifier_train_175A4686_jpg.rf.a5ad2a2265f7fb8ed39122aefbc22d5c.jpg,3,4.11,0,4
Roboflow_Classifier_train_175A4686_jpg.rf.d434237e1978662091952cf3bc61b38b.jpg,1,3.65,0,4
Roboflow_Classifier_train_175A4688_jpg.rf.3862d450e02a73d3988cb5c67a75a671.jpg,3,8.02,0,0
Roboflow_Classifier_train_175A4688_jpg.rf.51fa9d7527bb2d8bade8a20ea5be8159.jpg,0,17.08,0,7
Roboflow_Classifier_train_175A4688_jpg.rf.ff0ba09be86554ba970d1ab62a0b94c3.jpg,1,1.72,0,4
Roboflow_Classifier_train_175A4693_jpg.rf.7f42f8604c9f66da75cb662273426e42.jpg,2,17.39,0,7
Roboflow_Classifier_train_175A4693_jpg.rf.b3be6c016b948d3a92ac252bdb06ddf1.jpg,2,1.15,0,3
Roboflow_Classifier_train_175A4693_jpg.rf.fb6d73a2ef20b4434d18dfc5fd1430fa.jpg,2,20.47,0,8
Roboflow_Classifier_train_175A4695_jpg.rf.37489990401361d5ec1cf5aa681bfb06.jpg,3,1.19,0,9
Roboflow_Classifier_train_175A4695_jpg.rf.89d823eff83ac0137029ca64ddda272d.jpg,1,35.99,0,7
Roboflow_Classifier_train_175A4695_jpg.rf.b4ac52358fceb8efdfb49e4e713ba680.jpg,2,11.13,0,6
Roboflow_Classifier_train_175A4696_jpg.rf.09cacedc0fc3f66046913a5d00af8067.jpg,1,27.8,0,7
Roboflow_Classifier_train_175A4696_jpg.rf.1ce05a0edd00d9d7561e0de6645f0eb4.jpg,2,7.32,0,0
Roboflow_Classifier_train_175A4696_jpg.rf.9c76880466feb69a3c5975fd423a3902.jpg,2,4.73,0,0
Roboflow_Classifier_train_175A4697_jpg.rf.68e10abcdd867214977a4daf70bfe633.jpg,2,18.78,0,7
Roboflow_Classifier_train_175A4697_jpg.rf.c18c764c6d676330a0fbc05bf42ae9c6.jpg,2,9.15,0,6
Roboflow_Classifier_train_175A4697_jpg.rf.d298fcee4e7e1ef9a1c48c40867d48c8.jpg,2,53.88,0,2
Roboflow_Classifier_train_175A4698_jpg.rf.08f816d0825c373bdd61886deba111bc.jpg,1,18.49,0,5
Roboflow_Classifier_train_175A4698_jpg.rf.5bc56cc8e21fe2a17a9fce361ed11ceb.jpg,2,17.86,0,5
Roboflow_Classifier_train_175A4698_jpg.rf.78a09c80e1bdc4e4a764f306f9edbe5f.jpg,2,13.64,0,1
Roboflow_Classifier_train_177A4075_jpg.rf.41b8c8f31c3e93712aae6f90cc8959be.jpg,2,8.46,0,5
Roboflow_Classifier_train_177A4075_jpg.rf.435c010b25176a5fd0512a73af32eb61.jpg,3,29.47,0,7
Roboflow_Classifier_train_177A4075_jpg.rf.5f80b93ec019b476dad233a80da35765.jpg,1,0.91,0,9
Roboflow_Classifier_train_177A4084_jpg.rf.49a5b56347d989cda079a57f6f063e86.jpg,0,21.19,0,7
Roboflow_Classifier_train_177A4084_jpg.rf.9d087943ff88e220d9b2a2b83311b7e6.jpg,3,16.68,0,5
Roboflow_Classifier_train_177A4084_jpg.rf.b2fc3a155de1e0cddcedc41bf89d3a21.jpg,2,19.21,0,8
Roboflow_Classifier_train_177A4114_jpg.rf.1670ce1279426ff94efc859059e03fb6.jpg,1,2.32,0,4
Roboflow_Classifier_train_177A4114_jpg.rf.3b90ed397e7acb08a4bced30ff9f1b47.jpg,2,21.37,0,5
Roboflow_Classifier_train_177A4114_jpg.rf.770d9189527b120e412e4e5262d8d22f.jpg,2,44.31,0,2
Roboflow_Classifier_train_177A4124_jpg.rf.2e1428bc703ab2a4c4d227e2f111fc1e.jpg,3,1.0,0,3
Roboflow_Classifier_train_177A4124_jpg.rf.a7ed138cd62c953cad8f59606e0adf88.jpg,2,35.04,0,2
Roboflow_Classifier_train_177A4124_jpg.rf.f8877c5b68667d6721fc81ce63d4af5a.jpg,2,21.75,0,8
Roboflow_Classifier_train_177A4129_jpg.rf.174a60ea2bf830e84f2d551081e67871.jpg,1,6.66,0,6
Roboflow_Classifier_train_177A4129_jpg.rf.9b0bc1c92b79041ffeac2ab8a6c97875.jpg,2,17.63,0,7
Roboflow_Classifier_train_177A4129_jpg.rf.c38bfa32c736de5dc8b2a12b30b5a8c6.jpg,2,15.66,0,8
Roboflow_Classifier_train_177A4164_jpg.rf.8f39d9663e4da081102a42970c777d4c.jpg,2,30.38,0,2
Roboflow_Classifier_train_177A4164_jpg.rf.ce978e5aa390baac53f4f101bff875ea.jpg,2,28.37,0,7
Roboflow_Classifier_train_177A4164_jpg.rf.eefe818e5952d33a07b3a6112fd51a9f.jpg,2,13.95,0,7
Roboflow_Classifier_train_177A4168_jpg.rf.23a9cf5528ddb9b896cd036f1570380b.jpg,1,1.3,0,9
Roboflow_Classifier_train_177A4168_jpg.rf.514a8cd91a1d2e7acbed8b26e567bd90.jpg,1,23.78,0,2
Roboflow_Classifier_train_177A4168_jpg.rf.b81f70bbf5f53912aec7a44e81ae171a.jpg,2,36.53,0,2
Roboflow_Classifier_train_177A4176_jpg.rf.79922c91fdf654cf3aed77f45c76adef.jpg,2,4.2,0,4
Roboflow_Classifier_train_177A4176_jpg.rf.8f77fb275616583c290ed2f468492fdd.jpg,0,12.37,0,1
Roboflow_Classifier_train_177A4176_jpg.rf.a771f53234bdb491720b8d56bb4deac3.jpg,2,19.37,0,6
Roboflow_Classifier_train_177A4178_jpg.rf.23f8cd6e1d2d95e67fedeb186ce9898c.jpg,1,23.78,0,7
Roboflow_Classifier_train_177A4178_jpg.rf.3513be094289d8d6681173479456baed.jpg,2,7.83,0,6
Roboflow_Classifier_train_177A4178_jpg.rf.f147db36a89430a3a30385a814b19ff7.jpg,1,1.0,0,3
Roboflow_Classifier_train_178A3477_jpg.rf.567873484813e0ad652af7b252862376.jpg,2,10.56,0,6
Roboflow_Classifier_train_178A3477_jpg.rf.63dfd4e74ca53e29d6ad1193fccf0a6a.jpg,0,12.96,0,5
Roboflow_Classifier_train_178A3477_jpg.rf.720072f83cfa661fa91f76a2fa76607b.jpg,2,13.48,0,8
Roboflow_Classifier_train_178A3502_jpg.rf.33a3d3249b8458b6ebf6793765c9f10d.jpg,1,22.27,0,7
Roboflow_Classifier_train_178A3502_jpg.rf.355e3df88fd82791814f671a45e367d9.jpg,0,6.95,0,3
Roboflow_Classifier_train_178A3502_jpg.rf.4e64d213b3ea21dc4aa79fcf396ff572.jpg,2,14.15,0,1
Roboflow_Classifier_train_178A3569_jpg.rf.2859c48fa5298038bd14397cfcdaec10.jpg,2,5.0,0,6
Roboflow_Classifier_train_178A3569_jpg.rf.ac0d92b623f6d70033313963cd8cd7b6.jpg,2,2.83,0,3
Roboflow_Classifier_train_178A3569_jpg.rf.c0b654099c0de58e4f4208b6e2f65d64.jpg,1,41.34,0,2
Roboflow_Classifier_train_178A3589_jpg.rf.09240e4ade47ebd1723e87d88b69ed63.jpg,2,4.39,0,3
Roboflow_Classifier_train_178A3589_jpg.rf.5b1ea31b8542427ceb6323445dc21c45.jpg,1,5.48,0,0
Roboflow_Classifier_train_178A3589_jpg.rf.eac7167b891024415ea9a825a51da3ba.jpg,1,26.07,0,6
Roboflow_Classifier_train_178A3598_jpg.rf.049e4296d4c5b0c95fa55e41c06da69b.jpg,0,5.37,0,3
Roboflow_Classifier_train_178A3598_jpg.rf.16c2715391a5bca4c0c420c151b6ab11.jpg,2,13.82,0,8
Roboflow_Classifier_train_178A3598_jpg.rf.42a410c3ff2499492ee1a21ce31a786d.jpg,2,4.6,0,4
Roboflow_Classifier_train_178A3599_jpg.rf.1857f9c9da67f0722e687e48a481f6e6.jpg,1,8.99,0,6
Roboflow_Classifier_train_178A3599_jpg.rf.204ff64d2fa199761645c90bb1d6f503.jpg,0,9.63,0,6
Roboflow_Classifier_train_178A3599_jpg.rf.df3331ece1817aaa930bb2c10c56cb4b.jpg,1,3.34,0,4
Roboflow_Classifier_train_178A3605_jpg.rf.716e83819dbd2bdb9d683d0f5e8777aa.jpg,2,34.62,0,7
Roboflow_Classifier_train_178A3605_jpg.rf.985cad25b711c44cd8091a83239710f5.jpg,1,5.0,0,6
Roboflow_Classifier_train_178A3605_jpg.rf.c1c4a87f902a887261e7438993b6ae89.jpg,2,1.6,0,9
Roboflow_Classifier_train_178A3606_jpg.rf.5b3b09cb4fd878adc724f83321cd93e1.jpg,1,1.25,0,9
Roboflow_Classifier_train_178A3606_jpg.rf.6f7645b2209c8a7df522d38f72737e8a.jpg,2,5.69,0,6
Roboflow_Classifier_train_178A3606_jpg.rf.f15a7f72887131d7bdf8d25fe8f117f9.jpg,2,29.24,0,2
Roboflow_Classifier_train_178A3607_jpg.rf.5b7e3dc7a39be5280964cd6981190fef.jpg,2,5.44,0,3
Roboflow_Classifier_train_178A3607_jpg.rf.e7fe21b53bd705c249b63450a3449347.jpg,2,18.56,0,8
Roboflow_Classifier_train_178A3607_jpg.rf.ef356ae93fe2f02a70b87fe941280b92.jpg,2,16.29,0,7
Roboflow_Classifier_train_178A3619_jpg.rf.125a214e74f7763607fe0344ccb63bc0.jpg,2,3.06,0,0
Roboflow_Classifier_train_178A3619_jpg.rf.17d231e7be5b34adee647759b22e6aa9.jpg,2,26.46,0,1
Roboflow_Classifier_train_178A3619_jpg.rf.34fe79dc53d24362dcc199514e3ecbc0.jpg,1,4.51,0,0
Roboflow_Classifier_train_178A3627_jpg.rf.9c4bc4b6f9d2bceb70665371f558443d.jpg,2,10.24,0,6
Roboflow_Classifier_train_178A3627_jpg.rf.d50b4cbd2e6d399e42583730b0b3a1ea.jpg,1,17.87,0,8
Roboflow_Classifier_train_178A3627_jpg.rf.deb696a5370d49c8e8ed3fcb08a713e3.jpg,2,11.06,0,8
Roboflow_Classifier_train_178A3653_jpg.rf.3200b4ed661e623af7845ef2e87213ec.jpg,2,23.37,0,7
Roboflow_Classifier_train_178A3653_jpg.rf.9fc2ba0128006c62a851532ca3fff35b.jpg,3,27.0,0,2
Roboflow_Classifier_train_178A3653_jpg.rf.c2b38a1c5f6c8a4e7107dce069541aaf.jpg,2,4.6,0,4
Roboflow_Classifier_train_178A3655_jpg.rf.1cd26ab8a067086cf75223efcc23de98.jpg,1,22.22,0,8
Roboflow_Classifier_train_178A3655_jpg.rf.5992c9132e7c1614b642f914e6c5b7b7.jpg,2,13.5,0,1
Roboflow_Classifier_train_178A3655_jpg.rf.a5f1a7abd927d4046f49739cfd63b670.jpg,2,2.76,0,3
Roboflow_Classifier_train_178A3657_jpg.rf.274b80bc856f8f65f9aea6b5014b5f5f.jpg,1,2.22,0,0
Roboflow_Classifier_train_178A3657_jpg.rf.c3a5f4e481be8abbd14f147408cf97e1.jpg,2,23.55,0,1
Roboflow_Classifier_train_178A3657_jpg.rf.c4b2a63ac4db6ad91ae5dc4b33ec265d.jpg,3,9.36,0,6
Roboflow_Classifier_train_178A3658_jpg.rf.a26303d04b5361e58b71dd86fbbdf588.jpg,0,5.44,0,3
Roboflow_Classifier_train_178A3658_jpg.rf.ab852cc581523c057df4df7dfd73904d.jpg,1,2.38,0,9
Roboflow_Classifier_train_178A3658_jpg.rf.e24d97cdeb20bf0f310199f108fa0759.jpg,2,19.68,0,5
Roboflow_Classifier_train_178A3659_jpg.rf.6d92475f6eb46fd692378d3c9116b69f.jpg,2,22.76,0,8
Roboflow_Classifier_train_178A3659_jpg.rf.90689de5d595e86eda705d6c91f41eb2.jpg,0,32.99,0,2
Roboflow_Classifier_train_178A3659_jpg.rf.d86002615aa982b25c9e888037ba5ce8.jpg,3,1.78,0,4
Roboflow_Classifier_train_178A3660_jpg.rf.194ec87309e869386b6ec27f2c2f25a6.jpg,2,16.91,0,8
Roboflow_Classifier_train_178A3660_jpg.rf.ce7ac859fea2e8858682391760680fc5.jpg,2,10.0,0,1
Roboflow_Classifier_train_178A3660_jpg.rf.f746b26edd6526738a79d88cb17038d8.jpg,2,4.17,0,4
Roboflow_Classifier_train_178A3661_jpg.rf.62ce2520ad4cec34379059584e88503f.jpg,2,1.47,0,9
Roboflow_Classifier_train_178A3661_jpg.rf.6486b701943f98be2fe33cd0c02bf58b.jpg,0,23.38,0,7
Roboflow_Classifier_train_178A3661_jpg.rf.dabc6858c942dde74bb4582c83954042.jpg,2,4.87,0,4
Roboflow_Classifier_train_178A3664_jpg.rf.2b5e253535e00d4e33ecc5dbae037b42.jpg,2,23.62,0,2
Roboflow_Classifier_train_178A3664_jpg.rf.2f8734e4951e0cf47b0e5d518f90752c.jpg,3,2.82,0,0
Roboflow_Classifier_train_178A3664_jpg.rf.9bf4b21fdb039f49effb94b007b1fc0e.jpg,1,6.36,0,3
Roboflow_Classifier_train_178A3666_jpg.rf.005a1ca9fe44ca17414035b0a2940e7a.jpg,1,14.93,0,1
Roboflow_Classifier_train_178A3666_jpg.rf.29618779f15c742e3bcde031e5ebe04a.jpg,2,3.69,0,0
Roboflow_Classifier_train_178A3666_jpg.rf.b30989d387124e2b13db4f18d81bda37.jpg,3,23.36,0,2
Roboflow_Classifier_train_178A3667_jpg.rf.0a7fdcc5219f36420bc1e934457bff63.jpg,2,10.0,0,7
Roboflow_Classifier_train_178A3667_jpg.rf.157d8102d4f1d888666e4eacf1200884.jpg,2,37.89,0,2
Roboflow_Classifier_train_178A3667_jpg.rf.50b77ba692aa67b1252933084228c6d7.jpg,1,25.78,0,8
Roboflow_Classifier_train_178A3669_jpg.rf.122b13d932ba561b94c5c3bb15cfcf70.jpg,1,3.23,0,3
Roboflow_Classifier_train_178A3669_jpg.rf.6ec53bbfb0b8d9140d3c7fcc9dc3e2e6.jpg,2,2.47,0,9
Roboflow_Classifier_train_178A3669_jpg.rf.9e9c239d02b9f51533af2ad4978f5f45.jpg,3,2.84,0,0
Roboflow_Classifier_train_179A3484_jpg.rf.befc076c0fa693484daa25f0c2ff457c.jpg,2,5.0,0,6
Roboflow_Classifier_train_179A3484_jpg.rf.dbcd0b2eada8a3b686bf5228e6727c91.jpg,2,10.15,0,6
Roboflow_Classifier_train_179A3484_jpg.rf.de88e8f70b8f9f83c88ac624544fa15f.jpg,2,4.74,0,0
Roboflow_Classifier_train_179A3510_jpg.rf.bf8e33bc98b00dd45e1cc7aec07eed44.jpg,0,19.37,0,1
Roboflow_Classifier_train_179A3510_jpg.rf.d7f3b3ef17aaa19dca7f3ee1f255e545.jpg,0,25.98,0,1
Roboflow_Classifier_train_179A3510_jpg.rf.ecc95358f0e4e8b95a4794963bf2e5db.jpg,2,5.0,0,6
Roboflow_Classifier_train_179A3556_jpg.rf.2e5a358db6c71bd337efd93ac2c27cac.jpg,2,1.16,0,9
Roboflow_Classifier_train_179A3556_jpg.rf.9178ed46a3a75372061ce7301f351371.jpg,1,20.53,0,8
Roboflow_Classifier_train_179A3556_jpg.rf.fc61de9198a595179b4d45642b87b006.jpg,2,8.89,0,6
Roboflow_Classifier_train_179A3607_jpg.rf.1c1872f40c3937ca4baf32dd24c6652c.jpg,2,18.18,0,6
Roboflow_Classifier_train_179A3607_jpg.rf.53115d7a65fc67e0337e8355b25b1a4c.jpg,3,27.12,0,1
Roboflow_Classifier_train_179A3607_jpg.rf.9aeb54b3fe9b7f4a5a95f60ae440f031.jpg,2,5.5,0,3
Roboflow_Classifier_train_179A3611_jpg.rf.0a9f038321738e6df5eda7d6ef586c3f.jpg,2,34.56,0,1
Roboflow_Classifier_train_179A3611_jpg.rf.0cc1fbc3fa4861be57509bc181c145ad.jpg,1,3.03,0,4
Roboflow_Classifier_train_179A3611_jpg.rf.d7527417a5bf212cfba57a660aa65610.jpg,1,29.66,0,2
Roboflow_Classifier_train_179A3634_jpg.rf.00d02acc4cb366aad387f85e373ff5c7.jpg,2,11.4,0,5
Roboflow_Classifier_train_179A3634_jpg.rf.24c07effc6ec859fafb42594fc476c57.jpg,2,23.17,0,8
Roboflow_Classifier_train_179A3634_jpg.rf.2891261dfcd41bc3c9e0aa90b9eb121c.jpg,2,10.46,0,6
Roboflow_Classifier_train_179A3642_jpg.rf.1379d19d2f79787c37f6de4ed36cc62a.jpg,3,7.76,0,6
Roboflow_Classifier_train_179A3642_jpg.rf.c5498d6db72d4e157d36e1e91353975c.jpg,2,15.38,0,5
Roboflow_Classifier_train_179A3642_jpg.rf.eaeb76093ae25cc29c1b2b4e5eb917dd.jpg,2,19.49,0,1
Roboflow_Classifier_train_179A3643_jpg.rf.09e311504ff70fc9260999e25d99149c.jpg,2,17.16,0,8
Roboflow_Classifier_train_179A3643_jpg.rf.d05c0d8b395e64c322fbe2811f4850d0.jpg,2,2.26,0,4
Roboflow_Classifier_train_179A3643_jpg.rf.db016ad04ffa45f7ec335e6b774f1981.jpg,2,22.38,0,1
Roboflow_Classifier_train_179A3644_jpg.rf.41eacd6d85b944ac8783ac74c051c524.jpg,2,54.63,0,2
Roboflow_Classifier_train_179A3644_jpg.rf.8a5fe20b821237cf29f88171365d91ed.jpg,2,3.6,0,4
Roboflow_Classifier_train_179A3644_jpg.rf.a06065736bb43dab0628af103963e861.jpg,2,10.0,0,2
Roboflow_Classifier_train_179A3647_jpg.rf.c9acc88aa66e4dc3b32cc5c40a4e5a07.jpg,1,13.39,0,8
Roboflow_Classifier_train_179A3647_jpg.rf.da7b54f44476c96396bbea458041e592.jpg,2,22.45,0,7
Roboflow_Classifier_train_179A3647_jpg.rf.edb4c0309c3a1e53f1285738ce2a48ad.jpg,3,25.99,0,8
Roboflow_Classifier_train_179A3648_jpg.rf.925659e98dd420b980125d8369b59020.jpg,2,0.96,0,9
Roboflow_Classifier_train_179A3648_jpg.rf.cf3cf72b3bf0445b1c94e357d9ed0bce.jpg,2,16.53,0,5
Roboflow_Classifier_train_179A3648_jpg.rf.d7eebac70393e739d8162ab514db1cb0.jpg,1,1.67,0,9
Roboflow_Classifier_train_179A3653_jpg.rf.11509a2b5c4ef359ffc0bb67e582f15b.jpg,1,19.6,0,1
Roboflow_Classifier_train_179A3653_jpg.rf.1d1d9e545af89f8038d9d88ce82acc69.jpg,2,30.15,0,2
Roboflow_Classifier_train_179A3653_jpg.rf.d22455a29b4ba4247a431034742ed62b.jpg,1,38.36,0,2
Roboflow_Classifier_train_179A3658_jpg.rf.1381e188cac6932b7182e9f842e61f0d.jpg,1,1.79,0,9
Roboflow_Classifier_train_179A3658_jpg.rf.881084a98ce830cabf5fdfcd28e27c7a.jpg,2,11.71,0,5
Roboflow_Classifier_train_179A3658_jpg.rf.d766ad90d70178531b540eb101a558a9.jpg,3,14.67,0,5
Roboflow_Classifier_train_179A3661_jpg.rf.114724ee60fd33e8b4c4f200efba28af.jpg,3,8.0,0,8
Roboflow_Classifier_train_179A3661_jpg.rf.57c595487b0b333a20b68df041b41144.jpg,1,22.01,0,1
Roboflow_Classifier_train_179A3661_jpg.rf.f872089490a3085095941e5e959957af.jpg,1,3.61,0,4
Roboflow_Classifier_train_179A3665_jpg.rf.25675f3f99960bd41667b928aeab392f.jpg,2,45.5,0,2
Roboflow_Classifier_train_179A3665_jpg.rf.32068e10aa7c343eb3f6cd3ab23859c9.jpg,2,1.09,0,9
Roboflow_Classifier_train_179A3665_jpg.rf.f92cb41774c6edd7c3fce998964c913b.jpg,2,1.0,0,3
Roboflow_Classifier_train_179A3667_jpg.rf.a6c186eacb93c5561945a7f78f28bafa.jpg,2,2.38,0,4
Roboflow_Classifier_train_179A3667_jpg.rf.bfb0f12f2f3b30d61e20e2cbf67ed3d0.jpg,1,30.38,0,1
Roboflow_Classifier_train_179A3667_jpg.rf.c0e1c595ee719ab3066972d0450a544d.jpg,2,16.97,0,8
Roboflow_Classifier_train_179A3669_jpg.rf.2b62d6abcadb30d4d3f428ea33e27cfd.jpg,2,9.39,0,0
Roboflow_Classifier_train_179A3669_jpg.rf.6bb93be08eef253675a960cd9b5ce040.jpg,0,24.97,0,8
Roboflow_Classifier_train_179A3669_jpg.rf.98d34d8f35d22191a57be34768f5cab7.jpg,2,56.48,0,2
Roboflow_Classifier_train_179A3670_jpg.rf.7598c872eba85adf28bec80806842c5f.jpg,2,10.51,0,6
Roboflow_Classifier_train_179A3670_jpg.rf.a23bede85185f7d5152214d6068859dc.jpg,2,22.82,0,5
Roboflow_Classifier_train_179A3670_jpg.rf.ba297f95e05872180c0a8f6cc3481f9f.jpg,0,0.64,0,9
Roboflow_Classifier_train_179A3671_jpg.rf.46e9ee079c7630f2378a8ce4b479e8ce.jpg,2,15.97,0,1
Roboflow_Classifier_train_179A3671_jpg.rf.8a6d5bac9a7bb501b1958012224d2997.jpg,2,4.91,0,3
Roboflow_Classifier_train_179A3671_jpg.rf.954f9a3067121033b17abee464c0503a.jpg,0,1.55,0,9
Roboflow_Classifier_train_179A3672_jpg.rf.9566b70c5a31a7af22c4a3493083db84.jpg,1,40.37,0,2
Roboflow_Classifier_train_179A3672_jpg.rf.d10590184cc65b49cb6d84c0fe4f12f0.jpg,1,18.33,0,5
Roboflow_Classifier_train_179A3672_jpg.rf.de34320bf3e7a7261990f463f3c8d7f1.jpg,1,20.12,0,8
Roboflow_Classifier_train_179A3673_jpg.rf.25102218faff0852c884af0f7a1a781f.jpg,2,18.92,0,5
Roboflow_Classifier_train_179A3673_jpg.rf.79568eeaba18a259ccd94a82d934fffb.jpg,2,26.07,0,8
Roboflow_Classifier_train_179A3673_jpg.rf.e0e36e24822a51af146f1bb075849dd6.jpg,2,17.09,0,7
Roboflow_Classifier_train_179A3674_jpg.rf.01a6b001c9833cd0284ab3df3b91f375.jpg,0,3.5,0,0
Roboflow_Classifier_train_179A3674_jpg.rf.8a3c90dce6ab0aca9dcd6d12aad058cd.jpg,1,4.25,0,0
Roboflow_Classifier_train_179A3674_jpg.rf.a19199989a841715f8df8c828ac7f34c.jpg,3,2.71,0,4
Roboflow_Classifier_train_179A3675_jpg.rf.a70ab5891d7b6afc0910b21a9a24dd17.jpg,2,1.5,0,4
Roboflow_Classifier_train_179A3675_jpg.rf.a77be087b7514b93647d88775165bb96.jpg,1,6.49,0,3
Roboflow_Classifier_train_179A3675_jpg.rf.dd2b5189f0e86f09f969398600ea4b50.jpg,2,16.74,0,5
Roboflow_Classifier_train_180A3890_jpg.rf.90af58df05f149eda82f647eb38082db.jpg,1,3.65,0,0
Roboflow_Classifier_train_180A3890_jpg.rf.bedd58038d3b07aa845450c69df53e1d.jpg,0,3.0,0,0
Roboflow_Classifier_train_180A3890_jpg.rf.d8bcf854d5a801ad6da807969a48f4b2.jpg,2,17.53,0,8
Roboflow_Classifier_train_180A3910_jpg.rf.255a93a29edb8606e77fbad0237a5909.jpg,1,5.0,0,6
Roboflow_Classifier_train_180A3910_jpg.rf.532c62afc1cd40385a22ecca1fef02f6.jpg,2,3.78,0,0
Roboflow_Classifier_train_180A3910_jpg.rf.8e078cf0746837cc9ad656249c35d26d.jpg,2,28.36,0,7
Roboflow_Classifier_train_180A4020_jpg.rf.37565349cb05c0e6763dd427bf7c930c.jpg,2,7.06,0,0
Roboflow_Classifier_train_180A4020_jpg.rf.54e5f1949baff2f7538a7eec33f287e8.jpg,1,5.6,0,4
Roboflow_Classifier_train_180A4020_jpg.rf.f6d6e060f66c6aa4a0a4d35cdcba9be8.jpg,2,4.2,0,0
Roboflow_Classifier_train_180A4106_jpg.rf.721d2027cea57fb171fa971c85464360.jpg,3,11.62,0,6
Roboflow_Classifier_train_180A4106_jpg.rf.753d7da2d8a6455f6c8d67f4ba9ab7c1.jpg,2,1.87,0,9
Roboflow_Classifier_train_180A4106_jpg.rf.cb11276b1fb09cb1f8a9d2a7d172485c.jpg,0,3.58,0,0
Roboflow_Classifier_train_180A4112_jpg.rf.3c3d436a528e8ff2dd0521cb39b86b13.jpg,2,3.96,0,4
Roboflow_Classifier_train_180A4112_jpg.rf.444a5cf4f627932e818edd0708b97bab.jpg,3,30.04,0,2
Roboflow_Classifier_train_180A4112_jpg.rf.93e5333dc2ad55f6dd30ef97793cabeb.jpg,1,61.37,0,2
Roboflow_Classifier_train_180A4216_jpg.rf.1cdba88cbb8e2b12a72c7e1f517bd663.jpg,1,3.81,0,3
Roboflow_Classifier_train_180A4216_jpg.rf.c8353676bb46c9d35a3a5ae5d8705681.jpg,1,5.61,0,4
Roboflow_Classifier_train_180A4216_jpg.rf.efa4ff5da5e648005103aaaa0b929c17.jpg,1,5.08,0,4
Roboflow_Classifier_train_180A4222_jpg.rf.2dd4e7c2358dccbe967ad0be653fa00b.jpg,2,32.33,0,1
Roboflow_Classifier_train_180A4222_jpg.rf.91e3d4ce75ade7f39fd662523cd63e8d.jpg,2,1.84,0,0
Roboflow_Classifier_train_180A4222_jpg.rf.fd6988ec420353ee6cf643c6e07abce1.jpg,2,44.94,0,2
Roboflow_Classifier_train_180A4251_jpg.rf.17d269aa994b481ac52abf349cdf3b48.jpg,1,2.5,0,4
Roboflow_Classifier_train_180A4251_jpg.rf.40fb1173e79fb2e60163561b775b7539.jpg,1,3.98,0,4
Roboflow_Classifier_train_180A4251_jpg.rf.b5ef7ba42630432f09a4aad2ddbe03a3.jpg,2,18.5,0,6
Roboflow_Classifier_train_180A4268_jpg.rf.1b653d7fbed7c67f44745d316d00f3a2.jpg,0,1.5,0,0
Roboflow_Classifier_train_180A4268_jpg.rf.9520008e14b1cf7efee6ac7ca8aaedbd.jpg,2,1.73,0,9
Roboflow_Classifier_train_180A4268_jpg.rf.e68873c514cbf2f8f9041978f359e52a.jpg,1,29.65,0,2
Roboflow_Classifier_train_180A4271_jpg.rf.563ab510492566a011604147bf0b1383.jpg,2,1.71,0,9
Roboflow_Classifier_train_180A4271_jpg.rf.61284d1e04efde0bc3be23fbab574f08.jpg,2,5.81,0,6
Roboflow_Classifier_train_180A4271_jpg.rf.e7172b97c0ebc7121c14ae8e79bccd90.jpg,2,10.0,0,1
Roboflow_Classifier_train_180A4272_jpg.rf.183163e5fbbde0c6bf9a351a65add72e.jpg,2,13.16,0,7
Roboflow_Classifier_train_180A4272_jpg.rf.82f4926128de18e90082b1b174f1bc55.jpg,1,11.74,0,1
Roboflow_Classifier_train_180A4272_jpg.rf.d73a21a5eac65988618198f2b7aa252d.jpg,2,5.65,0,3
Roboflow_Classifier_train_180A4273_jpg.rf.1cb757bd074cedfd58440f00d8c09039.jpg,2,4.8,0,0
Roboflow_Classifier_train_180A4273_jpg.rf.5cc06bc55b849addcdf554ff2ecc3204.jpg,0,2.24,0,9
Roboflow_Classifier_train_180A4273_jpg.rf.a474c9226971f2b7dae6bbe110b1ec21.jpg,2,18.2,0,7
Roboflow_Classifier_train_180A4285_jpg.rf.7685c583ad501d8fc4c54603db22711f.jpg,1,34.05,0,7
Roboflow_Classifier_train_180A4285_jpg.rf.8f5a545cd7765e461ca3c98f6747b8d6.jpg,1,3.53,0,0
Roboflow_Classifier_train_180A4285_jpg.rf.fbc696d36ae2069adecf2a91dea86260.jpg,3,1.14,0,9
Roboflow_Classifier_train_180A4289_jpg.rf.29c815fc89ef373fdb1a9fc52fcc22c0.jpg,2,28.21,0,2
Roboflow_Classifier_train_180A4289_jpg.rf.91c41ae2d369959f55ed0b9ad7bd058a.jpg,0,24.63,0,7
Roboflow_Classifier_train_180A4289_jpg.rf.cb0b8667b70b35fac4dc9b8b40300d2f.jpg,2,4.81,0,0
Roboflow_Classifier_train_180A4291_jpg.rf.6fe66318d5cf04b62fdacec3bdaa7bfa.jpg,1,32.02,0,2
Roboflow_Classifier_train_180A4291_jpg.rf.83248b60326b34431e26326494316fe7.jpg,2,18.89,0,5
Roboflow_Classifier_train_180A4291_jpg.rf.e15e33c90eeb27f83e1c7a66607183fe.jpg,2,2.0,0,4
Roboflow_Classifier_train_181A11002_jpg.rf.0cb081e5794f29aae47b900f63e3fd5d.jpg,1,14.67,0,8
Roboflow_Classifier_train_181A11002_jpg.rf.35e6315d0730651d958d06de75691b4e.jpg,1,24.47,0,7
Roboflow_Classifier_train_181A11002_jpg.rf.f1c9fdb893207efb61203198f65f4290.jpg,2,3.4,0,0
Roboflow_Classifier_train_181A11406_jpg.rf.30e0330f9ccdc80e78f1f006228f10dd.jpg,2,2.56,0,3
Roboflow_Classifier_train_181A11406_jpg.rf.4448b9e65b1fb8ac1730c21dd33328a4.jpg,2,1.82,0,9
Roboflow_Classifier_train_181A11406_jpg.rf.6bc9315d977bea8a5d69add62f244132.jpg,2,24.01,0,2
Roboflow_Classifier_train_181A11476_jpg.rf.57a56f9cb5f43b1c42b4f6e60be80b12.jpg,2,8.0,0,8
Roboflow_Classifier_train_181A11476_jpg.rf.b84c5908a7eeb51cc7d7903a497d6ba9.jpg,2,21.81,0,1
Roboflow_Classifier_train_181A11476_jpg.rf.c8771975792572fc27f3abdaa20c6a0e.jpg,2,6.97,0,0
Roboflow_Classifier_train_181A11594_jpg.rf.1f3a36ad3f6068b9ed9193346838d7a7.jpg,0,44.86,0,2
Roboflow_Classifier_train_181A11594_jpg.rf.7866b872250e04f788d767516890e5fd.jpg,2,13.51,0,8
Roboflow_Classifier_train_181A11594_jpg.rf.f6c17f4250c4b8ba3371fab3dc78b69c.jpg,0,25.33,0,7
Roboflow_Classifier_train_181A11642_jpg.rf.4e4744702016f16448c1c3e33e09ef06.jpg,2,28.02,0,7
Roboflow_Classifier_train_181A11642_jpg.rf.7d7af08b224960b9c6da4ad8fa7550f1.jpg,2,16.52,0,5
Roboflow_Classifier_train_181A11642_jpg.rf.c4749daf5739c6b6d7cf4f011f5bbed7.jpg,2,4.76,0,4
Roboflow_Classifier_train_181A11643_jpg.rf.019599b0dceb17debb29c8dc68fb9048.jpg,2,12.11,0,6
Roboflow_Classifier_train_181A11643_jpg.rf.0fbaec02ee0cd11ef09a5cafc1427ffc.jpg,1,1.84,0,9
Roboflow_Classifier_train_181A11643_jpg.rf.1926766d02cc43cf7b0dfd92fc77756f.jpg,1,23.39,0,7
Roboflow_Classifier_train_181A11802_jpg.rf.0ddefbf874b9549494e990778148d348.jpg,3,6.45,0,0
Roboflow_Classifier_train_181A11802_jpg.rf.60ceb2dabf21c5983389d10b0dc73631.jpg,3,1.84,0,9
Roboflow_Classifier_train_181A11802_jpg.rf.d89e83c0dccd9895739c121a72b39680.jpg,2,2.72,0,0
Roboflow_Classifier_train_181A11829_jpg.rf.137c5a26d292af527cd91be27d8cb894.jpg,2,3.2,0,4
Roboflow_Classifier_train_181A11829_jpg.rf.4da2074155d6ac1d0fbcd005794e4fdb.jpg,1,4.63,0,3
Roboflow_Classifier_train_181A11829_jpg.rf.c03a10e5e75a677e7d4047871d4a51ce.jpg,2,13.46,0,5
Roboflow_Classifier_train_181A11856_jpg.rf.89938643f5f1c287190a12cc1d6cd1a4.jpg,3,22.7,0,6
Roboflow_Classifier_train_181A11856_jpg.rf.c36ef87ea3da97b0cf15c86fb922eb6d.jpg,2,27.64,0,5
Roboflow_Classifier_train_181A11856_jpg.rf.f5da947a848451ef9899234f407a6cc1.jpg,0,1.69,0,4
Roboflow_Classifier_train_181A11863_jpg.rf.256d8d16984e7030355ffaf78828a643.jpg,2,28.9,0,1
Roboflow_Classifier_train_181A11863_jpg.rf.bd5337b882bba819f79203a33bd4aa50.jpg,3,0.96,0,9
Roboflow_Classifier_train_181A11863_jpg.rf.d543cd61d32e8329e3433bdce6ce47c1.jpg,1,31.84,0,2
Roboflow_Classifier_train_181A11926_jpg.rf.a3950f2350d2ee54fa48a101ad90c9cb.jpg,0,3.37,0,3
Roboflow_Classifier_train_181A11926_jpg.rf.a6cecebb87dd839de3f305d13a5ef733.jpg,1,25.24,0,8
Roboflow_Classifier_train_181A11926_jpg.rf.c81c895bf885ca886822d489380c6a94.jpg,3,8.17,0,5
Roboflow_Classifier_train_181A11934_jpg.rf.23cbddf1ee0aa8e56e17b9da0f72d9cc.jpg,2,28.83,0,1
Roboflow_Classifier_train_181A11934_jpg.rf.527806b5cfa3d9abef2d6961f939eb97.jpg,2,5.58,0,6
Roboflow_Classifier_train_181A11934_jpg.rf.607ad4a99980f293a385a07671faa72d.jpg,1,21.39,0,8
Roboflow_Classifier_train_181A11937_jpg.rf.a922958c472df59188ca63aa9892793f.jpg,2,5.0,0,6
Roboflow_Classifier_train_181A11937_jpg.rf.d3bf8481ff8738dcc498d807f925f619.jpg,1,5.0,0,6
Roboflow_Classifier_train_181A11937_jpg.rf.d77209fb212d3fb6c62bb387866224e2.jpg,2,3.69,0,3
Roboflow_Classifier_train_181A11961_jpg.rf.0fad3e3b77604cd4a388295c7ac33f1b.jpg,0,3.2,0,3
Roboflow_Classifier_train_181A11961_jpg.rf.321ab8e095e16712275c9e418d126a32.jpg,0,34.29,0,7
Roboflow_Classifier_train_181A11961_jpg.rf.b1207a8837817cbfac727c8227d8ad3e.jpg,2,31.11,0,2
Roboflow_Classifier_train_181A11966_jpg.rf.662f00030da7d765cc1b66929011ada7.jpg,2,7.07,0,5
Roboflow_Classifier_train_181A11966_jpg.rf.6ea19063d011f847b6faf33119b30c81.jpg,2,7.16,0,0
Roboflow_Classifier_train_181A11966_jpg.rf.fecf389d95c4b538798405e5210e2eb9.jpg,2,1.7,0,9
Roboflow_Classifier_train_181A11979_jpg.rf.1fc80c22f3f339de5f5c29870a2bb094.jpg,2,26.47,0,8
Roboflow_Classifier_train_181A11979_jpg.rf.63f01e6dc35b3741b4cafa6c1fb65e96.jpg,1,17.76,0,5
Roboflow_Classifier_train_181A11979_jpg.rf.e25a9c2d0e9cf62e27e379fe550feaf8.jpg,2,5.63,0,0
Roboflow_Classifier_train_181A11980_jpg.rf.1448f81921db19ba94aa9c4ed922ed63.jpg,1,32.18,0,2
Roboflow_Classifier_train_181A11980_jpg.rf.38ba6372a15339a9e25e5c5f0b535d99.jpg,2,13.71,0,6
Roboflow_Classifier_train_181A11980_jpg.rf.e498e07ca83b0262f6aa764411bb0150.jpg,2,1.3,0,9
Roboflow_Classifier_train_181A11993_jpg.rf.b4ba1dbbad050dc5431b7cf48d525edf.jpg,1,20.88,0,7
Roboflow_Classifier_train_181A11993_jpg.rf.daf47b6ac30544d4864eee44f1ba1f10.jpg,2,3.33,0,3
Roboflow_Classifier_train_181A11993_jpg.rf.dbee6381d8f1aad0ec8925c6996b5d1c.jpg,2,37.75,0,1
Roboflow_Classifier_train_181A12006_jpg.rf.0108466b68679b287a00dac8c618aaf0.jpg,2,7.88,0,0
Roboflow_Classifier_train_181A12006_jpg.rf.4fb6dc7d7be6b3c88b80f1d579da741c.jpg,3,29.31,0,7
Roboflow_Classifier_train_181A12006_jpg.rf.b0bc3c29e3dfe83ce92679c60b6c5e06.jpg,2,3.5,0,3
Roboflow_Classifier_train_181A12010_jpg.rf.240fcb28feb93ef30e31058fdd16165c.jpg,2,22.31,0,8
Roboflow_Classifier_train_181A12010_jpg.rf.499e22736b7cf3d157aeaa5188c39eb4.jpg,1,18.65,0,1
Roboflow_Classifier_train_181A12010_jpg.rf.def852ee8f99f1f631f08b16aad3fcba.jpg,2,12.01,0,6
Roboflow_Classifier_train_181A12013_jpg.rf.224add2cacc3ab29dcebb876a3168af0.jpg,2,5.91,0,3
Roboflow_Classifier_train_181A12013_jpg.rf.49789a5aceda249d244d6b56626c1dbd.jpg,3,0.83,0,9
Roboflow_Classifier_train_181A12013_jpg.rf.da5d633d4464d877b9960c6575264d6b.jpg,3,31.92,0,7
Roboflow_Classifier_train_181A12014_jpg.rf.2cb8e28d4b2aeff385986e5bb93f5445.jpg,2,3.97,0,4
Roboflow_Classifier_train_181A12014_jpg.rf.5ab156f7ac2f87073d8a91d46697e118.jpg,1,22.32,0,5
Roboflow_Classifier_train_181A12014_jpg.rf.7f6e500cfdcf92abfefcb14521c7422f.jpg,2,20.62,0,8
Roboflow_Classifier_train_181A12018_jpg.rf.14a47e4c81696da9daca384bbf79d521.jpg,2,33.28,0,2
Roboflow_Classifier_train_181A12018_jpg.rf.39b2428951fd4ce988ff9c0d35b64cc8.jpg,1,1.7,0,0
Roboflow_Classifier_train_181A12018_jpg.rf.8611b65caaf46cacee904b0095badc4a.jpg,2,6.76,0,3
Roboflow_Classifier_train_181A12022_jpg.rf.3b0a811eadeaaa3a1a0740c5282eb9ce.jpg,0,5.63,0,4
Roboflow_Classifier_train_181A12022_jpg.rf.8e2644bfa808f78de8fb8b3235a6261d.jpg,1,4.69,0,3
Roboflow_Classifier_train_181A12022_jpg.rf.c79bc6463bdccc84ae7244fc3b9fa599.jpg,3,12.45,0,5
Roboflow_Classifier_train_181A12029_jpg.rf.6b7cb1d369ea264769cca78efac3fe7c.jpg,2,1.87,0,9
Roboflow_Classifier_train_181A12029_jpg.rf.965c39e323cf37c2e4da38c0898f5a13.jpg,2,2.27,0,4
Roboflow_Classifier_train_181A12029_jpg.rf.fec82f67f528620ae03f3ea40d19072d.jpg,2,11.52,0,6
Roboflow_Classifier_train_181A12030_jpg.rf.350998859d49f6f0538508f37e03eaa4.jpg,2,38.03,0,1
Roboflow_Classifier_train_181A12030_jpg.rf.3ed4e9e981010fe207da2599008afbf1.jpg,0,26.33,0,8
Roboflow_Classifier_train_181A12030_jpg.rf.436a2ee8b625ba57fbd112806b188af8.jpg,2,16.88,0,5
Roboflow_Classifier_train_181A12031_jpg.rf.59f954df2cb1929aadcd97f3551e6aa8.jpg,0,22.79,0,8
Roboflow_Classifier_train_181A12031_jpg.rf.85c35e9a819d677e18ace40e8bb64ed1.jpg,3,12.85,0,6
Roboflow_Classifier_train_181A12031_jpg.rf.afc325ec2f02fd0a4e653a5442f2f842.jpg,2,11.61,0,6
Roboflow_Classifier_train_181A12033_jpg.rf.90f646d3b756805743f10897fce8e094.jpg,1,25.76,0,7
Roboflow_Classifier_train_181A12033_jpg.rf.9662bd1727c6f53b87527f8b0c06acf2.jpg,2,15.65,0,7
Roboflow_Classifier_train_181A12033_jpg.rf.dd13ba7cb257bdc212ed207b2d80d75f.jpg,2,3.32,0,4
Roboflow_Classifier_train_181A12036_jpg.rf.62127cdec4171e97482e7f97ca515e50.jpg,0,27.47,0,7
Roboflow_Classifier_train_181A12036_jpg.rf.8f3b020dfde09f0262c0e915721e4e28.jpg,2,45.26,0,2
Roboflow_Classifier_train_181A12036_jpg.rf.b0317b4e1b49aa074caca987b7dc0b27.jpg,2,1.48,0,9
Roboflow_Classifier_train_181A12037_jpg.rf.0a7b528b63e13b43527f71b9c8aac3d8.jpg,2,4.58,0,3
Roboflow_Classifier_train_181A12037_jpg.rf.3666908eaa8b9096765cf51e925eb82f.jpg,2,27.97,0,5
Roboflow_Classifier_train_181A12037_jpg.rf.b0b1425589cd1eed61445ba27bb51347.jpg,3,46.13,0,2
Roboflow_Classifier_train_181A12038_jpg.rf.2dd265ea72bb68ed6fe88f16688681bd.jpg,2,1.38,0,9
Roboflow_Classifier_train_181A12038_jpg.rf.4315c2a1f2890493a1fcd76d45376f93.jpg,2,1.5,0,4
Roboflow_Classifier_train_181A12038_jpg.rf.4a14285893e66cb6c32730f228939ee6.jpg,0,10.0,0,7
Roboflow_Classifier_train_181A12040_jpg.rf.2ae0d852518d0c57e7a0139d1d739c18.jpg,2,5.01,0,0
Roboflow_Classifier_train_181A12040_jpg.rf.9cda6316d556c5bf2e4e268217a9f6be.jpg,1,45.56,0,2
Roboflow_Classifier_train_181A12040_jpg.rf.f82f55747d9bd327b18e9db98627afcb.jpg,1,33.04,0,2
Roboflow_Classifier_train_181A12041_jpg.rf.12a61470053326a045299d8324a2a347.jpg,1,2.91,0,4
Roboflow_Classifier_train_181A12041_jpg.rf.1612cb2da9dd1cce14c7a4cfe71a1bfc.jpg,2,24.01,0,6
Roboflow_Classifier_train_181A12041_jpg.rf.270151f6b17905f01c55b73419661623.jpg,2,19.71,0,7
Roboflow_Classifier_train_181A12044_jpg.rf.23ffb613875d6d1966190d4f056f94a2.jpg,2,17.35,0,7
Roboflow_Classifier_train_181A12044_jpg.rf.66442f8833a39cdb11c2956e6e90f65c.jpg,2,13.96,0,5
Roboflow_Classifier_train_181A12044_jpg.rf.889ee6514fe5678ee930808f9b50e0db.jpg,3,5.27,0,0
Roboflow_Classifier_train_181A12047_jpg.rf.d3859bb296cd607371475d605e64b1e9.jpg,2,4.72,0,3
Roboflow_Classifier_train_181A12047_jpg.rf.ed86f553831893f4d0831943d44d1d5c.jpg,3,33.42,0,7
Roboflow_Classifier_train_181A12047_jpg.rf.f81bdd306a60e5b45443c5dfe5856aa2.jpg,2,3.79,0,0
Roboflow_Classifier_train_181A12048_jpg.rf.a8c9390445b88249b8287c627b8b4f8d.jpg,2,4.34,0,0
Roboflow_Classifier_train_181A12048_jpg.rf.abb5f89252cb2d6c84dc668f25c597ea.jpg,2,8.33,0,8
Roboflow_Classifier_train_181A12048_jpg.rf.c2c457938088047f0abc1549d49b0026.jpg,2,5.36,0,6
Roboflow_Classifier_train_181A12050_jpg.rf.85e055378012b7accad03394c12d3cf8.jpg,2,34.9,0,2
Roboflow_Classifier_train_181A12050_jpg.rf.bedd078d3b1d2460cef753691e6da049.jpg,1,3.99,0,4
Roboflow_Classifier_train_181A12050_jpg.rf.ea0e4c82ef5ac8f210c2da609fcc3a21.jpg,2,4.73,0,0
Roboflow_Classifier_train_181A12051_jpg.rf.261255d33b5816c6672508c312d4d32b.jpg,2,3.12,0,3
Roboflow_Classifier_train_181A12051_jpg.rf.54de4fef4acb0fa27a64b48f0aefa72d.jpg,1,5.95,0,3
Roboflow_Classifier_train_181A12051_jpg.rf.9dcb364f331a877e55d6e75aeab3645b.jpg,2,23.61,0,7
Roboflow_Classifier_train_181A12052_jpg.rf.2114a014d835b1ed08be181c85ba054c.jpg,2,4.96,0,0
Roboflow_Classifier_train_181A12052_jpg.rf.b3a0eba7e927bc514f56c52a6d23215b.jpg,2,24.26,0,1
Roboflow_Classifier_train_181A12052_jpg.rf.cf83f6de6a2b8e06df58e56f1c5493c0.jpg,2,25.21,0,7
Roboflow_Classifier_train_182A2642_jpg.rf.ea1f4e9566f089095d6181d99a4d7960.jpg,0,31.34,0,2
Roboflow_Classifier_train_182A2642_jpg.rf.f5cb2464d8deb593dc919a7b98acf48a.jpg,1,6.04,0,4
Roboflow_Classifier_train_182A2642_jpg.rf.f68ca387ea200159ed328842c053905f.jpg,3,5.0,0,6
Roboflow_Classifier_train_182A2659_jpg.rf.6c98f2c6b502c60e28e171e2e05476d3.jpg,2,14.42,0,5
Roboflow_Classifier_train_182A2659_jpg.rf.8e4d0c5d37c48371024be04aadeea0cc.jpg,2,14.76,0,1
Roboflow_Classifier_train_182A2659_jpg.rf.ebb08af9c0de0c43eab6d4fedd1411ec.jpg,2,3.98,0,3
Roboflow_Classifier_train_182A2688_jpg.rf.0052b868b05fe36a0b415accad3ffc91.jpg,2,17.24,0,7
Roboflow_Classifier_train_182A2688_jpg.rf.7fc86833075e42e29b21dc574f95a814.jpg,2,5.8,0,3
Roboflow_Classifier_train_182A2688_jpg.rf.bf060438e018e7cc7ed36c6fd7e37087.jpg,2,11.89,0,5
Roboflow_Classifier_train_182A2691_jpg.rf.37ba9921a48364e6e47fc02eca6f1f32.jpg,2,4.91,0,4
Roboflow_Classifier_train_182A2691_jpg.rf.7912e2d74ae41377644092124c0db603.jpg,2,11.2,0,7
Roboflow_Classifier_train_182A2691_jpg.rf.a2f77fff1b28ad83a9e5bb3559bf1924.jpg,0,13.89,0,8
Roboflow_Classifier_train_182A2780_jpg.rf.8d70b75ea9034fdb6ccaa2cec205e534.jpg,2,4.16,0,3
Roboflow_Classifier_train_182A2780_jpg.rf.d7adaed6e679b4a242c5e1b0124218af.jpg,1,10.48,0,8
Roboflow_Classifier_train_182A2780_jpg.rf.f490be2e4bf81ad2289035efe2c8e4f0.jpg,2,44.11,0,2
Roboflow_Classifier_train_182A2802_jpg.rf.79aa984609b9abaae8159c7858f72b8b.jpg,1,36.41,0,2
Roboflow_Classifier_train_182A2802_jpg.rf.c17d4b8e996d3376e3d34750ca381e55.jpg,1,13.38,0,5
Roboflow_Classifier_train_182A2802_jpg.rf.f033e50f4f3a497656ae07d7b6e9eab7.jpg,2,4.64,0,0
Roboflow_Classifier_train_182A2806_jpg.rf.0f544d34e362083c0672f5783c593879.jpg,2,12.24,0,5
Roboflow_Classifier_train_182A2806_jpg.rf.1e548c4fbf1837619c0c3de2c32aa366.jpg,2,23.08,0,8
Roboflow_Classifier_train_182A2806_jpg.rf.c0ab7c5b0fc11c79c61eafb7baa58fcc.jpg,2,16.15,0,6
Roboflow_Classifier_train_182A2809_jpg.rf.1ef8c02b2fb97ece7a605afc5d220668.jpg,2,36.49,0,1
Roboflow_Classifier_train_182A2809_jpg.rf.95d73bf2d8c81cf6c271afc259a36568.jpg,2,11.63,0,5
Roboflow_Classifier_train_182A2809_jpg.rf.ac5efa89755129292456c1d1afd6806b.jpg,2,3.73,0,3
Roboflow_Classifier_train_182A2815_jpg.rf.2489e45536fcdf5f5900644ddd73141c.jpg,2,4.23,0,3
Roboflow_Classifier_train_182A2815_jpg.rf.5eaf35c71c29ae6b847c00252d0cfd1e.jpg,2,18.78,0,1
Roboflow_Classifier_train_182A2815_jpg.rf.e58a5e7ad9782d82723cc185881047cc.jpg,1,26.22,0,1
Roboflow_Classifier_train_182A2817_jpg.rf.02155824c5eee70d99b34e7bddfac4a8.jpg,2,16.39,0,8
Roboflow_Classifier_train_182A2817_jpg.rf.acaa4f5a8b762cc9e0a3f10a403ad4b5.jpg,0,1.98,0,3
Roboflow_Classifier_train_182A2817_jpg.rf.c1dfa98e16b2904b143b123d227da551.jpg,2,11.05,0,5
Roboflow_Classifier_train_184A1714_jpg.rf.3babc61aad9c78847fe8c666e78d55ba.jpg,2,1.78,0,9
Roboflow_Classifier_train_184A1714_jpg.rf.52677d882e45955e01d7452ef5da8e08.jpg,2,3.32,0,4
Roboflow_Classifier_train_184A1714_jpg.rf.7693d372e449cd888dd20d91ac317277.jpg,2,30.83,0,8
Roboflow_Classifier_train_184A1739_jpg.rf.1de9bdf5de964e94aaa2583027049ca9.jpg,2,5.14,0,4
Roboflow_Classifier_train_184A1739_jpg.rf.ae0198976f262450291f3e9c168c5149.jpg,0,39.95,0,2
Roboflow_Classifier_train_184A1739_jpg.rf.d64b4c2424bc17688b3851760b3023b3.jpg,2,12.81,0,5
Roboflow_Classifier_train_184A1748_jpg.rf.4f1814738d3afd192bf12540893bedcd.jpg,0,5.48,0,3
Roboflow_Classifier_train_184A1748_jpg.rf.cea809b6919ff9bf3bc15f0f96014827.jpg,2,1.94,0,9
Roboflow_Classifier_train_184A1748_jpg.rf.f9d06204e43e251b205b5abee3aebab9.jpg,1,4.15,0,3
Roboflow_Classifier_train_184A1807_jpg.rf.40f4a3df87de7ff814f4189370f26e28.jpg,2,7.09,0,0
Roboflow_Classifier_train_184A1807_jpg.rf.ab0304a1738b4c20a3fa50ded5cea71e.jpg,2,1.2,0,9
Roboflow_Classifier_train_184A1807_jpg.rf.baef715fedaf2e8c49c5715839f602eb.jpg,2,43.17,0,2
Roboflow_Classifier_train_184A1815_jpg.rf.314eacaafe8c96bff76dbdc98d903cab.jpg,2,16.38,0,6
Roboflow_Classifier_train_184A1815_jpg.rf.ae9f16471005762458b92df47421188c.jpg,1,28.24,0,2
Roboflow_Classifier_train_184A1815_jpg.rf.df27b16d1838acaa7689e9ae14e9fce9.jpg,2,10.46,0,5
Roboflow_Classifier_train_184A1817_jpg.rf.694c28ddc0eeb3be90163320f954dd6e.jpg,1,11.58,0,8
Roboflow_Classifier_train_184A1817_jpg.rf.9ea2a5fa04db399a3642768d59db005a.jpg,2,23.76,0,1
Roboflow_Classifier_train_184A1817_jpg.rf.a5868dd19c5978a5a2edbddf31175b32.jpg,2,4.9,0,0
Roboflow_Classifier_train_184A1819_jpg.rf.85bc6572490561369e3bec02cb41cac7.jpg,2,24.9,0,2
Roboflow_Classifier_train_184A1819_jpg.rf.d077e30f3c555ce342ad66d5617174f6.jpg,2,16.68,0,5
Roboflow_Classifier_train_184A1819_jpg.rf.f8dccbc27bffb29182c5c33e5473ac5b.jpg,2,1.87,0,3
Roboflow_Classifier_train_184A1822_jpg.rf.2d9b4f7aa8d8fdbf2b710186ffd088e6.jpg,1,1.25,0,9
Roboflow_Classifier_train_184A1822_jpg.rf.950335965ae71b67e704bcea1953f26c.jpg,2,3.08,0,3
Roboflow_Classifier_train_184A1822_jpg.rf.aba4a8ce7d8d807328e6ef107fe43782.jpg,2,22.99,0,2
Roboflow_Classifier_train_185A2082_jpg.rf.43004e742d74fc1268cc0edea623a2c0.jpg,3,4.22,0,0
Roboflow_Classifier_train_185A2082_jpg.rf.6a155858746068059a4b3d28a7d6a7d8.jpg,1,15.59,0,6
Roboflow_Classifier_train_185A2082_jpg.rf.f002b7c2489b5fa7742b0b2ffac6374f.jpg,1,16.6,0,6
Roboflow_Classifier_train_185A2141_jpg.rf.732a1935cd2fc161a308320fd73fea27.jpg,2,10.0,0,1
Roboflow_Classifier_train_185A2141_jpg.rf.91b5c719478118d4da1575927525676a.jpg,1,3.48,0,4
Roboflow_Classifier_train_185A2141_jpg.rf.92a97dd80892a3385687fb71d667c6a6.jpg,2,2.19,0,4
Roboflow_Classifier_train_185A2177_jpg.rf.33862f151dd54fc622f5a55035152d72.jpg,3,1.15,0,9
Roboflow_Classifier_train_185A2177_jpg.rf.8a8f98d24251d51f8b61592da5b46a9f.jpg,3,4.18,0,3
Roboflow_Classifier_train_185A2177_jpg.rf.c448d5057e8a38c90c2dae2cfe0c9eca.jpg,1,2.9,0,3
Roboflow_Classifier_train_185A2256_jpg.rf.2fc9f3af4b1cdf245d3f29c66353380f.jpg,2,23.87,0,6
Roboflow_Classifier_train_185A2256_jpg.rf.b3d904e600948e9c9a941f4fe5489e9f.jpg,2,9.25,0,5
Roboflow_Classifier_train_185A2256_jpg.rf.e3ada9269be2e6f717746b45489c47f7.jpg,0,33.31,0,2
Roboflow_Classifier_train_185A2274_jpg.rf.5273ed331a40e8efb5ff10b80e99e1db.jpg,2,30.25,0,7
Roboflow_Classifier_train_185A2274_jpg.rf.6893942f8811ee73df01425a86574b42.jpg,1,6.97,0,4
Roboflow_Classifier_train_185A2274_jpg.rf.9c190c155307eb243c9b5740ef503ebb.jpg,2,14.18,0,6
Roboflow_Classifier_train_185A2288_jpg.rf.a98a04ea875f6a4a460eb9f5e9e9a45e.jpg,2,7.94,0,5
Roboflow_Classifier_train_185A2288_jpg.rf.b7053f906ff8625c4ff11e30ebe0202a.jpg,1,30.79,0,7
Roboflow_Classifier_train_185A2288_jpg.rf.ea0e8bf56c4bfed6ec9ee270c55be6b6.jpg,1,26.33,0,6
Roboflow_Classifier_train_185A2290_jpg.rf.2289c2942f766034773d75e91edfe324.jpg,2,8.32,0,8
Roboflow_Classifier_train_185A2290_jpg.rf.42fa47e16b46e74b06147d4f2859a376.jpg,2,7.38,0,0
Roboflow_Classifier_train_185A2290_jpg.rf.d841141eaba69f657f3e81e5255ff864.jpg,2,3.27,0,3
Roboflow_Classifier_train_185A2299_jpg.rf.5b6534cb9d6b7d66d894aa98400fd69a.jpg,1,3.22,0,3
Roboflow_Classifier_train_185A2299_jpg.rf.9cd2804319ae6da8ee09082441d89973.jpg,2,15.28,0,8
Roboflow_Classifier_train_185A2299_jpg.rf.ce6393b7d508a98d314d0af827348216.jpg,2,15.78,0,1
Roboflow_Classifier_train_185A2328_jpg.rf.9ba800dfc3f03e224838205f96798281.jpg,1,5.98,0,3
Roboflow_Classifier_train_185A2328_jpg.rf.d8171738d00f0b422f274f3a064b1ba6.jpg,2,34.63,0,1
Roboflow_Classifier_train_185A2328_jpg.rf.fb7acf62cec2b0c46246c6505d5da329.jpg,2,19.13,0,1
Roboflow_Classifier_train_185A2330_jpg.rf.37dc146135678cfce58e538e89929241.jpg,3,1.5,0,4
Roboflow_Classifier_train_185A2330_jpg.rf.6d360445b21f8cf6df641d2220b04fd8.jpg,2,2.76,0,0
Roboflow_Classifier_train_185A2330_jpg.rf.a04bb989da7b75789893eb031fe26346.jpg,0,16.16,0,6
Roboflow_Classifier_train_185A2332_jpg.rf.2e4f82adc2ed78d4f57fd01aacaacc0b.jpg,2,14.12,0,8
Roboflow_Classifier_train_185A2332_jpg.rf.4404986d7b6dd184634babb64c7546ce.jpg,2,20.61,0,8
Roboflow_Classifier_train_185A2332_jpg.rf.f7821575b1a468e46f91eb360a1efd44.jpg,2,15.73,0,8
Roboflow_Classifier_train_190A10_jpg.rf.588b7690259493d690895e95b2dbd367.jpg,3,25.34,0,8
Roboflow_Classifier_train_190A10_jpg.rf.5adc4d502f93bbf1ebac09b7b2794d3c.jpg,1,44.83,0,2
Roboflow_Classifier_train_190A10_jpg.rf.eaad93762b4eed7328676f892fea76b5.jpg,3,18.91,0,5
Roboflow_Classifier_train_190A11628_jpg.rf.5c17b2a572a206717405e4132ead316b.jpg,1,11.03,0,5
Roboflow_Classifier_train_190A11628_jpg.rf.a003e7fbaf04e69080c3944a87260fa1.jpg,1,31.02,0,8
Roboflow_Classifier_train_190A11628_jpg.rf.cf6b4de4777e4e2c2f9f7151f8665814.jpg,2,17.5,0,5
Roboflow_Classifier_train_190A12436_jpg.rf.a78b2729af367fd0c9fc8ef2c197a275.jpg,3,27.52,0,1
Roboflow_Classifier_train_190A12436_jpg.rf.e663d644ea0fb648adf67e74fa3e14ea.jpg,2,10.0,0,2
Roboflow_Classifier_train_190A12436_jpg.rf.f87119be43d2514fbf0ccb19485ad5ab.jpg,2,8.62,0,5
Roboflow_Classifier_train_190A13734_jpg.rf.2101d14bd962d3522b85f210eaf4333d.jpg,2,38.69,0,1
Roboflow_Classifier_train_190A13734_jpg.rf.660fd25401b0569c50de9144ee776946.jpg,2,22.29,0,7
Roboflow_Classifier_train_190A13734_jpg.rf.affa38df0db16097f8952b9587efec46.jpg,2,22.7,0,8
Roboflow_Classifier_train_190A13829_jpg.rf.1976c5107cf1305d693d15a6e3d55cbf.jpg,3,5.0,0,6
Roboflow_Classifier_train_190A13829_jpg.rf.a63d7532bc5c15e1eef976ddc7431734.jpg,0,13.74,0,5
Roboflow_Classifier_train_190A13829_jpg.rf.cacb43e9582f1d518c767b6b167299b8.jpg,3,2.95,0,3
Roboflow_Classifier_train_190A14_jpg.rf.794f72e5e80e3da088a710769f1e0d6d.jpg,2,1.96,0,9
Roboflow_Classifier_train_190A14_jpg.rf.89ddb0f2d3fae758eee3aec43f9ec164.jpg,2,8.8,0,5
Roboflow_Classifier_train_190A14_jpg.rf.d6aedbe5c01800a34edd8eec90b0db3c.jpg,2,2.52,0,0
Roboflow_Classifier_train_190A18_jpg.rf.323d30b68c7c95df4c1ead300b43fe20.jpg,2,16.83,0,7
Roboflow_Classifier_train_190A18_jpg.rf.64e31816b81f7761a15d741b4c524e93.jpg,2,27.5,0,1
Roboflow_Classifier_train_190A18_jpg.rf.d83cc55459cdf4d3a9e398d971965110.jpg,3,6.56,0,0
Roboflow_Classifier_train_190A20_jpg.rf.5471b65d0eecedef87dd4c89b578c406.jpg,1,4.24,0,0
Roboflow_Classifier_train_190A20_jpg.rf.9adae9a2543560a7e5df07c557549083.jpg,0,2.77,0,4
Roboflow_Classifier_train_190A20_jpg.rf.c060c9b29900a1e3f8a46e6a53266e31.jpg,1,11.25,0,6
Roboflow_Classifier_train_190A21_jpg.rf.8f6985ef4df866d51acd69f6b9aa48be.jpg,2,3.16,0,0
Roboflow_Classifier_train_190A21_jpg.rf.ba1ebe21e303272ce340d322c337f96f.jpg,2,49.15,0,2
Roboflow_Classifier_train_190A21_jpg.rf.f327af7dd907b42aa98b6c5fb0dedd97.jpg,3,1.31,0,9
Roboflow_Classifier_train_190A22_jpg.rf.3e90838f06f97fdcad008f06f7fe66d8.jpg,2,8.7,0,0
Roboflow_Classifier_train_190A22_jpg.rf.45ab145797aa4455dcc5bc7a1cf8ef2d.jpg,2,15.29,0,1
Roboflow_Classifier_train_190A22_jpg.rf.c4b6677a2a5589d70a008520445fb726.jpg,2,11.73,0,5
Roboflow_Classifier_train_190A23_jpg.rf.2d03ed721cd885237c1fa85a94ff5400.jpg,2,23.66,0,1
Roboflow_Classifier_train_190A23_jpg.rf.309ef3c0b1f0cf4026e2c311e2e1e8ab.jpg,2,10.23,0,5
Roboflow_Classifier_train_190A23_jpg.rf.d8e996434b3efa057bc103005506dd09.jpg,2,24.71,0,2
Roboflow_Classifier_train_190A25_jpg.rf.1728b93e33122952511c2e3c4acf7a02.jpg,0,6.47,0,0
Roboflow_Classifier_train_190A25_jpg.rf.b57be62fc1f629f4a3fe162635b282df.jpg,1,26.59,0,7
Roboflow_Classifier_train_190A25_jpg.rf.ebc1ffc68197011fbcb88c81ee76a0c8.jpg,2,4.65,0,0
Roboflow_Classifier_train_190A28_jpg.rf.097ba7cd8f6412976c4686193f4a8d8d.jpg,0,29.65,0,7
Roboflow_Classifier_train_190A28_jpg.rf.4a9581bc121baf608d7926449ccf0e9e.jpg,0,2.71,0,0
Roboflow_Classifier_train_190A28_jpg.rf.75a9003382849610106dd2e41ae21ad4.jpg,1,40.19,0,2
Roboflow_Classifier_train_190A3_jpg.rf.3318286459a50017347587c629b6021c.jpg,2,3.49,0,4
Roboflow_Classifier_train_190A3_jpg.rf.79d946cffcbc5b658ae1859e3d783a9c.jpg,2,16.84,0,1
Roboflow_Classifier_train_190A3_jpg.rf.8a2896f90b85d182137e8bd476e02988.jpg,2,13.91,0,6
Roboflow_Classifier_train_190A4_jpg.rf.3ceb8a364157e29e264553984bda523a.jpg,1,32.15,0,8
Roboflow_Classifier_train_190A4_jpg.rf.794e50e2e34798a255fad26f3840e8f5.jpg,2,5.95,0,3
Roboflow_Classifier_train_190A4_jpg.rf.b8d9edc5b05747caa5192e99fdb1eafb.jpg,0,47.83,0,1
Roboflow_Classifier_train_190A6_jpg.rf.2aa0f74fb958a4ca2dd1288ca8552469.jpg,1,5.16,0,5
Roboflow_Classifier_train_190A6_jpg.rf.361aa13095cb291d499241253f061ae3.jpg,2,1.45,0,9
Roboflow_Classifier_train_190A6_jpg.rf.cd1e324862a9e67c25f105a0f9c0818f.jpg,2,0.7,0,9
Roboflow_Classifier_train_192A10076_jpg.rf.3183b6ba35bd1bd43f1bbbdde2acc460.jpg,1,3.34,0,4
Roboflow_Classifier_train_192A10076_jpg.rf.af12b3f5327af1b166effd32115be27e.jpg,2,2.17,0,4
Roboflow_Classifier_train_192A10076_jpg.rf.d4ab2157fc34a1dcaea783b7812d4d06.jpg,2,11.12,0,5
Roboflow_Classifier_train_192A10095_jpg.rf.1fb89146a132b6de3a144ef1a3fdd59b.jpg,2,5.49,0,6
Roboflow_Classifier_train_192A10095_jpg.rf.8d1aa093fb65a329c51d59bcc79ddd50.jpg,2,33.25,0,2
Roboflow_Classifier_train_192A10095_jpg.rf.b82eae4d20c978a204300c3bcbd14df0.jpg,3,46.44,0,2
Roboflow_Classifier_train_192A10099_jpg.rf.20b7c6e26bb477d1d08adfbf0f606429.jpg,2,22.2,0,1
Roboflow_Classifier_train_192A10099_jpg.rf.66a7377a4a308c7d4b1d00be1d44e7e7.jpg,2,15.08,0,5
Roboflow_Classifier_train_192A10099_jpg.rf.6f1c9f7c157f707dbbedcf5b65575143.jpg,2,11.27,0,1
Roboflow_Classifier_train_192A10107_jpg.rf.3c940e726393b4fefbd8b6550e27653e.jpg,0,4.35,0,3
Roboflow_Classifier_train_192A10107_jpg.rf.f52a6c6af5392997eacc68e03aa9128b.jpg,1,3.77,0,4
Roboflow_Classifier_train_192A10107_jpg.rf.fcc490e03c9d918949a5eb4e86268165.jpg,2,4.54,0,3
Roboflow_Classifier_train_192A10119_jpg.rf.8382506fb3ab1c51f674ce7c077cae05.jpg,1,3.15,0,4
Roboflow_Classifier_train_192A10119_jpg.rf.8859478c161f6dd3cf43f528aead2599.jpg,2,16.17,0,7
Roboflow_Classifier_train_192A10119_jpg.rf.d257c1e33615f3232f7e44b56a930dff.jpg,2,13.38,0,7
Roboflow_Classifier_train_192A10120_jpg.rf.0cfee8bf6da4326d36fd1109f6cdcd58.jpg,2,2.86,0,3
Roboflow_Classifier_train_192A10120_jpg.rf.186d0b1169d461971a88d72759016b59.jpg,2,5.0,0,6
Roboflow_Classifier_train_192A10120_jpg.rf.9e35b55463662439d093f468608b3c9f.jpg,0,3.18,0,3
Roboflow_Classifier_train_192A10127_jpg.rf.4917a998b02a355594d140eef2324f36.jpg,2,37.02,0,1
Roboflow_Classifier_train_192A10127_jpg.rf.8f5eff953a7a493a7f2ab0ec93324b0e.jpg,3,5.57,0,6
Roboflow_Classifier_train_192A10127_jpg.rf.a3987161437357f29304bd3fce43eee5.jpg,1,4.2,0,0
Roboflow_Classifier_train_192A10321_jpg.rf.55cbb7f5337871f74228c0ba08a96651.jpg,2,18.43,0,7
Roboflow_Classifier_train_192A10321_jpg.rf.7e458d9b862aae3c8b3ffa0b5cc8d18f.jpg,2,5.52,0,3
Roboflow_Classifier_train_192A10321_jpg.rf.a4f3fccb30bfa6e8c99bedddb87d78f8.jpg,2,18.48,0,7
Roboflow_Classifier_train_192A103_jpg.rf.2b0968acf831eb91d55feceddb9218c9.jpg,1,5.05,0,4
Roboflow_Classifier_train_192A103_jpg.rf.999bd0dbd7652288e5086064799ed5cc.jpg,2,15.33,0,7
Roboflow_Classifier_train_192A103_jpg.rf.e60bf327f0b5bb358a87fb4d78973fd1.jpg,2,21.9,0,5
Roboflow_Classifier_train_192A10681_jpg.rf.39cfeb4447dc8ece78727eff739b1331.jpg,2,25.03,0,6
Roboflow_Classifier_train_192A10681_jpg.rf.c2b997106d44a2dc2fcd81f6ddd3ddc9.jpg,1,5.98,0,3
Roboflow_Classifier_train_192A10681_jpg.rf.f23b97249b16702b89941e2691d0e382.jpg,1,3.33,0,3
Roboflow_Classifier_train_192A10682_jpg.rf.33d78f0d07f9fae76a00ef9f38e3d329.jpg,2,6.99,0,0
Roboflow_Classifier_train_192A10682_jpg.rf.35294cf208716f545ad192f936e8e59e.jpg,3,2.12,0,9
Roboflow_Classifier_train_192A10682_jpg.rf.de1510acea41d8732422614ea7f0791a.jpg,0,6.44,0,0
Roboflow_Classifier_train_192A10719_jpg.rf.9706694de2edf6c703b5114e21f7e1ee.jpg,2,4.17,0,4
Roboflow_Classifier_train_192A10719_jpg.rf.ad7fd9b41fe836d5addb72b7a6afcfb9.jpg,2,17.15,0,5
Roboflow_Classifier_train_192A10719_jpg.rf.b915c5310191fbda2138e0f632e14ae5.jpg,1,1.64,0,0
Roboflow_Classifier_train_192A10721_jpg.rf.2c4773a4acc2d85599511998a3a974e2.jpg,1,3.05,0,3
Roboflow_Classifier_train_192A10721_jpg.rf.62cec9171b669c9075fc258f3f0d6b17.jpg,2,3.68,0,3
Roboflow_Classifier_train_192A10721_jpg.rf.ce1406bd661434fe4fb97a95c2ce3d56.jpg,0,23.17,0,8
Roboflow_Classifier_train_192A10786_jpg.rf.0dd87bb562782b1ac6c55f10b4c2a9d9.jpg,1,3.24,0,0
Roboflow_Classifier_train_192A10786_jpg.rf.2475408cd61b6413142a965c59839184.jpg,3,3.61,0,3
Roboflow_Classifier_train_192A10786_jpg.rf.a8c3d2ad667fd053742586cc1836be28.jpg,2,5.0,0,6
Roboflow_Classifier_train_192A10787_jpg.rf.691d1dbe03ae11910076eaec04619351.jpg,1,0.79,0,9
Roboflow_Classifier_train_192A10787_jpg.rf.9594e3cb34b09e493a926defdb3fca75.jpg,2,3.28,0,3
Roboflow_Classifier_train_192A10787_jpg.rf.ab6a8bc3b970308d85ecf745543935ae.jpg,2,16.77,0,5
Roboflow_Classifier_train_192A10882_jpg.rf.875d6319294931d5522df9e48d84b637.jpg,2,9.97,0,6
Roboflow_Classifier_train_192A10882_jpg.rf.9fab2d8bc9dc895150314a14795656f1.jpg,2,2.14,0,3
Roboflow_Classifier_train_192A10882_jpg.rf.e0250cd5e5b8e953dbe9d1e29510acf8.jpg,1,5.0,0,6
Roboflow_Classifier_train_192A10886_jpg.rf.0a23c620b3e5fffb458eda442085af9a.jpg,2,24.53,0,8
Roboflow_Classifier_train_192A10886_jpg.rf.754e527bd65c9a89b972c67722394314.jpg,2,2.86,0,4
Roboflow_Classifier_train_192A10886_jpg.rf.fd4d72f59ad9e669e495a31a0f01dfcf.jpg,2,5.6,0,0
Roboflow_Classifier_train_192A10887_jpg.rf.6b35cae5edf1e2da90635496d7f16b27.jpg,2,12.33,0,6
Roboflow_Classifier_train_192A10887_jpg.rf.a60175952abd47fe5d7d536571eb3024.jpg,2,16.9,0,7
Roboflow_Classifier_train_192A10887_jpg.rf.b817e63e5ee5e889f80367c7f5c41015.jpg,2,30.09,0,2
Roboflow_Classifier_train_192A10924_jpg.rf.1f5fbc6e68c5037fe1a1364e3c05a22a.jpg,2,25.6,0,2
Roboflow_Classifier_train_192A10924_jpg.rf.2b10c5351a39003c1af21d234808442e.jpg,2,27.31,0,1
Roboflow_Classifier_train_192A10924_jpg.rf.9fc96977d341ec623aa30c083efb641d.jpg,0,10.79,0,6
Roboflow_Classifier_train_192A10968_jpg.rf.1bd36fd319e24f1dfe4046a9940edae6.jpg,1,7.62,0,0
Roboflow_Classifier_train_192A10968_jpg.rf.54962c480a6c7e1be0450c1b840ced8d.jpg,2,2.98,0,0
Roboflow_Classifier_train_192A10968_jpg.rf.56ef0ce909c2674fdc28288d1938de10.jpg,2,5.93,0,3
Roboflow_Classifier_train_192A10971_jpg.rf.3a29de9956e74874e2174300f4f00729.jpg,2,5.98,0,3
Roboflow_Classifier_train_192A10971_jpg.rf.8881de406b0d8df1e7867f7325c53a40.jpg,2,4.89,0,3
Roboflow_Classifier_train_192A10971_jpg.rf.a718afc429c5c7fe7217037f3081dc4b.jpg,3,1.38,0,9
Roboflow_Classifier_train_192A10979_jpg.rf.1c8f5ad9f4e5fb976159561f60af73cd.jpg,2,15.67,0,6
Roboflow_Classifier_train_192A10979_jpg.rf.8f5043f2f5672b815c717454f3e94dc5.jpg,2,14.09,0,7
Roboflow_Classifier_train_192A10979_jpg.rf.e884c2658a8fc432a00f0c7d2c6853e9.jpg,2,5.0,0,6
Roboflow_Classifier_train_192A11043_jpg.rf.6940c4d9ee6804b3f02c8d66f9f1d95f.jpg,2,6.8,0,0
Roboflow_Classifier_train_192A11043_jpg.rf.9853a32c910fc0755cb895aa2dedd802.jpg,2,4.44,0,3
Roboflow_Classifier_train_192A11043_jpg.rf.9b4a8142d834e582f34410232c52c36d.jpg,2,7.7,0,6
Roboflow_Classifier_train_192A11044_jpg.rf.2a94657301b05663dbd3a842c5e66891.jpg,1,2.01,0,9
Roboflow_Classifier_train_192A11044_jpg.rf.2db6f624fcac6ab6d83d6a51e6899a5d.jpg,1,1.72,0,9
Roboflow_Classifier_train_192A11044_jpg.rf.79f78cae18ec4e782b0fa11fc231f531.jpg,2,1.58,0,9
Roboflow_Classifier_train_192A11047_jpg.rf.7547e416da6e7a31e467b5353134c5d2.jpg,2,10.0,0,7
Roboflow_Classifier_train_192A11047_jpg.rf.756c5271b1483ea012e0444006d6e794.jpg,2,20.64,0,5
Roboflow_Classifier_train_192A11047_jpg.rf.bd596565414d63c3779e4d46df430dc6.jpg,3,0.77,0,9
Roboflow_Classifier_train_192A11060_jpg.rf.5e922c461d6245dba915b7b420791d43.jpg,2,16.94,0,1
Roboflow_Classifier_train_192A11060_jpg.rf.b101d25f60c294316e9200b8f1f35ee6.jpg,1,26.36,0,1
Roboflow_Classifier_train_192A11060_jpg.rf.edc1b24ff28c7004fdcec0de895dc35f.jpg,3,33.27,0,1
Roboflow_Classifier_train_192A11061_jpg.rf.253d0d5ade517cdaa4f0c5ba9cb5df06.jpg,1,15.07,0,7
Roboflow_Classifier_train_192A11061_jpg.rf.41fb602379d72aae5572410de463c5d3.jpg,2,1.92,0,9
Roboflow_Classifier_train_192A11061_jpg.rf.fbedf5280131cb7522c2d38837e03163.jpg,0,3.7,0,3
Roboflow_Classifier_train_192A11085_jpg.rf.7bc0b30abd4019118219726130d61782.jpg,1,2.15,0,4
Roboflow_Classifier_train_192A11085_jpg.rf.a9b557a95589d226f3236f8c85130f65.jpg,2,2.05,0,9
Roboflow_Classifier_train_192A11085_jpg.rf.d08697e4b9b7f8c940bf77d17a962d43.jpg,2,28.72,0,8
Roboflow_Classifier_train_192A11256_jpg.rf.aafdbe21f5324c89decf862bb71c0b1c.jpg,0,16.08,0,8
Roboflow_Classifier_train_192A11256_jpg.rf.f2cb243498d34409a5ba8a390436491d.jpg,0,4.19,0,3
Roboflow_Classifier_train_192A11256_jpg.rf.fe30d61bd67e7c1ba47058e52e60f6db.jpg,1,2.41,0,4
Roboflow_Classifier_train_192A11268_jpg.rf.08c79392c89626251a9ca2ce0fafb353.jpg,3,1.66,0,9
Roboflow_Classifier_train_192A11268_jpg.rf.1a15e0a4161004a387f0c44a330ff00d.jpg,1,1.09,0,9
Roboflow_Classifier_train_192A11268_jpg.rf.54739e28b444e22192e1ab6d5382a521.jpg,2,29.02,0,8
Roboflow_Classifier_train_192A11848_jpg.rf.29f67f6af593ec91f929a699a0222a46.jpg,1,14.59,0,2
Roboflow_Classifier_train_192A11848_jpg.rf.7e749a082f7d3a5e988cb487f5735121.jpg,2,7.59,0,4
Roboflow_Classifier_train_192A11848_jpg.rf.c356ea641a68247d25f66eaa486ed3bb.jpg,2,11.51,0,1
Roboflow_Classifier_train_192A11936_jpg.rf.8c61444df0d29e09d6480423d30c93d8.jpg,2,27.81,0,1
Roboflow_Classifier_train_192A11936_jpg.rf.a5d9d44250aa696201fa1543c55f5dd0.jpg,2,18.34,0,5
Roboflow_Classifier_train_192A11936_jpg.rf.b320d4dd35169338be5b0f2b7551217e.jpg,2,6.06,0,3
Roboflow_Classifier_train_192A11945_jpg.rf.6f279a02699943ecdd2c964c36794b1e.jpg,3,3.97,0,3
Roboflow_Classifier_train_192A11945_jpg.rf.a7cd73eba18d2d1f40f383ba9cb16d61.jpg,2,16.0,0,5
Roboflow_Classifier_train_192A11945_jpg.rf.f098b75d9b7b079342c4d44bd0abf79d.jpg,1,4.06,0,3
Roboflow_Classifier_train_192A12208_jpg.rf.0e3a672ba0f52fb02acd0449266919fb.jpg,2,17.8,0,8
Roboflow_Classifier_train_192A12208_jpg.rf.2ad433a082eec449e693f29c56e42207.jpg,0,17.9,0,8
Roboflow_Classifier_train_192A12208_jpg.rf.66516b74ae3835c1c1940aedfc2177d4.jpg,2,3.78,0,3
Roboflow_Classifier_train_192A123_jpg.rf.13505f02e5828b0ea5d70d7b660fee5b.jpg,1,35.25,0,1
Roboflow_Classifier_train_192A123_jpg.rf.4048142088150a9cc01e0f4199b79388.jpg,2,47.38,0,2
Roboflow_Classifier_train_192A123_jpg.rf.52b432f879976143241637e1ab08a1d4.jpg,2,26.21,0,1
Roboflow_Classifier_train_192A12459_jpg.rf.4df84d431ce035538b9d0b847d9e8689.jpg,2,5.0,0,5
Roboflow_Classifier_train_192A12459_jpg.rf.6807b5663f638685d6e441198b932ee6.jpg,2,5.79,0,3
Roboflow_Classifier_train_192A12459_jpg.rf.f88604e9d11738187278a03408097c37.jpg,1,26.19,0,8
Roboflow_Classifier_train_192A12489_jpg.rf.4785a73cb8aa6c748d8a326a30d76321.jpg,2,30.93,0,1
Roboflow_Classifier_train_192A12489_jpg.rf.4a84882632b62218fc2cba45fa5cb899.jpg,0,9.16,0,5
Roboflow_Classifier_train_192A12489_jpg.rf.c56a0a975343fb7bfae03252d2cf096d.jpg,0,5.91,0,0
Roboflow_Classifier_train_192A12518_jpg.rf.0af53ad352a64cabf277380c8ab84707.jpg,0,2.23,0,9
Roboflow_Classifier_train_192A12518_jpg.rf.8442efc674f7ee942fd08a05971bcc6f.jpg,3,37.65,0,2
Roboflow_Classifier_train_192A12518_jpg.rf.8a73c9e88f8b34184f56aeea020954b3.jpg,2,5.02,0,3
Roboflow_Classifier_train_192A12530_jpg.rf.19e066acb3dffd0f72087ac449f4d79f.jpg,3,14.59,0,7
Roboflow_Classifier_train_192A12530_jpg.rf.9be8d5998702f49acb102118247cad7c.jpg,2,19.06,0,7
Roboflow_Classifier_train_192A12530_jpg.rf.ee51012346cab9c8e74591fd36e3e6b1.jpg,2,20.14,0,8
Roboflow_Classifier_train_192A12551_jpg.rf.70d573d0403b8d7bab099803064f919b.jpg,0,22.72,0,6
Roboflow_Classifier_train_192A12551_jpg.rf.a5bb45dcaa01198f78017233d12a62d0.jpg,2,5.14,0,0
Roboflow_Classifier_train_192A12551_jpg.rf.daafff846803835d120bc8e4842a4093.jpg,2,1.25,0,9
Roboflow_Classifier_train_192A12594_jpg.rf.03c4706afd8739bfe13963f69a32faf8.jpg,2,7.42,0,0
Roboflow_Classifier_train_192A12594_jpg.rf.5fca637ebd54c1ae15392ab4823fac33.jpg,1,4.68,0,3
Roboflow_Classifier_train_192A12594_jpg.rf.61fe64569e296ae675144a2672921b36.jpg,2,13.64,0,2
Roboflow_Classifier_train_192A12701_jpg.rf.5288c6386ec8bd51d5dddc0e890d5833.jpg,2,19.15,0,8
Roboflow_Classifier_train_192A12701_jpg.rf.6686066f8b6f909cc184fef337fef3b5.jpg,2,4.84,0,0
Roboflow_Classifier_train_192A12701_jpg.rf.ee719130c807b64c73e3a38f3ed28c3e.jpg,2,37.44,0,1
Roboflow_Classifier_train_192A12778_jpg.rf.01e4034ee91625645ff314fb193acfaa.jpg,2,5.95,0,0
Roboflow_Classifier_train_192A12778_jpg.rf.8c7049cee69e7035f3dbbd9950f50320.jpg,1,18.84,0,6
Roboflow_Classifier_train_192A12778_jpg.rf.98de981d622c925378198df72509ff8b.jpg,1,37.3,0,7
Roboflow_Classifier_train_192A12855_jpg.rf.2d747c8ac4aef391a86aff8cb3d5f62e.jpg,2,1.64,0,9
Roboflow_Classifier_train_192A12855_jpg.rf.6b9692f5eea2860ec7a916b261ccdf4b.jpg,2,17.21,0,7
Roboflow_Classifier_train_192A12855_jpg.rf.b9c5f988fd0939b7dba8860095334e3f.jpg,0,10.95,0,5
Roboflow_Classifier_train_192A12856_jpg.rf.463b36a27388d08e7d8c3b3c9a682222.jpg,1,10.37,0,5
Roboflow_Classifier_train_192A12856_jpg.rf.5c5dc54306ab64e98eef5d14621bdeae.jpg,2,4.06,0,3
Roboflow_Classifier_train_192A12856_jpg.rf.9e3dfc19bddbf346e0a5938c7853531f.jpg,1,13.08,0,7
Roboflow_Classifier_train_192A12860_jpg.rf.2708b967000a18aa15277c1651ba86b4.jpg,3,5.35,0,0
Roboflow_Classifier_train_192A12860_jpg.rf.b41e1de3dcb3cc4920892029bd72f09c.jpg,1,26.42,0,1
Roboflow_Classifier_train_192A12860_jpg.rf.c607b6bba5dac10ca35917960d379462.jpg,2,44.09,0,2
Roboflow_Classifier_train_192A12866_jpg.rf.060eaa2c9d07c0ecb8616803f62d219d.jpg,1,5.17,0,6
Roboflow_Classifier_train_192A12866_jpg.rf.821f7a3ceb7edb6640246e1292b728d3.jpg,3,9.2,0,5
Roboflow_Classifier_train_192A12866_jpg.rf.bc4e601253775fe767f3337224a80be2.jpg,2,30.43,0,2
Roboflow_Classifier_train_192A12896_jpg.rf.73e135d02706b06be4ed8a40616b9870.jpg,2,24.53,0,1
Roboflow_Classifier_train_192A12896_jpg.rf.ccab320cf71cf282c6389a0eedc75b05.jpg,2,26.95,0,7
Roboflow_Classifier_train_192A12896_jpg.rf.ec31de051410e0f9c12ec5c52a05bcf0.jpg,2,3.34,0,3
Roboflow_Classifier_train_192A12905_jpg.rf.340b773902cb18f385ed59c55ae2d0f5.jpg,2,15.48,0,8
Roboflow_Classifier_train_192A12905_jpg.rf.4dfdc620f65e77e333f351ef6e298ce4.jpg,2,4.47,0,3
Roboflow_Classifier_train_192A12905_jpg.rf.b2eb23c333860c5b290d390e1fa44fed.jpg,1,9.88,0,5
Roboflow_Classifier_train_192A13014_jpg.rf.42306e24c8f41ff76e73fcf52cbcb6dc.jpg,2,34.78,0,2
Roboflow_Classifier_train_192A13014_jpg.rf.92997598b1e8b1226bfc4832b8af5c24.jpg,2,4.9,0,0
Roboflow_Classifier_train_192A13014_jpg.rf.c950ce186c36c73e1abdbc0e9c35e88a.jpg,2,12.85,0,5
Roboflow_Classifier_train_192A13210_jpg.rf.33206bc454b43e888b84de2849f04ce2.jpg,2,5.0,0,6
Roboflow_Classifier_train_192A13210_jpg.rf.9125510ed663cd7487bf7b23d812fff5.jpg,2,28.13,0,7
Roboflow_Classifier_train_192A13210_jpg.rf.bf6e3dd0c03a2f0546d6cbbc486de3e6.jpg,2,3.06,0,3
Roboflow_Classifier_train_192A13262_jpg.rf.2c583665ffdf999847fe2564a49f72da.jpg,1,1.86,0,9
Roboflow_Classifier_train_192A13262_jpg.rf.4c14b4d0643c6a0d66fc55ce29204b53.jpg,1,33.96,0,2
Roboflow_Classifier_train_192A13262_jpg.rf.98a19bb299c331344bbf20002f384236.jpg,1,24.05,0,7
Roboflow_Classifier_train_192A13273_jpg.rf.0cbe860fd836d95130e7509638684894.jpg,2,2.78,0,3
Roboflow_Classifier_train_192A13273_jpg.rf.b7ce0085a24f0bf784da357da942b88f.jpg,3,13.84,0,1
Roboflow_Classifier_train_192A13273_jpg.rf.bd49a26810abc773ece62e9791eab9c5.jpg,2,9.25,0,5
Roboflow_Classifier_train_192A13275_jpg.rf.26293c46f328aea988550540f3d5cca9.jpg,1,17.8,0,8
Roboflow_Classifier_train_192A13275_jpg.rf.acd7236513f38dcc717c44d7ef76f9ff.jpg,1,1.19,0,3
Roboflow_Classifier_train_192A13275_jpg.rf.e33b35f68c584cc0149db67cbefdb500.jpg,3,1.79,0,9
Roboflow_Classifier_train_192A13279_jpg.rf.0746ed31802f5f31a37aee472647f463.jpg,2,1.68,0,9
Roboflow_Classifier_train_192A13279_jpg.rf.60e7a4627a17896d60d574066d0f743c.jpg,1,5.0,0,6
Roboflow_Classifier_train_192A13279_jpg.rf.cac4df3ef9e7878e3c79038dfd4875de.jpg,2,4.26,0,3
Roboflow_Classifier_train_192A13316_jpg.rf.09f3c86e82e3f285a4c5af3f0122c454.jpg,2,27.53,0,1
Roboflow_Classifier_train_192A13316_jpg.rf.2dc558efb549c7b774774e1cbcbfd1bd.jpg,3,17.28,0,6
Roboflow_Classifier_train_192A13316_jpg.rf.37a765bafca4dadc1ea20076d4d96427.jpg,2,42.12,0,2
Roboflow_Classifier_train_192A13409_jpg.rf.688e1fdd5f44156a1fe58974d4f3fa24.jpg,2,2.83,0,3
Roboflow_Classifier_train_192A13409_jpg.rf.7081cf98ceb4fcd3bb94a70026e48098.jpg,2,1.03,0,9
Roboflow_Classifier_train_192A13409_jpg.rf.e94fbd4b97f16f93c126d3197ea64f1d.jpg,3,9.9,0,5
Roboflow_Classifier_train_192A13457_jpg.rf.58523d8258a9f86cb4d6e9b62286d561.jpg,2,7.03,0,0
Roboflow_Classifier_train_192A13457_jpg.rf.cf32738449a8ac0cfbd6e47c4350c81d.jpg,1,21.89,0,7
Roboflow_Classifier_train_192A13457_jpg.rf.f1fa6507bb78617eaa3c7a67d16f49f4.jpg,0,18.78,0,1
Roboflow_Classifier_train_192A13516_jpg.rf.1c7d98cf6319b8f74da7a20e18eb6cd7.jpg,2,8.0,0,8
Roboflow_Classifier_train_192A13516_jpg.rf.1f2ca0da5ee4a3221f27608f8a67bc78.jpg,2,1.72,0,3
Roboflow_Classifier_train_192A13516_jpg.rf.9c11f3a327d342d1e1b3323e607812ab.jpg,2,26.13,0,7
Roboflow_Classifier_train_192A13648_jpg.rf.5a8842722cae762784954d2e40bd21f5.jpg,1,22.01,0,1
Roboflow_Classifier_train_192A13648_jpg.rf.953e498f21d44350f0f54ff0e4766c82.jpg,2,22.46,0,7
Roboflow_Classifier_train_192A13648_jpg.rf.df21a96cf2c4e6554528494ce3f03dcc.jpg,0,58.78,0,2
Roboflow_Classifier_train_192A13649_jpg.rf.47e00844d66ac6e1ea4d3cede13fb7ca.jpg,2,18.03,0,8
Roboflow_Classifier_train_192A13649_jpg.rf.5535f5979864569effa23a1d839b575e.jpg,2,1.47,0,9
Roboflow_Classifier_train_192A13649_jpg.rf.93344dcad634c38fe3b6b78d912b0fe8.jpg,2,17.76,0,2
Roboflow_Classifier_train_192A13650_jpg.rf.177a9111345e255ae91f1834506d6890.jpg,0,4.29,0,0
Roboflow_Classifier_train_192A13650_jpg.rf.5c360da3bc83a479427300e61d7535e2.jpg,3,1.73,0,9
Roboflow_Classifier_train_192A13650_jpg.rf.a8176339048b6f31d508c4c5ad978cc1.jpg,2,3.61,0,4
Roboflow_Classifier_train_192A13795_jpg.rf.8e66bfedfa7805ab5b9073b4ddabf712.jpg,1,9.8,0,6
Roboflow_Classifier_train_192A13795_jpg.rf.9b4d0ede7122f0c56734e5d993a18803.jpg,3,7.29,0,0
Roboflow_Classifier_train_192A13795_jpg.rf.fbc3c8247f1c7bc80cda3defcf870c33.jpg,2,26.45,0,5
Roboflow_Classifier_train_192A13803_jpg.rf.86b21b23c7eb86372e1f924a16eaa8bc.jpg,1,12.11,0,7
Roboflow_Classifier_train_192A13803_jpg.rf.ac6917687345c3f8f15edae7258185b0.jpg,2,21.43,0,6
Roboflow_Classifier_train_192A13803_jpg.rf.ce16fd4246e03a2c80473be1c0aa627a.jpg,3,17.16,0,8
Roboflow_Classifier_train_192A13815_jpg.rf.0a3be3c6290f3a0a4e62b0cf226cfd84.jpg,0,1.5,0,4
Roboflow_Classifier_train_192A13815_jpg.rf.45ad7ceae9307157ad6546c524d8dca3.jpg,1,8.86,0,6
Roboflow_Classifier_train_192A13815_jpg.rf.cf8675bcd25c4b576c81740df5eb2fe8.jpg,1,39.89,0,1
Roboflow_Classifier_train_192A13821_jpg.rf.a3d5b16f1d380dddcbdd485f8303c571.jpg,2,27.18,0,1
Roboflow_Classifier_train_192A13821_jpg.rf.d3e610f3f451988720ab75c1d321b012.jpg,3,15.13,0,6
Roboflow_Classifier_train_192A13821_jpg.rf.ec27f620e388166101739e3887b0f058.jpg,2,5.15,0,3
Roboflow_Classifier_train_192A13845_jpg.rf.178a3d88c24f679e1da6ab87e689b477.jpg,1,1.37,0,9
Roboflow_Classifier_train_192A13845_jpg.rf.bb231d70cd0b911d132666fcd6aa1f7a.jpg,2,5.97,0,0
Roboflow_Classifier_train_192A13845_jpg.rf.eca751db4d865b50b45ee3a04ba8524e.jpg,2,19.54,0,8
Roboflow_Classifier_train_192A13868_jpg.rf.012013e4d37ba88e0d9bde0a346ed01b.jpg,3,1.5,0,9
Roboflow_Classifier_train_192A13868_jpg.rf.b3c78e53ec4f54cd054c94e10543c45d.jpg,0,1.22,0,3
Roboflow_Classifier_train_192A13868_jpg.rf.e4dd876a60724922dd61c46acd8eb32e.jpg,3,33.5,0,7
Roboflow_Classifier_train_192A13879_jpg.rf.64541ead034be8e4b8bba9aa369ac37a.jpg,2,6.21,0,4
Roboflow_Classifier_train_192A13879_jpg.rf.ecd74e3998b85930d18cf9ae9a1da1e8.jpg,1,16.83,0,5
Roboflow_Classifier_train_192A13879_jpg.rf.fdb27c4f7ab8add93bbe4d96c0030e69.jpg,3,1.54,0,9
Roboflow_Classifier_train_192A13926_jpg.rf.336e39310b322a35d770dc09c66fa314.jpg,3,1.53,0,9
Roboflow_Classifier_train_192A13926_jpg.rf.a2b479e7f741ddf7c1f2bdf645221fef.jpg,1,20.69,0,7
Roboflow_Classifier_train_192A13926_jpg.rf.ecf8b8c5c84df702402169f886d7f9ca.jpg,2,4.73,0,4
Roboflow_Classifier_train_192A14086_jpg.rf.5bb08ee47bced3435464f671bdae3ffe.jpg,2,15.96,0,5
Roboflow_Classifier_train_192A14086_jpg.rf.c3bc9d0aaa13fbe3bb58d5843bbc1984.jpg,1,21.71,0,6
Roboflow_Classifier_train_192A14086_jpg.rf.ea552f032b950326630dc41744414040.jpg,2,22.03,0,6
Roboflow_Classifier_train_192A14110_jpg.rf.5323196d58cd8b592f6c091dc064ab8d.jpg,2,5.0,0,6
Roboflow_Classifier_train_192A14110_jpg.rf.71d9d606ee9c9a089f2476bde73c3de3.jpg,3,7.89,0,3
Roboflow_Classifier_train_192A14110_jpg.rf.aac41b73aa42c450de533dbf4bbfa038.jpg,2,1.29,0,9
Roboflow_Classifier_train_192A14204_jpg.rf.3775fa9e06347b0b112a669d294ab365.jpg,1,4.31,0,3
Roboflow_Classifier_train_192A14204_jpg.rf.829bc6fd2c93fb03c1fca4a5cb306275.jpg,3,29.42,0,7
Roboflow_Classifier_train_192A14204_jpg.rf.ddd1cfbe450a0efed1c0b76863599327.jpg,2,33.15,0,2
Roboflow_Classifier_train_192A142_jpg.rf.0e4926c55047dde43a3862def73eb4fa.jpg,1,19.63,0,7
Roboflow_Classifier_train_192A142_jpg.rf.575711b90a86fee48cf3e3e9792c04dc.jpg,1,24.63,0,7
Roboflow_Classifier_train_192A142_jpg.rf.6f4875df7ace802439061c0a9ea9264b.jpg,2,1.76,0,9
Roboflow_Classifier_train_192A145_jpg.rf.0c9497e18bd39463e5b77994a4b65e3f.jpg,2,4.44,0,4
Roboflow_Classifier_train_192A145_jpg.rf.4aecddbf108168d9c1ada6c93efad96a.jpg,2,10.51,0,5
Roboflow_Classifier_train_192A145_jpg.rf.f98a679259adb72e714756bef04e1918.jpg,1,5.13,0,3
Roboflow_Classifier_train_192A1467_jpg.rf.12d17143f420bda21c741274083bac19.jpg,3,18.01,0,8
Roboflow_Classifier_train_192A1467_jpg.rf.2f9f1d67a2e5ec51a6a5b869a7732ff8.jpg,1,5.0,0,6
Roboflow_Classifier_train_192A1467_jpg.rf.95e0c1d0b1cfc9a63cf73e6cde15f081.jpg,1,18.09,0,7
Roboflow_Classifier_train_192A1468_jpg.rf.1069c83d48df47456b1df01381f6ef20.jpg,2,4.17,0,3
Roboflow_Classifier_train_192A1468_jpg.rf.13e0f7adc2fdce5ecfdd2a75bb5b07d8.jpg,2,6.82,0,3
Roboflow_Classifier_train_192A1468_jpg.rf.1e1698f24014e49f7033d0ba206aab38.jpg,2,9.62,0,5
Roboflow_Classifier_train_192A1469_jpg.rf.2fd96d5befe9716482275c6e5d97dab4.jpg,3,1.87,0,9
Roboflow_Classifier_train_192A1469_jpg.rf.d2da7d84f269ee446373c8e982e24f27.jpg,1,21.95,0,8
Roboflow_Classifier_train_192A1469_jpg.rf.d6c63aeec23f15bc58f5370b2b5aab9c.jpg,2,11.4,0,6
Roboflow_Classifier_train_192A1470_jpg.rf.0205707702b352471938a18f9739ba30.jpg,1,3.14,0,4
Roboflow_Classifier_train_192A1470_jpg.rf.481f63632642ff330df925d51aa65212.jpg,2,2.13,0,9
Roboflow_Classifier_train_192A1470_jpg.rf.ebd13cd3c46c3a82d89b95c05c281e53.jpg,2,1.22,0,9
Roboflow_Classifier_train_192A1471_jpg.rf.4105a90c03534bdc6c817db49d727e37.jpg,2,2.0,0,9
Roboflow_Classifier_train_192A1471_jpg.rf.be2ef37576d374f85b1d2a54619497ce.jpg,2,19.48,0,7
Roboflow_Classifier_train_192A1471_jpg.rf.ed57d40c3ee5611bb1e553be80090945.jpg,2,10.69,0,6
Roboflow_Classifier_train_192A1472_jpg.rf.0104293eaeacff9832c4e3f030192de1.jpg,2,4.79,0,4
Roboflow_Classifier_train_192A1472_jpg.rf.700d460cbd4e7221ee922bedc6312f78.jpg,2,2.71,0,0
Roboflow_Classifier_train_192A1472_jpg.rf.ef7d81d6db1269e58efa1db647c39a03.jpg,2,1.06,0,9
Roboflow_Classifier_train_192A1473_jpg.rf.7daa537bb40e0c573390bd61ab92bc75.jpg,2,37.02,0,1
Roboflow_Classifier_train_192A1473_jpg.rf.bb28e0e31b1e5324962fc1fd9a74d356.jpg,1,4.71,0,4
Roboflow_Classifier_train_192A1473_jpg.rf.f25f1c00ae23e4041e753bf212cc7d9a.jpg,1,4.01,0,4
Roboflow_Classifier_train_192A1478_jpg.rf.1553ac3fb9609f2624c26fff720fd9cc.jpg,2,24.64,0,1
Roboflow_Classifier_train_192A1478_jpg.rf.c759e0296c0809a78a232bd5e85630a7.jpg,2,1.36,0,9
Roboflow_Classifier_train_192A1478_jpg.rf.c8f1ef45d124aaa3d37d9632ad20ac63.jpg,1,2.85,0,0
Roboflow_Classifier_train_192A1479_jpg.rf.01666cbb86cc8395d9101a68f5795665.jpg,1,1.6,0,9
Roboflow_Classifier_train_192A1479_jpg.rf.57eba81242bf5322f14c16922a37c180.jpg,1,5.0,0,6
Roboflow_Classifier_train_192A1479_jpg.rf.7789a9d8e3a9fcac8fb37514c682b6e3.jpg,2,5.68,0,3
Roboflow_Classifier_train_192A1483_jpg.rf.4fff08a1509690e0064e0dab40b0717d.jpg,0,17.66,0,8
Roboflow_Classifier_train_192A1483_jpg.rf.59405c505fa093bd53a2291f1cc4f4ef.jpg,1,18.06,0,5
Roboflow_Classifier_train_192A1483_jpg.rf.7ebb332d4de50c13477693faa1911c75.jpg,3,2.22,0,4
Roboflow_Classifier_train_192A1484_jpg.rf.3c6fd1f20a46c869f1828222e86a272b.jpg,0,34.69,0,2
Roboflow_Classifier_train_192A1484_jpg.rf.59e82d0d03110337e5047a47962cd2d3.jpg,1,5.0,0,6
Roboflow_Classifier_train_192A1484_jpg.rf.a1659a5606cd0061a8f1fd7ede9828fb.jpg,3,34.9,0,2
Roboflow_Classifier_train_192A1485_jpg.rf.75aeb54dfccedac43686ea535a23ee26.jpg,2,1.07,0,9
Roboflow_Classifier_train_192A1485_jpg.rf.801fcf82ecff4470d46b3599a49d9262.jpg,1,33.35,0,2
Roboflow_Classifier_train_192A1485_jpg.rf.e70cada598a96a44618deffea4aab46e.jpg,3,15.68,0,6
Roboflow_Classifier_train_192A1486_jpg.rf.0802849ab263ae8f46a307a343db4b45.jpg,2,23.72,0,8
Roboflow_Classifier_train_192A1486_jpg.rf.dc658bdfb67fba4ee6ef02a2e7240e77.jpg,2,22.1,0,5
Roboflow_Classifier_train_192A1486_jpg.rf.e62e35617b694e7f1f181d7350845d7e.jpg,2,29.38,0,2
Roboflow_Classifier_train_192A1487_jpg.rf.811e9f34ad59e736e310039c8ab8f9d6.jpg,1,14.92,0,7
Roboflow_Classifier_train_192A1487_jpg.rf.caecb87eabab94ad68eb53432514e993.jpg,2,4.1,0,4
Roboflow_Classifier_train_192A1487_jpg.rf.f8e54a8f2dc25b4c94d7a4d04e462721.jpg,2,1.82,0,0
Roboflow_Classifier_train_192A1489_jpg.rf.07080f2a8823dce292232251dd73cfa2.jpg,1,16.85,0,7
Roboflow_Classifier_train_192A1489_jpg.rf.169e4270e2dba460c11f005ef32c2221.jpg,2,16.48,0,8
Roboflow_Classifier_train_192A1489_jpg.rf.c0f3d66e315e277d1c4f5f742410b037.jpg,2,21.29,0,2
Roboflow_Classifier_train_192A1491_jpg.rf.3c897767655b84701ae264c24d1f97cd.jpg,2,3.4,0,3
Roboflow_Classifier_train_192A1491_jpg.rf.7b3dcf9e7b2d2ff2a61c0e143b9ac2a4.jpg,2,22.49,0,1
Roboflow_Classifier_train_192A1491_jpg.rf.9fec3b5ac07777a31d0e7bb2df8d427d.jpg,2,13.63,0,6
Roboflow_Classifier_train_192A1493_jpg.rf.1becf1eb23b3f75728bbd54478c2f85a.jpg,1,4.96,0,4
Roboflow_Classifier_train_192A1493_jpg.rf.8542f6a5d6335ef7354314ed9789bf23.jpg,1,2.17,0,9
Roboflow_Classifier_train_192A1493_jpg.rf.8c0fb5d199c47c757807c37c8d61f72a.jpg,1,16.03,0,8
Roboflow_Classifier_train_192A1494_jpg.rf.0fe040f2714e28dd725ca359178cffba.jpg,2,13.95,0,1
Roboflow_Classifier_train_192A1494_jpg.rf.5ffadc25978834a7d99a3f04d7fdcdf0.jpg,2,1.5,0,0
Roboflow_Classifier_train_192A1494_jpg.rf.c16a6d1ab404a2c10c42fd75261eb437.jpg,2,30.44,0,1
Roboflow_Classifier_train_192A1497_jpg.rf.3416e3d90d95e6d883550d700d3dc47e.jpg,0,38.56,0,1
Roboflow_Classifier_train_192A1497_jpg.rf.3a5b310f0c613a7df7eeefbeb6628f98.jpg,2,4.69,0,3
Roboflow_Classifier_train_192A1497_jpg.rf.418d18e5ca0a7bd0738eeccc0164041a.jpg,1,2.14,0,4
Roboflow_Classifier_train_192A1498_jpg.rf.0a7063b92b0d0b58c94a6faa26341f01.jpg,1,21.56,0,1
Roboflow_Classifier_train_192A1498_jpg.rf.5a1bc7d649928f011f3cf60b41ba88ad.jpg,3,1.27,0,9
Roboflow_Classifier_train_192A1498_jpg.rf.9103ba69f7fd47e763d9c72872de9530.jpg,2,3.54,0,4
Roboflow_Classifier_train_192A1499_jpg.rf.23c5b2149a167ec085d2edc7ff623f6e.jpg,1,22.51,0,7
Roboflow_Classifier_train_192A1499_jpg.rf.5efa7e20340aaa19b6b98cf9f027c893.jpg,2,14.48,0,5
Roboflow_Classifier_train_192A1499_jpg.rf.d0f82caf0e05159238fa1f0c9042ccfc.jpg,3,26.71,0,1
Roboflow_Classifier_train_192A1501_jpg.rf.396434acc748d957ebcd15f8451f4f5f.jpg,1,33.04,0,1
Roboflow_Classifier_train_192A1501_jpg.rf.92325bc1d31bdd6f2cb3aac580863122.jpg,2,4.59,0,3
Roboflow_Classifier_train_192A1501_jpg.rf.e3e0b3b88fb2edb891afbff7c03d7a83.jpg,3,1.68,0,9
Roboflow_Classifier_train_192A1502_jpg.rf.11d8289b3d4372c37c9157ceee6c1aba.jpg,2,1.64,0,9
Roboflow_Classifier_train_192A1502_jpg.rf.59f8c08de65f125dadacda7ce8000635.jpg,2,13.7,0,6
Roboflow_Classifier_train_192A1502_jpg.rf.8c6f904589574ea5250ec3600fe43aaa.jpg,2,20.44,0,8
Roboflow_Classifier_train_192A1503_jpg.rf.3a2599bf12dd0a184ca5e148e4859f3d.jpg,2,6.37,0,0
Roboflow_Classifier_train_192A1503_jpg.rf.9b993ecd20efb863f458fc5e1e7adf39.jpg,1,30.08,0,1
Roboflow_Classifier_train_192A1503_jpg.rf.ca7fed39d6e65d431c820dd8a6d9c7d1.jpg,1,5.0,0,6
Roboflow_Classifier_train_192A1504_jpg.rf.30a69ae4341cd467ebca940b8618064a.jpg,2,36.28,0,1
Roboflow_Classifier_train_192A1504_jpg.rf.f2549702abbe436055a28a6dad4621cf.jpg,2,11.88,0,5
Roboflow_Classifier_train_192A1504_jpg.rf.f9c7231e15e399f614f02538244f1bff.jpg,2,5.83,0,4
Roboflow_Classifier_train_192A1505_jpg.rf.49dee4041e1c8a7604d3f9719808eabb.jpg,1,5.68,0,6
Roboflow_Classifier_train_192A1505_jpg.rf.93d58e36eb3529d1c09ae1de98f8ede4.jpg,3,26.72,0,2
Roboflow_Classifier_train_192A1505_jpg.rf.9f8f67ecc89a0e4bb44e53ac05009343.jpg,2,11.28,0,6
Roboflow_Classifier_train_192A1506_jpg.rf.4b2d2540f41d1dc448c5f0be120b9385.jpg,1,9.71,0,5
Roboflow_Classifier_train_192A1506_jpg.rf.d72b1f532919e5f7371ff058a7ef3abb.jpg,2,4.07,0,3
Roboflow_Classifier_train_192A1506_jpg.rf.f66e28712ec2336a71b039bac6e6448d.jpg,2,26.84,0,2
Roboflow_Classifier_train_192A1507_jpg.rf.0fefc3723857035a86aaac5cc7ebca99.jpg,1,19.35,0,1
Roboflow_Classifier_train_192A1507_jpg.rf.841263263b951b6494841228304ba962.jpg,2,3.41,0,4
Roboflow_Classifier_train_192A1507_jpg.rf.a4c34dda454d52137727a361556f663c.jpg,2,14.77,0,8
Roboflow_Classifier_train_192A1508_jpg.rf.224f87d32bace4ccbfb15775743aba4f.jpg,1,1.72,0,9
Roboflow_Classifier_train_192A1508_jpg.rf.2f55e70ef94998da1656e826f7cec642.jpg,2,3.18,0,0
Roboflow_Classifier_train_192A1508_jpg.rf.c10f2b840d7a60cef3d82ed0bfea36f8.jpg,2,19.43,0,5
Roboflow_Classifier_train_192A1509_jpg.rf.b9f82ea149ecd9cf918518b685e4711c.jpg,3,3.67,0,4
Roboflow_Classifier_train_192A1509_jpg.rf.c7c6a671dc71e17200e92576d0033e5c.jpg,1,10.0,0,2
Roboflow_Classifier_train_192A1509_jpg.rf.cf65767b0f5e2613ecd372be2b99f487.jpg,2,10.76,0,6
Roboflow_Classifier_train_192A1511_jpg.rf.9ff27001d7297d90437ebef8deb291bf.jpg,3,10.73,0,5
Roboflow_Classifier_train_192A1511_jpg.rf.a08d6ef976a44789fc656769c1743270.jpg,0,34.29,0,2
Roboflow_Classifier_train_192A1511_jpg.rf.e3f28ae0773a757dec8c1045e17911d7.jpg,1,9.38,0,5
Roboflow_Classifier_train_192A1512_jpg.rf.248491fbf8ce44c385929a190ce1ed68.jpg,3,17.61,0,5
Roboflow_Classifier_train_192A1512_jpg.rf.8cd1901a4721730ca941e36e93177baf.jpg,0,1.04,0,3
Roboflow_Classifier_train_192A1512_jpg.rf.bcbb2791d18835b8931ce292b9b8b15e.jpg,2,17.2,0,1
Roboflow_Classifier_train_192A1515_jpg.rf.1daef465431295beabcc4669dfdaa40f.jpg,2,7.08,0,6
Roboflow_Classifier_train_192A1515_jpg.rf.53f5ab949792bb97836e0aa4661f7310.jpg,2,16.19,0,6
Roboflow_Classifier_train_192A1515_jpg.rf.c72ecb90912eeb322a9343341642dd08.jpg,2,13.98,0,6
Roboflow_Classifier_train_192A1516_jpg.rf.17f401941e833a06dc8abcbc77c21623.jpg,2,10.24,0,6
Roboflow_Classifier_train_192A1516_jpg.rf.76b8be75fe7aa3ec3336d9ba1fcb81bc.jpg,2,1.91,0,9
Roboflow_Classifier_train_192A1516_jpg.rf.d1f090d5405447ebf23eb63627dfda31.jpg,2,1.63,0,9
Roboflow_Classifier_train_192A1517_jpg.rf.279f703f630e37082da58ac924f6bd55.jpg,1,16.58,0,8
Roboflow_Classifier_train_192A1517_jpg.rf.a11b69521740c311195327cacaf3968c.jpg,3,3.47,0,4
Roboflow_Classifier_train_192A1517_jpg.rf.f798fbbd770e65024a93224aa8511e9c.jpg,1,18.66,0,1
Roboflow_Classifier_train_192A1518_jpg.rf.15566269bdbf7b78d606d2eda3ca1ba6.jpg,0,53.36,0,2
Roboflow_Classifier_train_192A1518_jpg.rf.204dc1df2bf0ca0c297ef3369ab1f4a1.jpg,2,20.37,0,5
Roboflow_Classifier_train_192A1518_jpg.rf.53f765877e2eba78405c5e969b43b40c.jpg,2,1.5,0,4
Roboflow_Classifier_train_192A1523_jpg.rf.475f917adfe67572f8e8a216b8ab380f.jpg,2,11.71,0,5
Roboflow_Classifier_train_192A1523_jpg.rf.be099efb604d0ee0021f6889e320c33e.jpg,2,14.46,0,1
Roboflow_Classifier_train_192A1523_jpg.rf.e6cd031df6c267ba7ed5519678231c85.jpg,2,4.92,0,0
Roboflow_Classifier_train_192A1524_jpg.rf.1ceda7adf57de470cc33276e5161b888.jpg,3,2.26,0,3
Roboflow_Classifier_train_192A1524_jpg.rf.5017a1400f01a054277c68d15ad9042d.jpg,1,2.43,0,0
Roboflow_Classifier_train_192A1524_jpg.rf.d5ef4feca4dc6a2505f75f71d03cf21f.jpg,0,5.96,0,3
Roboflow_Classifier_train_192A1525_jpg.rf.2b2883ce15c099c4e44a23e4e25c8a1e.jpg,1,4.96,0,4
Roboflow_Classifier_train_192A1525_jpg.rf.a0fabddda1d4bd740d612a0990505df1.jpg,3,16.81,0,5
Roboflow_Classifier_train_192A1525_jpg.rf.a33ad4ee27fd62da60c774cca80ec266.jpg,1,18.73,0,1
Roboflow_Classifier_train_192A1527_jpg.rf.3a17ce51ba70260f74ec22912a33e0f6.jpg,2,14.67,0,8
Roboflow_Classifier_train_192A1527_jpg.rf.8a4b58335b7d29cc2baf1ea9c802ea51.jpg,2,1.56,0,4
Roboflow_Classifier_train_192A1527_jpg.rf.8a695dd34d737d2822e2be722ad09369.jpg,2,4.15,0,4
Roboflow_Classifier_train_192A1528_jpg.rf.042fb4c5401768c7b2ada35be962968d.jpg,2,33.97,0,2
Roboflow_Classifier_train_192A1528_jpg.rf.d4404543ce8a7f25a191ef6101da3310.jpg,2,2.8,0,3
Roboflow_Classifier_train_192A1528_jpg.rf.e167ccf6bcbc26178f6c21f04b17337f.jpg,1,3.28,0,3
Roboflow_Classifier_train_192A1530_jpg.rf.04cd4583cff7ba401585cab42129bb61.jpg,2,10.15,0,6
Roboflow_Classifier_train_192A1530_jpg.rf.44cb6d58017a4b288c7fc167294077d9.jpg,1,11.13,0,8
Roboflow_Classifier_train_192A1530_jpg.rf.530a820f07ed2484bd5169401d73c6e0.jpg,1,20.96,0,1
Roboflow_Classifier_train_192A1532_jpg.rf.129f3c6ec1aba9e947e761a5da73e5b6.jpg,2,12.08,0,7
Roboflow_Classifier_train_192A1532_jpg.rf.93a8228cddf328c7a6f6cdf70219a68f.jpg,2,5.52,0,0
Roboflow_Classifier_train_192A1532_jpg.rf.d8a8cff3354214762cff3f1ee429eded.jpg,1,32.39,0,1
Roboflow_Classifier_train_192A1533_jpg.rf.3b20326c81fa1b1cf01944bde81b649a.jpg,2,1.5,0,0
Roboflow_Classifier_train_192A1533_jpg.rf.54e444fcf06ea8eb223719249149fc86.jpg,3,3.16,0,4
Roboflow_Classifier_train_192A1533_jpg.rf.cb0888a475f3e69f92b9c265fb1f5d1e.jpg,2,2.82,0,0
Roboflow_Classifier_train_192A1534_jpg.rf.4568c32a9a5588d947dae201f0862757.jpg,2,2.53,0,4
Roboflow_Classifier_train_192A1534_jpg.rf.ea8962470bfab37acae4d60374200bcc.jpg,2,33.99,0,2
Roboflow_Classifier_train_192A1534_jpg.rf.f40d7b8472771d5bca66aafadcaf5aee.jpg,2,30.92,0,1
Roboflow_Classifier_train_192A1537_jpg.rf.5c6b32cd5774e3ef06f404732fb197be.jpg,0,2.01,0,0
Roboflow_Classifier_train_192A1537_jpg.rf.671e51d451f16555357776f229766e3f.jpg,0,1.0,0,9
Roboflow_Classifier_train_192A1537_jpg.rf.8e110899f00780c241009bcd1101dc93.jpg,3,3.57,0,4
Roboflow_Classifier_train_192A154_jpg.rf.506efb1ccec86d859b2042c4e68a041b.jpg,2,30.5,0,2
Roboflow_Classifier_train_192A154_jpg.rf.616d748d82966fb3a7525795749c01cb.jpg,2,45.75,0,2
Roboflow_Classifier_train_192A154_jpg.rf.81315f9a00993600d8eff91997632d63.jpg,2,30.51,0,1
Roboflow_Classifier_train_192A186_jpg.rf.3c04655189aad3d24bffcdba54f81e23.jpg,2,13.31,0,6
Roboflow_Classifier_train_192A186_jpg.rf.5c5daf87a0098c670e45cf8b70a7f687.jpg,2,7.72,0,6
Roboflow_Classifier_train_192A186_jpg.rf.a5a3bbf967c81ba59b5dca458df4c248.jpg,2,6.52,0,3
Roboflow_Classifier_train_192A25_jpg.rf.7538292cfa242430af37389853f20e39.jpg,3,27.91,0,7
Roboflow_Classifier_train_192A25_jpg.rf.b0756e6a2ec8d3263d97bcff70f26865.jpg,1,1.84,0,9
Roboflow_Classifier_train_192A25_jpg.rf.e5392bdb75abea66f0569904b65b0c6c.jpg,1,2.2,0,9
Roboflow_Classifier_train_192A3871_jpg.rf.53dfc710b099342d001cd516b5f2f775.jpg,3,11.38,0,8
Roboflow_Classifier_train_192A3871_jpg.rf.b5a57af687d2d484ec956e07cc954d0a.jpg,2,21.13,0,5
Roboflow_Classifier_train_192A3871_jpg.rf.f803efa917201eea5eb5e1f984eb9f10.jpg,2,8.29,0,5
Roboflow_Classifier_train_192A4569_jpg.rf.23c741d106fe41da186a560d3292616d.jpg,1,23.59,0,7
Roboflow_Classifier_train_192A4569_jpg.rf.67872564d0c9fe439171bcbe9cfca743.jpg,0,16.82,0,2
Roboflow_Classifier_train_192A4569_jpg.rf.97f6f4ead8a5e6449dc32afeca22b6fe.jpg,1,3.07,0,4
Roboflow_Classifier_train_192A5350_jpg.rf.4d7439a3020c798264c2f7fbf514de7e.jpg,2,22.66,0,1
Roboflow_Classifier_train_192A5350_jpg.rf.631596f2d350e1ca845f45fb99fdbbbe.jpg,2,43.59,0,2
Roboflow_Classifier_train_192A5350_jpg.rf.e75d588c952ac31d386bf6797d4723b3.jpg,1,18.03,0,1
Roboflow_Classifier_train_192A5352_jpg.rf.08991fe997ca3aa43431b1fbd50ee2a2.jpg,2,18.4,0,1
Roboflow_Classifier_train_192A5352_jpg.rf.43384c68ee79c4afb3da420784cee00f.jpg,2,18.05,0,8
Roboflow_Classifier_train_192A5352_jpg.rf.b044a9340983fbb4938f83a7a35086ec.jpg,2,4.36,0,3
Roboflow_Classifier_train_192A6037_jpg.rf.29ed861b1e36c50fa7cdccb391694fda.jpg,2,2.34,0,9
Roboflow_Classifier_train_192A6037_jpg.rf.3ee2be97ae5f403426e68ef4c47275d3.jpg,3,12.66,0,1
Roboflow_Classifier_train_192A6037_jpg.rf.6e2d1fc7603ec595142e2c09947f222c.jpg,2,1.78,0,9
Roboflow_Classifier_train_192A6040_jpg.rf.24f454a5d44be48da50f1b604f497b71.jpg,1,13.71,0,5
Roboflow_Classifier_train_192A6040_jpg.rf.318bbae52cfd74ade9ac1741221f302b.jpg,2,1.99,0,9
Roboflow_Classifier_train_192A6040_jpg.rf.6a1b764053051d7df48cbc20abbc79f5.jpg,2,20.99,0,1
Roboflow_Classifier_train_192A6364_jpg.rf.0eecdeeca3ed2f483a58f0fb91e09290.jpg,2,1.65,0,3
Roboflow_Classifier_train_192A6364_jpg.rf.a0511ec6e0f1e6eccc75a4fbeb8346b7.jpg,1,0.5,0,9
Roboflow_Classifier_train_192A6364_jpg.rf.f32d65f5a62b063930c16c4f33a44af4.jpg,2,4.33,0,3
Roboflow_Classifier_train_192A6575_jpg.rf.95cc019e119834b1ac659c17be0043cf.jpg,2,4.26,0,0
Roboflow_Classifier_train_192A6575_jpg.rf.dd82a4f413aa5e1047db879fb6bcc7e2.jpg,0,18.63,0,8
Roboflow_Classifier_train_192A6575_jpg.rf.f96e07f3f6b82e71b9cf118afaf2aa45.jpg,1,1.9,0,9
Roboflow_Classifier_train_192A75_jpg.rf.09399110a0b9e83caf74620b6f589c57.jpg,1,21.71,0,6
Roboflow_Classifier_train_192A75_jpg.rf.a875c7a723d4eb78bceec89a67f6d0d8.jpg,2,1.52,0,9
Roboflow_Classifier_train_192A75_jpg.rf.cc46afddb02333dbbb318ed846c04dfc.jpg,2,49.57,0,2
Roboflow_Classifier_train_192A7807_jpg.rf.45626e9db3ebf6fa48c7670945b2e947.jpg,2,2.71,0,3
Roboflow_Classifier_train_192A7807_jpg.rf.57b073256402b60f58c478c9ecbd7e19.jpg,2,2.28,0,3
Roboflow_Classifier_train_192A7807_jpg.rf.e0c4e292b207d3083f38ffc966249ecc.jpg,2,36.11,0,2
Roboflow_Classifier_train_192A7821_jpg.rf.0eab6074b36b7eb16a79826615a7c7a3.jpg,2,32.56,0,1
Roboflow_Classifier_train_192A7821_jpg.rf.b64b1d54a412e32b40f06aa565e40860.jpg,2,20.33,0,8
Roboflow_Classifier_train_192A7821_jpg.rf.cd62aa7e116e562c8faf31c90e9e17ea.jpg,1,1.28,0,9
Roboflow_Classifier_train_192A8100_jpg.rf.35ee5419826da693bba739598d3747f7.jpg,3,14.91,0,5
Roboflow_Classifier_train_192A8100_jpg.rf.aa0acaf895d16752bbd547712fb39493.jpg,2,29.87,0,7
Roboflow_Classifier_train_192A8100_jpg.rf.dd333bb5eb7bf8821fed3f8e60c3ed30.jpg,2,29.21,0,2
Roboflow_Classifier_train_192A8492_jpg.rf.0d5e1db8b76348646845f9474129c822.jpg,2,20.97,0,6
Roboflow_Classifier_train_192A8492_jpg.rf.32d8ff912ef8ae68fd9a2188988a9e44.jpg,2,18.76,0,8
Roboflow_Classifier_train_192A8492_jpg.rf.9f751733dbf08030ae9f690a9f1b5a02.jpg,2,19.8,0,5
Roboflow_Classifier_train_192A87_jpg.rf.1366fa43944ce2e0afe38d809c17f013.jpg,2,6.5,0,6
Roboflow_Classifier_train_192A87_jpg.rf.591d90cdd1c60ec151c467991cb5ed48.jpg,2,1.81,0,9
Roboflow_Classifier_train_192A87_jpg.rf.ca5e46873308742f6a73ea0248dfad01.jpg,1,39.68,0,1
Roboflow_Classifier_train_192A89_jpg.rf.1a7d143abfed0c4638b33297e6fdabac.jpg,1,2.73,0,4
Roboflow_Classifier_train_192A89_jpg.rf.8b35195aa9b976139f48123d89aa28dd.jpg,2,0.84,0,9
Roboflow_Classifier_train_192A89_jpg.rf.cd6357e04a37a212d0640a3d2ef303ea.jpg,2,49.84,0,2
Roboflow_Classifier_train_192A9102_jpg.rf.0d59791bbca59eb77a4ce5f7233ea2a5.jpg,1,22.79,0,8
Roboflow_Classifier_train_192A9102_jpg.rf.88bf2eed44ca1a6303980c3b48115783.jpg,2,2.55,0,4
Roboflow_Classifier_train_192A9102_jpg.rf.ef3b5317ec8d84b97ecdea5e50fcfc70.jpg,3,45.69,0,1
Roboflow_Classifier_train_192A9112_jpg.rf.1f50b7723a9b93542078f72addcb4df3.jpg,2,34.18,0,1
Roboflow_Classifier_train_192A9112_jpg.rf.9e40621324b93145750d1e95e3136730.jpg,2,2.71,0,3
Roboflow_Classifier_train_192A9112_jpg.rf.ba53f009f409d2b37e8ff6ea96daa655.jpg,2,12.81,0,8
Roboflow_Classifier_train_192A9118_jpg.rf.bb926e1b1972cccc0458afb35523d5ef.jpg,0,25.49,0,1
Roboflow_Classifier_train_192A9118_jpg.rf.dd5c9575107cee922f67d7b877e1ae1c.jpg,1,5.0,0,6
Roboflow_Classifier_train_192A9118_jpg.rf.fac9e07deca51da8731da96f0d196c50.jpg,2,21.55,0,6
Roboflow_Classifier_train_192A9309_jpg.rf.2de9aa5e5c5dbf61ceb336adf024ebc0.jpg,2,34.16,0,1
Roboflow_Classifier_train_192A9309_jpg.rf.7229b8e5bb4d3589443ff2a2040d9fc8.jpg,1,8.0,0,8
Roboflow_Classifier_train_192A9309_jpg.rf.edd5ae020537bf5b73e274674bf98954.jpg,2,31.72,0,7
Roboflow_Classifier_train_192A9372_jpg.rf.16c9e18aa9fdeb4984e3fee5a98a80eb.jpg,2,2.81,0,4
Roboflow_Classifier_train_192A9372_jpg.rf.5008b4730833346bc2266a683103b56a.jpg,0,3.82,0,3
Roboflow_Classifier_train_192A9372_jpg.rf.ce0034f39ca01f5984e83b2cb75cb3b4.jpg,2,37.03,0,2
Roboflow_Classifier_train_192A9373_jpg.rf.788020f6911d003682d9c1236500b072.jpg,1,15.83,0,1
Roboflow_Classifier_train_192A9373_jpg.rf.83af1c94de28d9edad6b6c19b7326f23.jpg,2,17.97,0,8
Roboflow_Classifier_train_192A9373_jpg.rf.f8b5a0a0d2264ec8c0e5d57320df15c7.jpg,2,16.47,0,5
Roboflow_Classifier_train_192A9380_jpg.rf.049230c63e96ddba4ed9c99b48105aaa.jpg,2,5.0,0,6
Roboflow_Classifier_train_192A9380_jpg.rf.324d3e3e7a29c6eaf7c24e5bae95649e.jpg,1,4.83,0,4
Roboflow_Classifier_train_192A9380_jpg.rf.b48e91f56d716d53a449cf066c24e63c.jpg,2,16.12,0,1
Roboflow_Classifier_train_192A9723_jpg.rf.0967d24e19b4c3781f21efa22ed413b6.jpg,3,24.15,0,8
Roboflow_Classifier_train_192A9723_jpg.rf.99874364f0dab2a90385762a7fb1de6b.jpg,2,18.47,0,7
Roboflow_Classifier_train_192A9723_jpg.rf.fb80968a4cca82821d3346c388ffe369.jpg,1,9.8,0,6
Roboflow_Classifier_train_192A9729_jpg.rf.0552a0660a74d6f8785e3d9496b2ad5b.jpg,1,35.66,0,1
Roboflow_Classifier_train_192A9729_jpg.rf.4864904a065163c1de7748481c0b1703.jpg,2,26.54,0,2
Roboflow_Classifier_train_192A9729_jpg.rf.9637a970c57c91f763b93dd6775eb827.jpg,2,7.41,0,3
Roboflow_Classifier_train_192A9746_jpg.rf.4aec60e91cfcbd73546f110adb07a468.jpg,1,1.42,0,9
Roboflow_Classifier_train_192A9746_jpg.rf.d1b6f6a890ddce9c9097628587fc26d1.jpg,3,36.2,0,1
Roboflow_Classifier_train_192A9746_jpg.rf.ef07246238d2e012a227665e1f5f1882.jpg,2,19.75,0,8
Roboflow_Classifier_train_192A9866_jpg.rf.4b865d0e47580fc0ce3dda3de9da3e64.jpg,2,8.1,0,6
Roboflow_Classifier_train_192A9866_jpg.rf.778b270924a348cedfc63f1bf42038cf.jpg,2,2.75,0,4
Roboflow_Classifier_train_192A9866_jpg.rf.b73ac2c89652958a67712359857a90ff.jpg,2,31.95,0,2
Roboflow_Classifier_train_192A9996_jpg.rf.b82cc8fc876926a47f7625ba90b03532.jpg,1,8.1,0,0
Roboflow_Classifier_train_192A9996_jpg.rf.c3fc121828ba7057abbcdc450ce623e7.jpg,2,4.72,0,0
Roboflow_Classifier_train_192A9996_jpg.rf.f6f16ca74cca8b382b602ad8bd389c91.jpg,2,5.38,0,6
Roboflow_Classifier_train_193A1481_jpg.rf.3e8b25763ea3797333406a0e87cec286.jpg,2,6.77,0,0
Roboflow_Classifier_train_193A1481_jpg.rf.c3909f5adac7ad81e03b72f5757a5e02.jpg,2,23.01,0,6
Roboflow_Classifier_train_193A1481_jpg.rf.e2083aa26a94028b48b3244080d3a526.jpg,1,18.48,0,5
Roboflow_Classifier_train_193A1482_jpg.rf.1ea46ce67ff8e5e88d8d545f5397fc41.jpg,2,4.99,0,0
Roboflow_Classifier_train_193A1482_jpg.rf.bdf2197a9d0ce90fc2f3a1bdc43efdaf.jpg,2,52.39,0,2
Roboflow_Classifier_train_193A1482_jpg.rf.d57adffdd4bea2ff80da6b603a15129c.jpg,1,2.71,0,9
Roboflow_Classifier_train_193A1483_jpg.rf.ab8444bbabdda80d91f509ed2a141d29.jpg,2,3.1,0,4
Roboflow_Classifier_train_193A1483_jpg.rf.cf5fec9aec55634539ca270b7c78fd4c.jpg,2,10.31,0,7
Roboflow_Classifier_train_193A1483_jpg.rf.f8260df42c9b516d1d2a06bb2c0336c6.jpg,2,43.16,0,2
Roboflow_Classifier_train_193A1485_jpg.rf.19bf6246434e4162081bfab936a9a975.jpg,2,10.35,0,8
Roboflow_Classifier_train_193A1485_jpg.rf.272ca7d6a1890da76b9d8eb10bb60c41.jpg,2,21.19,0,7
Roboflow_Classifier_train_193A1485_jpg.rf.c8dd14fcf517e5748f5af3b97431106c.jpg,3,20.37,0,7
Roboflow_Classifier_train_193A1488_jpg.rf.2dd80213d58518970edb757f0287cbfb.jpg,2,10.37,0,5
Roboflow_Classifier_train_193A1488_jpg.rf.640f709f298e2236c01887845b59c233.jpg,2,3.93,0,4
Roboflow_Classifier_train_193A1488_jpg.rf.f054701bb9d5ced0cc9f26194abbbe0d.jpg,2,21.96,0,2
Roboflow_Classifier_train_193A1489_jpg.rf.50758d1c82f6890fbe15f1f661383021.jpg,1,8.89,0,5
Roboflow_Classifier_train_193A1489_jpg.rf.525728861e647c8fd7a2ebd544e2d4a1.jpg,1,2.28,0,9
Roboflow_Classifier_train_193A1489_jpg.rf.f90a40c29e7cc104226703d2e30d84f3.jpg,2,5.15,0,0
Roboflow_Classifier_train_193A1499_jpg.rf.4de304d647cd8f338cbb279fa1453ab0.jpg,2,5.31,0,4
Roboflow_Classifier_train_193A1499_jpg.rf.b29b95ef45d3b9fe94f5908e94051f48.jpg,3,16.24,0,7
Roboflow_Classifier_train_193A1499_jpg.rf.fbe784d0ae21b1663aee7a09377bf3cb.jpg,1,16.52,0,6
Roboflow_Classifier_train_193A1515_jpg.rf.0c50976b25d61da272c8f14a2245d7c0.jpg,2,1.3,0,9
Roboflow_Classifier_train_193A1515_jpg.rf.28e5bb96327516ef863f114f5bdbb2a6.jpg,1,4.94,0,3
Roboflow_Classifier_train_193A1515_jpg.rf.dc26a7abda0049903b2542467531d794.jpg,2,14.04,0,8
Roboflow_Classifier_train_193A1516_jpg.rf.458fc1d0a0472f5c84ddb4e46b7a03a6.jpg,2,17.81,0,8
Roboflow_Classifier_train_193A1516_jpg.rf.b844a4abebc72240c65a32a07d4e4e18.jpg,0,45.2,0,2
Roboflow_Classifier_train_193A1516_jpg.rf.d35e9780417b834b1d9f8dde9d6f085b.jpg,3,4.83,0,0
Roboflow_Classifier_train_193A1520_jpg.rf.04048462a21db4bc39d335937b9a70cc.jpg,0,15.34,0,8
Roboflow_Classifier_train_193A1520_jpg.rf.7122bb9ded93fd540a586439b7b2f3bf.jpg,0,19.46,0,7
Roboflow_Classifier_train_193A1520_jpg.rf.71df16185e62bfe448febd910f0ade6e.jpg,2,10.0,0,7
Roboflow_Classifier_train_193A1532_jpg.rf.0c29fe28e95f1699f40023752bb217c6.jpg,3,9.25,0,5
Roboflow_Classifier_train_193A1532_jpg.rf.a88f2ad17c07ab75a9de2f606401b55e.jpg,2,2.62,0,3
Roboflow_Classifier_train_193A1532_jpg.rf.db49bd8ceb71ffe4aa80c218b5a9f93a.jpg,2,2.31,0,4
Roboflow_Classifier_train_193A1534_jpg.rf.47677f44c90ec10b7aecc0e253031648.jpg,1,1.5,0,0
Roboflow_Classifier_train_193A1534_jpg.rf.6ea17e7b3ccf4e08e2182f6032b0e590.jpg,2,29.84,0,2
Roboflow_Classifier_train_193A1534_jpg.rf.fd972587340d5e0b0687d32b29d344f9.jpg,1,1.72,0,3
Roboflow_Classifier_train_193A1537_jpg.rf.2103584017fdd47629f1ef96fe2db89e.jpg,2,36.47,0,1
Roboflow_Classifier_train_193A1537_jpg.rf.8364f23254a4a567ffc6d63d8851fd29.jpg,2,5.98,0,0
Roboflow_Classifier_train_193A1537_jpg.rf.c5ae8aa1c7bd32d835f75f341cf115d4.jpg,2,60.04,0,2
Roboflow_Classifier_train_193A1551_jpg.rf.744aa6ab7dea3282bcd4b45fbcfb64aa.jpg,2,13.33,0,5
Roboflow_Classifier_train_193A1551_jpg.rf.a4d4205cb5c37df220b37006b6b7c1e2.jpg,1,1.27,0,9
Roboflow_Classifier_train_193A1551_jpg.rf.a7e6402c19f2e23e15df6210d20eec23.jpg,3,33.34,0,1
Roboflow_Classifier_train_193A1556_jpg.rf.7ddcc254598cb40e7811b1aeeaa95864.jpg,2,6.77,0,6
Roboflow_Classifier_train_193A1556_jpg.rf.9a568fc56752f3d15fef903b54d0d12e.jpg,2,24.87,0,5
Roboflow_Classifier_train_193A1556_jpg.rf.abaa8da1d004560318facefcd2ce8503.jpg,2,18.49,0,1
Roboflow_Classifier_train_193A1582_jpg.rf.80e0cb69dcacfb1f4162dbc5405ed817.jpg,2,63.56,0,2
Roboflow_Classifier_train_193A1582_jpg.rf.a6a52c557eed09c50dcbd2c1245eca0d.jpg,2,6.45,0,3
Roboflow_Classifier_train_193A1582_jpg.rf.f8b2d29788b4cf2b5e6541c963d4ab71.jpg,2,0.51,0,9
Roboflow_Classifier_train_193A1583_jpg.rf.836fe77cc99cdca5e94adc05c9c8e22b.jpg,2,25.35,0,5
Roboflow_Classifier_train_193A1583_jpg.rf.93cd4401f54fae48d7784d79773dcb63.jpg,1,6.97,0,6
Roboflow_Classifier_train_193A1583_jpg.rf.ae38b3d1fb889b0ad97ce44e5ecf78e1.jpg,3,5.09,0,3
Roboflow_Classifier_train_193A1591_jpg.rf.74dc804daf7cdbda2cfccba3160f1c82.jpg,2,5.0,0,6
Roboflow_Classifier_train_193A1591_jpg.rf.8b3ba20dc05b0ec79c86a1a9cc01302d.jpg,2,13.87,0,5
Roboflow_Classifier_train_193A1591_jpg.rf.9c58d840c02907b4adefc2e19cc1db4b.jpg,2,7.73,0,3
Roboflow_Classifier_train_193A1593_jpg.rf.5b2dfb3873131ba632fd661e9c7e4f74.jpg,0,4.93,0,0
Roboflow_Classifier_train_193A1593_jpg.rf.69b0b6f47a75b337399c09858270c367.jpg,1,15.28,0,5
Roboflow_Classifier_train_193A1593_jpg.rf.86c7e3b38ec1a64a3a6fc53f636fd28b.jpg,3,2.44,0,9
Roboflow_Classifier_train_193A1607_jpg.rf.0952cd0c01b45ecf3a4c29030da2bb67.jpg,2,17.42,0,5
Roboflow_Classifier_train_193A1607_jpg.rf.5abcd12e6877eea92c7d939205300295.jpg,1,14.92,0,1
Roboflow_Classifier_train_193A1607_jpg.rf.b93f4af6848605fd4d35245f6b585c1f.jpg,2,15.45,0,5
Roboflow_Classifier_train_193A1612_jpg.rf.5a9e4621da097aa2307666e5449bdbef.jpg,2,2.24,0,3
Roboflow_Classifier_train_193A1612_jpg.rf.8cd775f97f94ac4dc81f8d6999ca3d82.jpg,1,4.86,0,3
Roboflow_Classifier_train_193A1612_jpg.rf.9284dd826c1077014e3afdc99bc29529.jpg,2,2.19,0,3
Roboflow_Classifier_train_193A1619_jpg.rf.45d41e29b349d47a89e46b0f09ab77c9.jpg,2,8.75,0,6
Roboflow_Classifier_train_193A1619_jpg.rf.616d4cdb0a611a7df7bafcc56e53628a.jpg,2,5.55,0,3
Roboflow_Classifier_train_193A1619_jpg.rf.afe5bd80ee5a9668e0d4de395d62ac39.jpg,2,4.8,0,3
Roboflow_Classifier_train_193A1633_jpg.rf.0bdc83ac128104017aabc80879cb6158.jpg,1,18.3,0,1
Roboflow_Classifier_train_193A1633_jpg.rf.6229da8cc362532fc60e329a10add1ac.jpg,2,19.56,0,5
Roboflow_Classifier_train_193A1633_jpg.rf.b7885b3c3af7013cb593dc438d1f8a1b.jpg,2,23.28,0,7
Roboflow_Classifier_train_193A1637_jpg.rf.452e7bfd37b32c491ae3997e1561fc88.jpg,2,5.39,0,0
Roboflow_Classifier_train_193A1637_jpg.rf.72f9f9079ca479c149bfe9260454224c.jpg,1,6.35,0,0
Roboflow_Classifier_train_193A1637_jpg.rf.e027e66b6a2cb61e575a5aea94e4f9c1.jpg,0,5.13,0,4
Roboflow_Classifier_train_193A1641_jpg.rf.4e301da73308a4f500da4b657a56ad65.jpg,1,15.7,0,7
Roboflow_Classifier_train_193A1641_jpg.rf.6654a64730ace825c1cb1d54a8b5924a.jpg,2,2.28,0,4
Roboflow_Classifier_train_193A1641_jpg.rf.e1454e75635e9e75baed70b649184019.jpg,2,20.88,0,7
Roboflow_Classifier_train_193A1644_jpg.rf.81f70b799fb48910f6e06512518280dd.jpg,1,8.58,0,6
Roboflow_Classifier_train_193A1644_jpg.rf.94df09a280eb70ba839f8f14d28aefb6.jpg,2,4.07,0,3
Roboflow_Classifier_train_193A1644_jpg.rf.c6c69b5281fc158b374a48709677cb3a.jpg,2,26.16,0,8
Roboflow_Classifier_train_193A1653_jpg.rf.5635b81d5b97751c85de88f3ac63e0ac.jpg,2,17.05,0,5
Roboflow_Classifier_train_193A1653_jpg.rf.71ca1a711e8f2e75d54b471dba29428e.jpg,2,1.46,0,9
Roboflow_Classifier_train_193A1653_jpg.rf.8e8f502ee4713b0d321adcd024ce537a.jpg,2,2.16,0,9
Roboflow_Classifier_train_193A1656_jpg.rf.55d744b8722f0d098ed04704d9adc0ce.jpg,2,4.01,0,4
Roboflow_Classifier_train_193A1656_jpg.rf.b741585b5bdc328dfc677b409067d3db.jpg,3,1.15,0,9
Roboflow_Classifier_train_193A1656_jpg.rf.e2123b02383baa729f98ab7570527062.jpg,0,17.99,0,6
Roboflow_Classifier_train_193A1658_jpg.rf.3479cebb6fc95626ecff15187c43964d.jpg,2,13.4,0,1
Roboflow_Classifier_train_193A1658_jpg.rf.4a2b81da16d6cda8bf4913db94650577.jpg,2,1.66,0,3
Roboflow_Classifier_train_193A1658_jpg.rf.4db40a730c614dfcbd98a132a04f80c4.jpg,1,22.91,0,7
Roboflow_Classifier_train_193A1659_jpg.rf.13fa6c0df93abbd369bff81e2cab86ac.jpg,0,26.31,0,7
Roboflow_Classifier_train_193A1659_jpg.rf.9384dfefad5c91b4881f2824ea2b0e8f.jpg,2,30.37,0,2
Roboflow_Classifier_train_193A1659_jpg.rf.a410f3d3777e9c591b7297cef9391de6.jpg,2,21.15,0,7
Roboflow_Classifier_train_193A1661_jpg.rf.555fc97eb15d25a215f397495c2f07b9.jpg,1,16.01,0,7
Roboflow_Classifier_train_193A1661_jpg.rf.61eb0ca73bdfb430d0587e1bcf234431.jpg,3,5.3,0,0
Roboflow_Classifier_train_193A1661_jpg.rf.821ddc6fce0e911bfb79ad30f9a72bf2.jpg,2,11.32,0,7
Roboflow_Classifier_train_193A1666_jpg.rf.05dcee15811fa05f8d1983133c592ff3.jpg,2,5.83,0,0
Roboflow_Classifier_train_193A1666_jpg.rf.5641c0cac5d0eadebb676384ab701eb3.jpg,1,21.65,0,1
Roboflow_Classifier_train_193A1666_jpg.rf.e0ce88e1c0c7bdb43f8927e717c4eb4c.jpg,2,26.64,0,2
Roboflow_Classifier_train_193A1667_jpg.rf.534e1284bce54b57efa38bd927e1e8ad.jpg,2,1.95,0,9
Roboflow_Classifier_train_193A1667_jpg.rf.6369bb37bf534536c0cf538c8e5ddb71.jpg,1,4.97,0,0
Roboflow_Classifier_train_193A1667_jpg.rf.fe994f110c182553f630ba5ff738b506.jpg,2,13.07,0,5
Roboflow_Classifier_train_193A1672_jpg.rf.a6cbc419a9dd49950970fb32420d7b0d.jpg,1,44.69,0,2
Roboflow_Classifier_train_193A1672_jpg.rf.b8208b206fd90402d4fcec75791886a4.jpg,2,4.94,0,3
Roboflow_Classifier_train_193A1672_jpg.rf.fb12cce5b2c67ac54233912c638df0f5.jpg,3,2.56,0,0
Roboflow_Classifier_train_193A1675_jpg.rf.44f110989bc4e88da30fa49d7f1224f9.jpg,0,12.36,0,6
Roboflow_Classifier_train_193A1675_jpg.rf.47a7a21ffdac9cc5d084485c75d7119a.jpg,2,4.27,0,4
Roboflow_Classifier_train_193A1675_jpg.rf.5804a94454f0fd1258c672fb9a48aa59.jpg,2,6.91,0,6
Roboflow_Classifier_train_193A1677_jpg.rf.13513737e5c51c2e5ba49d091554886d.jpg,0,10.96,0,1
Roboflow_Classifier_train_193A1677_jpg.rf.45d6d1c9246f231115a3b0225caea589.jpg,2,7.82,0,6
Roboflow_Classifier_train_193A1677_jpg.rf.5c06d454232b18684cfea6c1277f586a.jpg,2,33.69,0,2
Roboflow_Classifier_train_193A1681_jpg.rf.377afc7cf5ac6cdaef88886207e48da9.jpg,1,14.36,0,2
Roboflow_Classifier_train_193A1681_jpg.rf.870354d77185b2653254b05e5f2b1c81.jpg,2,19.8,0,5
Roboflow_Classifier_train_193A1681_jpg.rf.e421baaea9f005307b507f0e7ee9139e.jpg,2,1.35,0,9
Roboflow_Classifier_train_193A1685_jpg.rf.91b144b1ed9fb25da81fe163b05ba332.jpg,3,17.3,0,7
Roboflow_Classifier_train_193A1685_jpg.rf.d3092b3d7ca2a80207d671870d84058e.jpg,2,5.28,0,3
Roboflow_Classifier_train_193A1685_jpg.rf.f12f38c39604c0c69c0eb761a7042bf6.jpg,1,6.11,0,0
Roboflow_Classifier_train_193A1691_jpg.rf.2ec218904d08d4608faf46c5c2c0be6a.jpg,2,18.84,0,7
Roboflow_Classifier_train_193A1691_jpg.rf.9eb7773c6f18072023c3de524fec2b21.jpg,2,21.78,0,5
Roboflow_Classifier_train_193A1691_jpg.rf.b8d12223b09861a7a18c6630600dca89.jpg,2,21.0,0,6
Roboflow_Classifier_train_193A1692_jpg.rf.6396bd26b5d68a9f6747aac26cb16c93.jpg,2,6.29,0,0
Roboflow_Classifier_train_193A1692_jpg.rf.c418ca9c09da5e4bf34bd574849a2aa5.jpg,2,17.78,0,2
Roboflow_Classifier_train_193A1692_jpg.rf.e9c21484889f349d136b2856ae69f5de.jpg,2,1.5,0,4
Roboflow_Classifier_train_193A1693_jpg.rf.6cd0fba9260a47005fc8a8f2fc76ed68.jpg,2,20.61,0,8
Roboflow_Classifier_train_193A1693_jpg.rf.8e32627bcd4209deb65a976339842d48.jpg,1,5.11,0,0
Roboflow_Classifier_train_193A1693_jpg.rf.f31aeaea77bfd449be1a1b668a43e437.jpg,1,1.66,0,9
Roboflow_Classifier_train_193A1699_jpg.rf.6eba2e260164f1e5d4f4d4058f63cc6d.jpg,2,13.98,0,6
Roboflow_Classifier_train_193A1699_jpg.rf.6ebd8ad2843384ca7c7c5ca31e3a7b7e.jpg,1,3.65,0,3
Roboflow_Classifier_train_193A1699_jpg.rf.b528f762e6862d712d0e645c2cfade35.jpg,2,6.46,0,0
Roboflow_Classifier_train_193A1703_jpg.rf.2f369789ae2cb41d6e19a48f97484f7a.jpg,1,1.33,0,9
Roboflow_Classifier_train_193A1703_jpg.rf.808bded2aef3f774ab455e156315fee9.jpg,2,8.46,0,0
Roboflow_Classifier_train_193A1703_jpg.rf.8936e59781aa8326df66343b57fbc4c3.jpg,3,22.97,0,7
Roboflow_Classifier_train_193A1704_jpg.rf.35aade02b34d284e1151588c3bed1ee4.jpg,2,26.77,0,6
Roboflow_Classifier_train_193A1704_jpg.rf.9e46fff61b6e82643bd9fe08c33581e4.jpg,2,18.77,0,6
Roboflow_Classifier_train_193A1704_jpg.rf.bc86d165b6af841ca9c1b4c096c13f2b.jpg,3,43.21,0,2
Roboflow_Classifier_train_193A1706_jpg.rf.2cbc8e12e91fe32faf88bd7ccec3ca2c.jpg,2,23.65,0,8
Roboflow_Classifier_train_193A1706_jpg.rf.2d3cd78d6ad81b2131305d6978ad818b.jpg,2,1.68,0,9
Roboflow_Classifier_train_193A1706_jpg.rf.59ac2a0dba69e020f5c2d57920dfaf4b.jpg,1,8.97,0,5
Roboflow_Classifier_train_193A1707_jpg.rf.04cbc3d2f210ba3ada187e7aa4a1fca3.jpg,3,3.5,0,0
Roboflow_Classifier_train_193A1707_jpg.rf.55ae1dba503b59119e543b8f26e81006.jpg,2,2.32,0,9
Roboflow_Classifier_train_193A1707_jpg.rf.e8cbabcf9e884374ce075562166e9288.jpg,3,7.39,0,0
Roboflow_Classifier_train_193A1711_jpg.rf.100a2f1abf11136363d4ed981c1d7ba0.jpg,0,15.55,0,6
Roboflow_Classifier_train_193A1711_jpg.rf.93748e4dfab1c56f9e0a3ea96c94f7af.jpg,2,20.78,0,7
Roboflow_Classifier_train_193A1711_jpg.rf.ec14cc34eb12e23e4ae3a37119087c3c.jpg,2,15.95,0,8
Roboflow_Classifier_train_193A1712_jpg.rf.7c318086fc2ec2d5a33695c2864d75ae.jpg,1,19.23,0,2
Roboflow_Classifier_train_193A1712_jpg.rf.a041c5051039e251b2b9dfdc1afef7d3.jpg,1,37.7,0,1
Roboflow_Classifier_train_193A1712_jpg.rf.fd6734e2df1deb308abd8ed6d3d2c3da.jpg,2,18.7,0,5
Roboflow_Classifier_train_193A1714_jpg.rf.1ebd2e55caccf857c66797194c9fa89b.jpg,2,17.76,0,1
Roboflow_Classifier_train_193A1714_jpg.rf.650a41113a796c4d459b0cb1740e2f5f.jpg,2,23.75,0,1
Roboflow_Classifier_train_193A1714_jpg.rf.6f7c20469c940f7bac10a1b1d83b5b0f.jpg,2,11.64,0,5
Roboflow_Classifier_train_193A1718_jpg.rf.6917dc38942f7af026f038ab391a5ee8.jpg,0,17.5,0,6
Roboflow_Classifier_train_193A1718_jpg.rf.9dbcbe20ebdc87d7f98328598923bc66.jpg,2,8.17,0,0
Roboflow_Classifier_train_193A1718_jpg.rf.d91333488c61aac453ae9abd4da0a052.jpg,2,6.85,0,3
Roboflow_Classifier_train_193A1724_jpg.rf.3e874224a6c36f7fb95a2200bf09e8b8.jpg,0,4.67,0,4
Roboflow_Classifier_train_193A1724_jpg.rf.89a8dea8629606226ef61daf77d5f62d.jpg,2,1.27,0,9
Roboflow_Classifier_train_193A1724_jpg.rf.e1c8f8a4d17aa84a59ced338d6b37f4c.jpg,2,4.68,0,3
Roboflow_Classifier_train_193A1733_jpg.rf.2634d4f2e7461a2be59001bbe145a028.jpg,2,27.27,0,7
Roboflow_Classifier_train_193A1733_jpg.rf.8625c09b5e4d91ee710d79b0fbf990d9.jpg,1,5.51,0,0
Roboflow_Classifier_train_193A1733_jpg.rf.aa9ade77f8ee7604eee6c47dfb8b51dc.jpg,2,14.15,0,8
Roboflow_Classifier_train_193A1741_jpg.rf.252c5ee566f7e2662a9122e99a2a3228.jpg,3,4.77,0,0
Roboflow_Classifier_train_193A1741_jpg.rf.7a295ae96cbc39f0a6079c3e26fc8807.jpg,1,1.99,0,9
Roboflow_Classifier_train_193A1741_jpg.rf.b45bffa7d7505665f1a09b027f35937d.jpg,1,22.01,0,8
Roboflow_Classifier_train_193A1742_jpg.rf.5344e89a9d23b6418511b35b5c39b7f0.jpg,2,3.23,0,4
Roboflow_Classifier_train_193A1742_jpg.rf.53680a91c730f4ec0833c1baeb5ca9b9.jpg,2,4.2,0,4
Roboflow_Classifier_train_193A1742_jpg.rf.db0719067e33bd72abf2f73f119934cc.jpg,2,6.44,0,6
Roboflow_Classifier_train_193A1745_jpg.rf.0d5059df583ef6577b9293a81e58cea7.jpg,0,1.0,0,3
Roboflow_Classifier_train_193A1745_jpg.rf.a9447df17e45a69b241243fbf1fabd5e.jpg,2,3.49,0,4
Roboflow_Classifier_train_193A1745_jpg.rf.e341eea4b14299ab280b5913304a1d6b.jpg,2,38.59,0,2
Roboflow_Classifier_train_193A1746_jpg.rf.1179d6b77704f04c46dacc17b1f6f93d.jpg,1,11.94,0,5
Roboflow_Classifier_train_193A1746_jpg.rf.5c9421d8062c9a5d76bf2dc04b0e56d4.jpg,2,7.57,0,0
Roboflow_Classifier_train_193A1746_jpg.rf.a1777cdd214ed221220bdb49f362fcf8.jpg,2,1.02,0,9
Roboflow_Classifier_train_193A1756_jpg.rf.4c703f352b9b65de419b862db2bfed66.jpg,1,5.91,0,3
Roboflow_Classifier_train_193A1756_jpg.rf.d0da119c63dde9bb81932c516aebe9a5.jpg,1,4.49,0,4
Roboflow_Classifier_train_193A1756_jpg.rf.fb697d73c25a5494347c9de4dafcd1e7.jpg,1,22.25,0,7
Roboflow_Classifier_train_193A1762_jpg.rf.24ee697b873d8bcb40d20b35551b1c40.jpg,2,20.26,0,5
Roboflow_Classifier_train_193A1762_jpg.rf.7693f588263ede86d20e703037c107b5.jpg,1,14.87,0,1
Roboflow_Classifier_train_193A1762_jpg.rf.b95b02ff7cd21e537f466b5d82577b18.jpg,2,29.09,0,1
Roboflow_Classifier_train_193A1766_jpg.rf.2ed1126811927feabef30108663764c4.jpg,2,10.49,0,6
Roboflow_Classifier_train_193A1766_jpg.rf.456a22b5afddd53f73219f424e397967.jpg,1,1.52,0,9
Roboflow_Classifier_train_193A1766_jpg.rf.547202e177dc900ffb75b9a033a3c61b.jpg,2,4.51,0,4
Roboflow_Classifier_train_193A1779_jpg.rf.19c97edab83597feb0bd442caae93dde.jpg,1,25.37,0,1
Roboflow_Classifier_train_193A1779_jpg.rf.5c38499a32b60ad498e45614539d5576.jpg,2,23.68,0,5
Roboflow_Classifier_train_193A1779_jpg.rf.76526150de46d25d9759eb9599641112.jpg,2,5.0,0,6
Roboflow_Classifier_train_193A1787_jpg.rf.250d0011fdd68fbf1e8049e5b2e2fa1b.jpg,2,8.0,0,8
Roboflow_Classifier_train_193A1787_jpg.rf.ac6c70dfdc33be46272b352fb41f0e67.jpg,3,18.16,0,8
Roboflow_Classifier_train_193A1787_jpg.rf.e4fa9035c7a6998e897bfa329adcad49.jpg,1,34.91,0,1
Roboflow_Classifier_train_193A1803_jpg.rf.1e90edb0505bda5847eb9c36c6af76ce.jpg,2,30.22,0,7
Roboflow_Classifier_train_193A1803_jpg.rf.37cbaf0076eac0255c440ec5fb32c4e8.jpg,1,2.86,0,0
Roboflow_Classifier_train_193A1803_jpg.rf.509aeb3a215d3418d24e74ee539891e2.jpg,0,16.64,0,8
Roboflow_Classifier_train_193A1823_jpg.rf.4e4ca5586ada5cc418ecd05079dad930.jpg,2,14.81,0,5
Roboflow_Classifier_train_193A1823_jpg.rf.64ee78a0adbb2d967dceea22417b6cd3.jpg,0,29.16,0,1
Roboflow_Classifier_train_193A1823_jpg.rf.b0e4eecf152ece81b695883166899de3.jpg,3,5.0,0,6
Roboflow_Classifier_train_193A1826_jpg.rf.0caa2d265bc9f6f0291780710e712560.jpg,0,43.82,0,2
Roboflow_Classifier_train_193A1826_jpg.rf.0e9f0c1a3e4a17303de883a73c159613.jpg,2,19.4,0,7
Roboflow_Classifier_train_193A1826_jpg.rf.d6490af64198824adf1af2052b65e110.jpg,2,5.6,0,0
Roboflow_Classifier_train_193A1830_jpg.rf.3e543c0430bbcc96483ae45dba096e53.jpg,2,31.0,0,7
Roboflow_Classifier_train_193A1830_jpg.rf.aeaac100b1e78cbf477de9bd292c45e7.jpg,0,16.26,0,7
Roboflow_Classifier_train_193A1830_jpg.rf.c47575db03e1ffdaae81335af6ebe0dc.jpg,2,3.68,0,4
Roboflow_Classifier_train_193A1834_jpg.rf.3e5fc841e40ab184587d2d700bafb2e8.jpg,1,4.19,0,0
Roboflow_Classifier_train_193A1834_jpg.rf.7f646c5a02f3dce1f44bdea6a89312e2.jpg,1,4.84,0,0
Roboflow_Classifier_train_193A1834_jpg.rf.e448586d1c3aefd4d2007a965fcea253.jpg,2,4.71,0,3
Roboflow_Classifier_train_193A1835_jpg.rf.184a4bac8090e9d800e96bc482a51b7e.jpg,3,21.62,0,5
Roboflow_Classifier_train_193A1835_jpg.rf.1cc6fabea43b30e97225059ee5bc3f88.jpg,1,1.66,0,9
Roboflow_Classifier_train_193A1835_jpg.rf.c728a9fcec6855934227a8a3f39bebae.jpg,2,12.59,0,6
Roboflow_Classifier_train_193A1837_jpg.rf.3ba04648bdbb42ec47c43ad22393b492.jpg,1,4.3,0,4
Roboflow_Classifier_train_193A1837_jpg.rf.63fe1f05d83f11c35f262e2f3e8a82bc.jpg,2,15.53,0,5
Roboflow_Classifier_train_193A1837_jpg.rf.be964a079700361ac6a4a8bd16aa00ec.jpg,2,4.39,0,4
Roboflow_Classifier_train_193A1843_jpg.rf.d9eea83b57fba513a80a477ad11a2533.jpg,2,4.81,0,0
Roboflow_Classifier_train_193A1843_jpg.rf.ec7fc8f117170e9afc9fbff4ccf3e939.jpg,2,24.01,0,8
Roboflow_Classifier_train_193A1843_jpg.rf.f9bb1b8f45178101efa0901f95b8d2a2.jpg,2,14.44,0,6
Roboflow_Classifier_train_193A1860_jpg.rf.4f5a9db424624271b89a69deecee392f.jpg,0,27.12,0,7
Roboflow_Classifier_train_193A1860_jpg.rf.ace9ff1a16bbb8d4ad3a21761b54fafa.jpg,0,23.35,0,2
Roboflow_Classifier_train_193A1860_jpg.rf.d3bc17d5650f1e2985bb2b8085251d8c.jpg,2,4.95,0,3
Roboflow_Classifier_train_193A1861_jpg.rf.5edd18eb6e517aa5c00ceef8ec0ca381.jpg,2,32.47,0,2
Roboflow_Classifier_train_193A1861_jpg.rf.92f2c80af2552a76ec64aa0fbab56731.jpg,2,30.18,0,1
Roboflow_Classifier_train_193A1861_jpg.rf.e6cbbd8469ad02480a05562fab70cf9a.jpg,3,19.71,0,7
Roboflow_Classifier_train_193A1863_jpg.rf.8e5e51ef237d9475c263df4c21287495.jpg,2,29.34,0,7
Roboflow_Classifier_train_193A1863_jpg.rf.bbb38c3cf79f43759340d251a68bf93e.jpg,2,1.5,0,4
Roboflow_Classifier_train_193A1863_jpg.rf.f4a7c8fbd52acd8034174b6b3a0ab48e.jpg,1,1.6,0,9
Roboflow_Classifier_train_193A1865_jpg.rf.688bb92229bb6222af780f472304ccfe.jpg,2,21.93,0,5
Roboflow_Classifier_train_193A1865_jpg.rf.9985b4e6a1d4e1c2d97e01c55ee60b57.jpg,2,10.0,0,7
Roboflow_Classifier_train_193A1865_jpg.rf.b110ee6620156c3c8c7b0caf3154de09.jpg,3,10.58,0,8
Roboflow_Classifier_train_193A1866_jpg.rf.1ecfc93c32a0c8a13a00e5fb10c86fb8.jpg,2,2.67,0,4
Roboflow_Classifier_train_193A1866_jpg.rf.a362a26cfdb714579405294f4e0d85bc.jpg,2,1.4,0,9
Roboflow_Classifier_train_193A1866_jpg.rf.c8a752400e6e87a65e530ec1216eb505.jpg,2,20.95,0,1
Roboflow_Classifier_train_193A1870_jpg.rf.697a45406362256cfb7bdd1d0eea863f.jpg,2,19.24,0,7
Roboflow_Classifier_train_193A1870_jpg.rf.76b4dcb38901d1263acf4fdf85107918.jpg,2,21.99,0,6
Roboflow_Classifier_train_193A1870_jpg.rf.daf1f563c3639d0107245f52e0d5ec59.jpg,2,8.73,0,5
Roboflow_Classifier_train_193A1871_jpg.rf.0119ebcd9776f2fc782b72334320a764.jpg,3,41.59,0,2
Roboflow_Classifier_train_193A1871_jpg.rf.2f66d4645501a17a7a35e60269b6ea5a.jpg,2,30.0,0,1
Roboflow_Classifier_train_193A1871_jpg.rf.d4428accba941338cf9495ff451ab624.jpg,2,3.94,0,0
Roboflow_Classifier_train_193A1874_jpg.rf.240e99e09094dc4fff14d7f193b81413.jpg,2,10.0,0,2
Roboflow_Classifier_train_193A1874_jpg.rf.5b8429f4ab0eba473c9ddb5d0fcff8ff.jpg,2,18.72,0,5
Roboflow_Classifier_train_193A1874_jpg.rf.89d9095dde6adf8ecebe38c956f44059.jpg,3,12.52,0,7
Roboflow_Classifier_train_193A1883_jpg.rf.10073f9eb38af0fd4adb89592815b68f.jpg,2,13.23,0,5
Roboflow_Classifier_train_193A1883_jpg.rf.631a6dfc0d0cee0ca14e14e8772a7b88.jpg,2,18.62,0,5
Roboflow_Classifier_train_193A1883_jpg.rf.7b6e4a32e88b7674fa12e6627cc803b1.jpg,3,4.26,0,3
Roboflow_Classifier_train_193A1888_jpg.rf.93a16164a9a4cb660fbf9b1cfb816f49.jpg,0,3.62,0,3
Roboflow_Classifier_train_193A1888_jpg.rf.d175fb81d5ae815d2cecfc9e1f90d317.jpg,2,4.28,0,3
Roboflow_Classifier_train_193A1888_jpg.rf.edfcbd812f0343270dce41908a247b5c.jpg,2,35.27,0,7
Roboflow_Classifier_train_193A1894_jpg.rf.445a5af2ecac4597207a195147037237.jpg,2,3.28,0,4
Roboflow_Classifier_train_193A1894_jpg.rf.5ca7b63e493f0ace04d8b557b714287f.jpg,3,1.37,0,9
Roboflow_Classifier_train_193A1894_jpg.rf.dac3870b2dac4f87bf1e7bbf52c09f7d.jpg,0,21.99,0,8
Roboflow_Classifier_train_193A1898_jpg.rf.5ef169ee453e90ad14cd3022e4e167de.jpg,2,15.66,0,8
Roboflow_Classifier_train_193A1898_jpg.rf.a5e0f3cc7347b3f6487b22869d9e5128.jpg,2,16.83,0,5
Roboflow_Classifier_train_193A1898_jpg.rf.cbd03540c5dba7ab2e5de827c19ca83f.jpg,1,10.33,0,6
Roboflow_Classifier_train_193A1904_jpg.rf.288d76d14e697f3f41787fbe92aa542d.jpg,2,17.88,0,1
Roboflow_Classifier_train_193A1904_jpg.rf.4726c71bbe6a7bef0d9ed263cd1b93ba.jpg,0,14.51,0,5
Roboflow_Classifier_train_193A1904_jpg.rf.a0bb7aa1a98e575ff8d91bead03338e0.jpg,1,5.0,0,6
Roboflow_Classifier_train_193A1913_jpg.rf.4b40eed4fb40fba19d870ca5009ba105.jpg,2,17.9,0,8
Roboflow_Classifier_train_193A1913_jpg.rf.a40f1b8703e1cb88355818e0659e375c.jpg,2,12.56,0,5
Roboflow_Classifier_train_193A1913_jpg.rf.c5b8d8a5547fac5e8facd3f9d1a96149.jpg,1,26.88,0,1
Roboflow_Classifier_train_193A1918_jpg.rf.2cd8a1ec8ac6be4abf2eeff6d422f6fd.jpg,1,21.84,0,8
Roboflow_Classifier_train_193A1918_jpg.rf.62811f8ce9e7e4dd64b6f0e37cc5b205.jpg,2,23.83,0,6
Roboflow_Classifier_train_193A1918_jpg.rf.9a32c4600a3014b7da8b6f9bd3c2ab9c.jpg,2,40.81,0,2
Roboflow_Classifier_train_193A1922_jpg.rf.e5e0f837a11d4d7a0973caa0d9b101a7.jpg,2,38.18,0,2
Roboflow_Classifier_train_193A1922_jpg.rf.f097a1f5be00ff89dccda8dbbe1d2772.jpg,2,1.13,0,9
Roboflow_Classifier_train_193A1922_jpg.rf.f15a3d7e43df428b2bf6673dfeb5a8f2.jpg,2,32.55,0,7
Roboflow_Classifier_train_193A1926_jpg.rf.0fd6071f04c2e32d0ea31974db6fe97f.jpg,1,30.49,0,7
Roboflow_Classifier_train_193A1926_jpg.rf.c4c72de932a3b597ff86adf1115693d7.jpg,1,5.11,0,3
Roboflow_Classifier_train_193A1926_jpg.rf.e62eec8d22f7e991c085605730c9b308.jpg,1,1.51,0,4
Roboflow_Classifier_train_193A1927_jpg.rf.938e753220580d3490dd7dbb250ba43e.jpg,2,4.1,0,4
Roboflow_Classifier_train_193A1927_jpg.rf.9683cf47387b58e0499ba1b05332d33e.jpg,2,23.46,0,1
Roboflow_Classifier_train_193A1927_jpg.rf.9e9e4e3f11ad9e0af747ade476b12216.jpg,2,13.83,0,8
Roboflow_Classifier_train_193A1935_jpg.rf.04bdd3b028314c33d84c27e8ebe40ff0.jpg,1,29.61,0,7
Roboflow_Classifier_train_193A1935_jpg.rf.1df1b98ccfcc50e0a16ecbbcf065e4b8.jpg,2,20.67,0,6
Roboflow_Classifier_train_193A1935_jpg.rf.643a77fb166acba7bb67aef0238a72a4.jpg,3,24.02,0,7
Roboflow_Classifier_train_193A1941_jpg.rf.4319c4b229fd458b7a9f745a081d7a2e.jpg,2,22.73,0,6
Roboflow_Classifier_train_193A1941_jpg.rf.8c6047f53047e85a89d2fab9587dbd73.jpg,3,18.49,0,5
Roboflow_Classifier_train_193A1941_jpg.rf.b1c68a378a16d50d44537dffb132a226.jpg,0,5.0,0,6
Roboflow_Classifier_train_193A1942_jpg.rf.2685d22cda01a5c1a014d379300e5ecc.jpg,2,13.22,0,8
Roboflow_Classifier_train_193A1942_jpg.rf.80fd89ba35f1d2c90f779d327e0d195c.jpg,2,1.15,0,9
Roboflow_Classifier_train_193A1942_jpg.rf.c2e8fc7a8618239ff01153ba7fb4dd9b.jpg,0,3.01,0,0
Roboflow_Classifier_train_193A1943_jpg.rf.5bb195bcdf035a1950cedca593826f10.jpg,2,4.39,0,0
Roboflow_Classifier_train_193A1943_jpg.rf.bee13dcb332043133aa5aa5cfed8a069.jpg,2,18.22,0,8
Roboflow_Classifier_train_193A1943_jpg.rf.fd5bc5dc36dcc58ffd8d603917b4c3c0.jpg,2,4.12,0,3
Roboflow_Classifier_train_193A1945_jpg.rf.22e32b5f02e686da7a670476cf4bdfe2.jpg,2,11.11,0,8
Roboflow_Classifier_train_193A1945_jpg.rf.b99d8087adda3fc49094539a9d68db0f.jpg,2,10.96,0,6
Roboflow_Classifier_train_193A1945_jpg.rf.d2f8673e1798af27d6921defc672540a.jpg,2,45.18,0,2
Roboflow_Classifier_train_193A1962_jpg.rf.49b88da51e3970ae851d42e802139861.jpg,2,44.8,0,2
Roboflow_Classifier_train_193A1962_jpg.rf.5f8c2f5aaa89a9875b25bca5eb65ed3d.jpg,3,5.59,0,3
Roboflow_Classifier_train_193A1962_jpg.rf.e56aa9bf405b4536ed2d099fd3360f95.jpg,3,11.09,0,6
Roboflow_Classifier_train_193A1963_jpg.rf.31d59ce494769cb5d1bdaed5820cd592.jpg,1,23.03,0,8
Roboflow_Classifier_train_193A1963_jpg.rf.9872d270492f1cfa5f98c05d888c83b2.jpg,2,9.56,0,5
Roboflow_Classifier_train_193A1963_jpg.rf.ac4912320552565b3194d18f07d37f38.jpg,2,33.06,0,1
Roboflow_Classifier_train_193A1968_jpg.rf.51f6743be2d494bbd3bc5b2a505c7640.jpg,2,34.55,0,1
Roboflow_Classifier_train_193A1968_jpg.rf.7b54417d4d728b817a8754939c50a7ae.jpg,2,51.41,0,2
Roboflow_Classifier_train_193A1968_jpg.rf.e5ed3969edecafa26883bebb719e840e.jpg,1,15.19,0,8
Roboflow_Classifier_train_193A1974_jpg.rf.38d1b5fc1d1684e8f22840a58822a2c3.jpg,2,10.99,0,7
Roboflow_Classifier_train_193A1974_jpg.rf.6da0c5214fb683744fab53b73756e04b.jpg,2,1.77,0,9
Roboflow_Classifier_train_193A1974_jpg.rf.831b7da58cd9f533c0584eac70ad4d74.jpg,2,10.27,0,8
Roboflow_Classifier_train_193A1978_jpg.rf.0c3c38b610d5f988d7eec8bfa3320f6d.jpg,0,4.38,0,0
Roboflow_Classifier_train_193A1978_jpg.rf.cdad952958ef52719aa9af9d059028c0.jpg,1,31.81,0,1
Roboflow_Classifier_train_193A1978_jpg.rf.ef8ff3290504dc8b27f57c8e1bd7e2de.jpg,2,4.19,0,4
Roboflow_Classifier_train_193A1999_jpg.rf.00ee8824da91d5bcfd5e9b60a8894f30.jpg,2,1.65,0,9
Roboflow_Classifier_train_193A1999_jpg.rf.53a0dfee454403f6f86574408aba024f.jpg,2,10.0,0,7
Roboflow_Classifier_train_193A1999_jpg.rf.fefa001f57c73722d3c0bd0d06db785b.jpg,0,16.43,0,1
Roboflow_Classifier_train_193A2001_jpg.rf.1ab6501902e3cf4b73d9c8b29ca6e1aa.jpg,2,17.54,0,8
Roboflow_Classifier_train_193A2001_jpg.rf.1defab62e49d13e302231efd70b5a484.jpg,1,5.79,0,6
Roboflow_Classifier_train_193A2001_jpg.rf.b807acb953bc4f88a2a7ed11b6de3a8d.jpg,1,20.81,0,1
Roboflow_Classifier_train_193A2005_jpg.rf.75ee09fd6de47c1d710452502a7db270.jpg,2,16.76,0,8
Roboflow_Classifier_train_193A2005_jpg.rf.7916a8e66c41d4ef55091e8a77e3b329.jpg,0,4.96,0,4
Roboflow_Classifier_train_193A2005_jpg.rf.a0921266e5b4e91e9b72582ad2fdc4b2.jpg,2,3.86,0,0
Roboflow_Classifier_train_193A2006_jpg.rf.355594a125728a72c96da7440bd654be.jpg,2,16.11,0,5
Roboflow_Classifier_train_193A2006_jpg.rf.895920c32cfc5150f74934d236813035.jpg,1,16.92,0,7
Roboflow_Classifier_train_193A2006_jpg.rf.a09a9d7da658e85c492e8dad95d9bc97.jpg,2,3.24,0,0
Roboflow_Classifier_train_193A2008_jpg.rf.a5eddf5181174e2eb4939595d7cc12a4.jpg,0,26.49,0,6
Roboflow_Classifier_train_193A2008_jpg.rf.d0c82eb5cc4dd3f80955ef4a53bd604d.jpg,1,5.92,0,0
Roboflow_Classifier_train_193A2008_jpg.rf.eb192c38122138af42ad8ab47694e727.jpg,1,0.99,0,9
Roboflow_Classifier_train_193A2019_jpg.rf.101c483de68b950915d391983c150c9a.jpg,2,4.6,0,4
Roboflow_Classifier_train_193A2019_jpg.rf.62bbb8026b166e8cbd276bfd9eb5f3c8.jpg,3,3.5,0,3
Roboflow_Classifier_train_193A2019_jpg.rf.9b2e79eecaf76dd5a58b149c3261b1d5.jpg,3,3.59,0,3
Roboflow_Classifier_train_193A2020_jpg.rf.1b8b895076a917685a2ffdfc27e6fcd0.jpg,3,41.8,0,2
Roboflow_Classifier_train_193A2020_jpg.rf.c10b8e7b90a20f95049cb6aac2764a76.jpg,2,6.24,0,0
Roboflow_Classifier_train_193A2020_jpg.rf.c308737a5ccc391bc38587e14b1129b0.jpg,2,1.73,0,9
Roboflow_Classifier_train_193A2030_jpg.rf.460ff2dedd863ff07bb2168035143a45.jpg,1,26.99,0,7
Roboflow_Classifier_train_193A2030_jpg.rf.465c5d4bdafd5cfa3ee0a6e7cc30a270.jpg,3,7.31,0,0
Roboflow_Classifier_train_193A2030_jpg.rf.c39acce2f8f72853c8993e3f404a6922.jpg,1,14.67,0,8
Roboflow_Classifier_train_193A2031_jpg.rf.2fed80a29532e201608211548023e259.jpg,0,5.51,0,3
Roboflow_Classifier_train_193A2031_jpg.rf.4d04b10c0b3e5ea71ce2f87c0f9d825b.jpg,2,4.22,0,4
Roboflow_Classifier_train_193A2031_jpg.rf.8734af57e687e4a0f8732af476c6265f.jpg,2,4.91,0,3
Roboflow_Classifier_train_193A2033_jpg.rf.0c72acc8c786a7b8856a7e69caf0d635.jpg,2,25.55,0,1
Roboflow_Classifier_train_193A2033_jpg.rf.7e4f63d18516355578776f7e611ddfb1.jpg,1,4.34,0,3
Roboflow_Classifier_train_193A2033_jpg.rf.b1558ebbb6fecca038dd345a9abb45c1.jpg,3,1.75,0,3
Roboflow_Classifier_train_193A2034_jpg.rf.1310eb87a14eca0d3daaf933f24f4d4b.jpg,2,5.59,0,4
Roboflow_Classifier_train_193A2034_jpg.rf.6acc6401ce69a539a3107ed394507d1a.jpg,1,3.86,0,0
Roboflow_Classifier_train_193A2034_jpg.rf.c9e45f819297ae4604e04f72ceee21da.jpg,2,10.0,0,1
Roboflow_Classifier_train_193A2036_jpg.rf.4203a070003934b78d5c10bef04fd213.jpg,2,21.8,0,1
Roboflow_Classifier_train_193A2036_jpg.rf.6ec166f1c9223f6b1ff8f1722dc45476.jpg,1,20.8,0,1
Roboflow_Classifier_train_193A2036_jpg.rf.752960c20331407ff3fbe0344ca270f2.jpg,1,5.22,0,0
Roboflow_Classifier_train_193A2041_jpg.rf.358897be8e36437959820bdcf341d106.jpg,2,3.65,0,3
Roboflow_Classifier_train_193A2041_jpg.rf.e82d15a298c952edacd15239b6699d57.jpg,2,2.53,0,9
Roboflow_Classifier_train_193A2041_jpg.rf.fca58429239862620e6ee9a55a5bca02.jpg,0,32.13,0,7
Roboflow_Classifier_train_193A2043_jpg.rf.553e7f290d38043906e05580f5627c34.jpg,2,14.8,0,1
Roboflow_Classifier_train_193A2043_jpg.rf.5ed1259eea79fc9f2f6cb201f59ace68.jpg,0,2.81,0,0
Roboflow_Classifier_train_193A2043_jpg.rf.ba9d5426f5b7b21816ac64265c69996b.jpg,1,1.42,0,9
Roboflow_Classifier_train_193A2044_jpg.rf.5928cced259a2427be638976ba27b71a.jpg,2,18.59,0,8
Roboflow_Classifier_train_193A2044_jpg.rf.9271581af5560bc1fba11ece9c117850.jpg,2,1.81,0,9
Roboflow_Classifier_train_193A2044_jpg.rf.96c98e03b8948007bf5e2f18b34b2874.jpg,2,6.78,0,0
Roboflow_Classifier_train_193A2045_jpg.rf.0cde355d9470b4149590295058b4f7ad.jpg,1,27.9,0,2
Roboflow_Classifier_train_193A2045_jpg.rf.c7eab00ce95a8fcf1d4d755faf85d484.jpg,3,3.97,0,0
Roboflow_Classifier_train_193A2045_jpg.rf.f3b1b7748fcd07a1cc436a00eb595e22.jpg,3,8.13,0,0
Roboflow_Classifier_train_193A2046_jpg.rf.3069204e658c7acae2571b164e6503e0.jpg,1,18.01,0,5
Roboflow_Classifier_train_193A2046_jpg.rf.66595ad57810cf5a48d14e826014282f.jpg,1,10.36,0,8
Roboflow_Classifier_train_193A2046_jpg.rf.a21e547337da183362a7216db065faba.jpg,3,35.82,0,1
Roboflow_Classifier_train_193A2052_jpg.rf.a838f8c45993b2780f98d3d6dcc789c0.jpg,2,13.73,0,5
Roboflow_Classifier_train_193A2052_jpg.rf.e97270e72bdccdfb90ce6b1963e7c8a2.jpg,2,15.77,0,8
Roboflow_Classifier_train_193A2052_jpg.rf.ea4bc4ea6f2057e089c49fba96d2fc48.jpg,2,6.45,0,0
Roboflow_Classifier_train_193A2053_jpg.rf.7a190ed3b26656f9a1f827de06ac0023.jpg,2,5.0,0,6
Roboflow_Classifier_train_193A2053_jpg.rf.9d04e9f0e049f7b5b59ff8498116a1bd.jpg,3,3.89,0,4
Roboflow_Classifier_train_193A2053_jpg.rf.e6689d652d617ade976beb898882befe.jpg,3,2.8,0,4
Roboflow_Classifier_train_193A2064_jpg.rf.3377cbd110de03e3b8d456369e4c5cd9.jpg,2,5.58,0,3
Roboflow_Classifier_train_193A2064_jpg.rf.7874ed73b48b087eae1c77f515b5d18f.jpg,1,16.56,0,5
Roboflow_Classifier_train_193A2064_jpg.rf.ce1994bf3380de458eddc72e2562a8b0.jpg,2,4.93,0,0
Roboflow_Classifier_train_193A2066_jpg.rf.86dd1051c8acaab90b94a44e4df82d3e.jpg,1,7.36,0,0
Roboflow_Classifier_train_193A2066_jpg.rf.be6a8ca799f00dc8b9ae66d352a79d35.jpg,2,4.98,0,3
Roboflow_Classifier_train_193A2066_jpg.rf.eafa579a59bd1aa1ceaf4fdd77343c0e.jpg,1,37.98,0,2
Roboflow_Classifier_train_193A2071_jpg.rf.6a267e3bc7d004036ad52bdb2dd01914.jpg,1,17.13,0,7
Roboflow_Classifier_train_193A2071_jpg.rf.81332d608424debc567c5dfe5e15cafd.jpg,2,3.69,0,4
Roboflow_Classifier_train_193A2071_jpg.rf.de745a8574117577aa04ae5bcbcba311.jpg,1,21.57,0,1
Roboflow_Classifier_train_193A2082_jpg.rf.6099a22efdc2fc357005655f9233b3f2.jpg,2,20.06,0,8
Roboflow_Classifier_train_193A2082_jpg.rf.6de2882a0947d49a2a658aad43c885ef.jpg,2,18.7,0,7
Roboflow_Classifier_train_193A2082_jpg.rf.70688a58728f1ea653ef024d1848b30f.jpg,1,24.04,0,7
Roboflow_Classifier_train_193A2089_jpg.rf.446ab405c867a4ce946a41969f8d7911.jpg,1,25.0,0,8
Roboflow_Classifier_train_193A2089_jpg.rf.58e7f3036d414c2a03555b684b06e450.jpg,2,6.43,0,0
Roboflow_Classifier_train_193A2089_jpg.rf.cd8ec23314cf67ae5271b715e1c5b2c1.jpg,2,31.88,0,8
Roboflow_Classifier_train_193A2091_jpg.rf.1e25c4d9d3cbd3dd85ecbe43ef9c8875.jpg,0,41.35,0,2
Roboflow_Classifier_train_193A2091_jpg.rf.2612cb3fc62fbdb63f581d3b11c527f2.jpg,2,15.09,0,5
Roboflow_Classifier_train_193A2091_jpg.rf.d8a154d5afe0ed090f00a81ae03cd0ae.jpg,2,25.66,0,1
Roboflow_Classifier_train_193A2092_jpg.rf.a1a382c1901c32cee50ba60fd899aebd.jpg,2,3.35,0,4
Roboflow_Classifier_train_193A2092_jpg.rf.d45d17a79861a206d1a18f92644a435c.jpg,1,12.04,0,8
Roboflow_Classifier_train_193A2092_jpg.rf.de9214d6afcdfdaedafc7ac969a586f0.jpg,1,47.5,0,2
Roboflow_Classifier_train_193A2095_jpg.rf.53e5bf8235683a2e06d87a6393231150.jpg,2,1.77,0,4
Roboflow_Classifier_train_193A2095_jpg.rf.80158aa2e5ac2e7deaef75e75c2e43f5.jpg,2,5.49,0,3
Roboflow_Classifier_train_193A2095_jpg.rf.b130139014a7462893004d2b79cc0dd0.jpg,2,5.0,0,6
Roboflow_Classifier_train_193A2098_jpg.rf.2bab2bddc11a4cafbed0cf85a50bf778.jpg,1,15.98,0,5
Roboflow_Classifier_train_193A2098_jpg.rf.8a15cadbce3252a2a675d178ce34b1af.jpg,0,34.88,0,7
Roboflow_Classifier_train_193A2098_jpg.rf.a7f9f72560f83b03ca7af0f9c0afcda3.jpg,2,18.33,0,8
Roboflow_Classifier_train_193A2103_jpg.rf.40c66c8baa12bfbecddebf2d0193d8c7.jpg,2,3.7,0,4
Roboflow_Classifier_train_193A2103_jpg.rf.c4a1797adec582311220f77ad8bec930.jpg,1,2.39,0,9
Roboflow_Classifier_train_193A2103_jpg.rf.dcde8ca3b101ed475c669f9d48814a74.jpg,1,20.42,0,7
Roboflow_Classifier_train_193A2105_jpg.rf.69ee0a6ac7cac1ea5cb8750bb4afaf8b.jpg,2,31.08,0,1
Roboflow_Classifier_train_193A2105_jpg.rf.ce4f618af7967608f8316e1fd2146391.jpg,2,24.91,0,1
Roboflow_Classifier_train_193A2105_jpg.rf.d5248cc05fb984fc82b8bb1b39d56244.jpg,2,13.38,0,8
Roboflow_Classifier_train_193A2106_jpg.rf.085e5e1ce335b600f508faff23c7fdde.jpg,2,17.65,0,6
Roboflow_Classifier_train_193A2106_jpg.rf.1f355a42b0c4732a044257276733e189.jpg,2,26.35,0,1
Roboflow_Classifier_train_193A2106_jpg.rf.64bc2ca8a9682bb044f875b5c4808525.jpg,0,20.82,0,6
Roboflow_Classifier_train_193A2108_jpg.rf.0b0ee2c1cc573bbdbbda66956bcff334.jpg,1,26.05,0,5
Roboflow_Classifier_train_193A2108_jpg.rf.d94241b2f59e0e8d83e2f9ecfc422960.jpg,1,11.21,0,5
Roboflow_Classifier_train_193A2108_jpg.rf.e76c94661e7db7a0220383636fa0f77c.jpg,1,40.08,0,2
Roboflow_Classifier_train_193A2111_jpg.rf.4a23b11e94f9f771b2b19feabd331479.jpg,2,4.19,0,3
Roboflow_Classifier_train_193A2111_jpg.rf.4f451543814b2b19294776b987a45c76.jpg,2,6.44,0,0
Roboflow_Classifier_train_193A2111_jpg.rf.797af20cdee7ec7a98220626b965b9e2.jpg,0,2.17,0,9
Roboflow_Classifier_train_193A2138_jpg.rf.2084f2a2ae32b9bf554eb05055e52932.jpg,3,28.98,0,7
Roboflow_Classifier_train_193A2138_jpg.rf.d6edc52295db1e3e9507ab98c9f0d377.jpg,3,16.2,0,8
Roboflow_Classifier_train_193A2138_jpg.rf.e77b6bcc68ea409afc37333400bf3676.jpg,1,14.37,0,6
Roboflow_Classifier_train_193A2139_jpg.rf.39913a48294c324ad61120601bfd509e.jpg,2,2.17,0,4
Roboflow_Classifier_train_193A2139_jpg.rf.526553acdf0ef4a283cb7b93c4025a2a.jpg,1,12.01,0,5
Roboflow_Classifier_train_193A2139_jpg.rf.642ce43a9e6f78445341dcef3e658427.jpg,3,1.4,0,9
Roboflow_Classifier_train_193A2141_jpg.rf.644703add8a3c6b32c65f0bff845ff75.jpg,0,13.74,0,5
Roboflow_Classifier_train_193A2141_jpg.rf.92ff0ddabf3b0cc43fb76b2e3cea17ec.jpg,2,0.9,0,9
Roboflow_Classifier_train_193A2141_jpg.rf.9cfac4f112eb84fcf7386f73b4ca8478.jpg,2,16.66,0,5
Roboflow_Classifier_train_193A2142_jpg.rf.52df1e503cb6018d81652c2344e59f6f.jpg,3,15.35,0,5
Roboflow_Classifier_train_193A2142_jpg.rf.9d28387151c3c97fee7136c9b66399c3.jpg,0,19.31,0,8
Roboflow_Classifier_train_193A2142_jpg.rf.a4cdac01b98221fb7b9bf069afe1d501.jpg,2,4.45,0,4
Roboflow_Classifier_train_193A2144_jpg.rf.04af0e2d63bde84022a8d4d6733baf26.jpg,2,1.74,0,9
Roboflow_Classifier_train_193A2144_jpg.rf.7090fe4a67393f4a3707e52d8aa43d77.jpg,2,25.36,0,8
Roboflow_Classifier_train_193A2144_jpg.rf.d97b9b1cd97951da71b11d78e268d327.jpg,2,8.52,0,8
Roboflow_Classifier_train_193A2148_jpg.rf.22a5a323661241e81c5158711c9ed3fe.jpg,2,17.44,0,7
Roboflow_Classifier_train_193A2148_jpg.rf.6a2a46f97d2ae47a4fe0e612934efa24.jpg,1,3.08,0,4
Roboflow_Classifier_train_193A2148_jpg.rf.fc1a02cce1f2ed112c32ff5309f1572e.jpg,2,3.69,0,4
Roboflow_Classifier_train_193A2155_jpg.rf.33327c4ed1523fda05c21b8844e332be.jpg,2,25.62,0,8
Roboflow_Classifier_train_193A2155_jpg.rf.8fcbfef66fa789ffa6bd9d179796142c.jpg,2,27.3,0,7
Roboflow_Classifier_train_193A2155_jpg.rf.9757b4768b1bd7ef43d3253105d120d3.jpg,2,51.76,0,2
Roboflow_Classifier_train_193A2157_jpg.rf.320d7959c05935fda921c6d240062935.jpg,2,28.22,0,1
Roboflow_Classifier_train_193A2157_jpg.rf.554dcaf775a734540cfb6bf1e6a2655a.jpg,2,15.65,0,2
Roboflow_Classifier_train_193A2157_jpg.rf.74682f0419bc5af96a8d477b561bb5f5.jpg,2,22.01,0,5
Roboflow_Classifier_train_193A2158_jpg.rf.292f7b71a0ef07fa1b5ae31e41efe2b6.jpg,2,55.39,0,2
Roboflow_Classifier_train_193A2158_jpg.rf.97026d6ddb80783ff180cdb1cef5d649.jpg,1,15.99,0,6
Roboflow_Classifier_train_193A2158_jpg.rf.c1a7f49daa4a592449e40c37c4e7d260.jpg,1,19.29,0,5
Roboflow_Classifier_train_193A2159_jpg.rf.77a216f01282c2e303648e428685d874.jpg,3,23.11,0,1
Roboflow_Classifier_train_193A2159_jpg.rf.e77695fdf741aabb87a4ac0245287eba.jpg,3,21.84,0,5
Roboflow_Classifier_train_193A2159_jpg.rf.fde810ca1e4850a10682a2de228e20f5.jpg,2,18.09,0,7
Roboflow_Classifier_train_193A2163_jpg.rf.2e25c1f7125902b20adac28fb9b07577.jpg,2,10.0,0,7
Roboflow_Classifier_train_193A2163_jpg.rf.5c594fc1cb93183d2b3e51e4faf309a3.jpg,1,6.21,0,0
Roboflow_Classifier_train_193A2163_jpg.rf.e1614cdc0575152752466351ef02f84d.jpg,2,3.76,0,4
Roboflow_Classifier_train_193A2164_jpg.rf.0834fa7424d0aa549224e3415a99b498.jpg,0,5.0,0,6
Roboflow_Classifier_train_193A2164_jpg.rf.92c4486f1dc127d7a4e25e31a1c8793c.jpg,2,31.77,0,1
Roboflow_Classifier_train_193A2164_jpg.rf.b5d681f9eec5a8210a68d70195c7305b.jpg,2,1.7,0,9
Roboflow_Classifier_train_193A2166_jpg.rf.8f5d914020afbb89f681ffab08a670cc.jpg,1,12.08,0,5
Roboflow_Classifier_train_193A2166_jpg.rf.c94539c0cfcad4da9a3a16bfd45fefe4.jpg,1,6.01,0,0
Roboflow_Classifier_train_193A2166_jpg.rf.d20848f64c41bd8b110815795d199e05.jpg,0,15.4,0,8
Roboflow_Classifier_train_193A2167_jpg.rf.1661ace11837d760c67800607dd86d3c.jpg,2,18.45,0,8
Roboflow_Classifier_train_193A2167_jpg.rf.6b6da733c5852f028662d3dd3623baad.jpg,2,30.56,0,7
Roboflow_Classifier_train_193A2167_jpg.rf.884e5466442a978502a54f600cec8584.jpg,2,37.25,0,1
Roboflow_Classifier_train_193A2170_jpg.rf.17ac180351b2290fd6afa144a46c5ea0.jpg,1,15.44,0,5
Roboflow_Classifier_train_193A2170_jpg.rf.731d695878edaffac985d444d5236329.jpg,2,31.91,0,7
Roboflow_Classifier_train_193A2170_jpg.rf.f5f790dfa07626a2d9b63bcf71b04ce6.jpg,2,26.59,0,5
Roboflow_Classifier_train_193A2173_jpg.rf.9bdba23f020402109a303348be52c448.jpg,2,1.87,0,9
Roboflow_Classifier_train_193A2173_jpg.rf.bf868c8c8d09f454f5f172e365b2dbc6.jpg,2,14.86,0,1
Roboflow_Classifier_train_193A2173_jpg.rf.c86b73974b5ee3fd572a3a1cb923a294.jpg,2,15.71,0,7
Roboflow_Classifier_train_193A2174_jpg.rf.0929828f145b5de09e6bdca6f81e9744.jpg,2,20.42,0,1
Roboflow_Classifier_train_193A2174_jpg.rf.0a421cf93bf336ca009d03af9dbc10e0.jpg,2,28.18,0,8
Roboflow_Classifier_train_193A2174_jpg.rf.d27c2e90ee8b73521a086df29b0f87c1.jpg,2,14.18,0,6
Roboflow_Classifier_train_193A2178_jpg.rf.2015545587921bc335282baa79b38d5a.jpg,3,24.91,0,1
Roboflow_Classifier_train_193A2178_jpg.rf.ba9bbd743df392aeff46b5ae08ff4d63.jpg,1,22.51,0,7
Roboflow_Classifier_train_193A2178_jpg.rf.c073b2cd3f71d7b3455ead9273f499a9.jpg,1,29.83,0,2
Roboflow_Classifier_train_193A2181_jpg.rf.390b50a0d366d88eb28708f2f2bbce5c.jpg,3,14.44,0,6
Roboflow_Classifier_train_193A2181_jpg.rf.5c34eb3ceb5a3c357b65ea1124565a69.jpg,3,31.25,0,8
Roboflow_Classifier_train_193A2181_jpg.rf.6a3ff8c45a7abda55f36ce469ac38334.jpg,1,17.7,0,6
Roboflow_Classifier_train_193A2190_jpg.rf.30f610e4d8296353bd2cac005f36c459.jpg,2,25.05,0,7
Roboflow_Classifier_train_193A2190_jpg.rf.8fcffa5e5879c39d54959be98d330e68.jpg,2,35.99,0,1
Roboflow_Classifier_train_193A2190_jpg.rf.d2ad73de7398ac37a2b8f4e813a05c67.jpg,2,3.73,0,0
Roboflow_Classifier_train_193A2192_jpg.rf.071afef177910045504ea2085303b2d7.jpg,2,6.67,0,0
Roboflow_Classifier_train_193A2192_jpg.rf.627758e7c85f5d61e65349e9afb31d27.jpg,1,40.83,0,2
Roboflow_Classifier_train_193A2192_jpg.rf.bc5705410d7fad4c3bd410c0c5b46f9d.jpg,1,23.73,0,6
Roboflow_Classifier_train_193A2193_jpg.rf.0e0b30a408502a62fe19c4fe90383a5e.jpg,2,30.8,0,1
Roboflow_Classifier_train_193A2193_jpg.rf.9aae08b18610b218973f5c47bad775d3.jpg,2,15.34,0,6
Roboflow_Classifier_train_193A2193_jpg.rf.f0ed3dc1bf20a8593bf3fe6d7fc7f0ae.jpg,1,2.3,0,4
Roboflow_Classifier_train_193A2194_jpg.rf.41c9b2eb87bc623b26060b50239fc666.jpg,2,3.71,0,3
Roboflow_Classifier_train_193A2194_jpg.rf.5d82e94eb12613f0a6cc8ccf43e16672.jpg,2,8.0,0,8
Roboflow_Classifier_train_193A2194_jpg.rf.f5ec906022dc06ef065d82d78e256c33.jpg,2,4.48,0,3
Roboflow_Classifier_train_193A2196_jpg.rf.207a299ddc7429084a6f91aee18c2864.jpg,2,3.45,0,4
Roboflow_Classifier_train_193A2196_jpg.rf.2c665a2a834fdbca1e15dc6fed5a019f.jpg,1,0.72,0,9
Roboflow_Classifier_train_193A2196_jpg.rf.d5329491be6339614100481c399ffd50.jpg,3,10.06,0,5
Roboflow_Classifier_train_193A2199_jpg.rf.25327dd17f41dd224697456f8848a2c4.jpg,1,0.63,0,9
Roboflow_Classifier_train_193A2199_jpg.rf.52c0e2552b80dc1371206c7471982871.jpg,2,4.91,0,3
Roboflow_Classifier_train_193A2199_jpg.rf.9c4627a2420866677e90c2168d75dce6.jpg,2,10.0,0,7
Roboflow_Classifier_train_193A2201_jpg.rf.cfef40efe64810f20feff203d1d2ebd1.jpg,2,5.77,0,3
Roboflow_Classifier_train_193A2201_jpg.rf.eba097839f800de3979904cbda61497d.jpg,1,5.55,0,3
Roboflow_Classifier_train_193A2201_jpg.rf.ecbed0ad594cab45280310902fe16ba5.jpg,2,3.0,0,4
Roboflow_Classifier_train_193A2206_jpg.rf.0b6e7f02871bb0b6dfc75fb9fd893bf2.jpg,1,9.98,0,5
Roboflow_Classifier_train_193A2206_jpg.rf.50f30da9faf7eb87ced7d0519ed47415.jpg,0,27.13,0,2
Roboflow_Classifier_train_193A2206_jpg.rf.bef01839a7489babee735fd19d89d4c6.jpg,2,1.38,0,9
Roboflow_Classifier_train_193A2209_jpg.rf.072655311772de7de8a5d42f618e7c3d.jpg,2,3.29,0,4
Roboflow_Classifier_train_193A2209_jpg.rf.840cfa94aa519e6cb7bdbc7ded8baf6d.jpg,2,13.39,0,6
Roboflow_Classifier_train_193A2209_jpg.rf.b597a91a75c03c3e0f31ff27c82ef414.jpg,2,1.5,0,4
Roboflow_Classifier_train_193A2210_jpg.rf.4f43b62cdf262c34b858e092d02837a9.jpg,2,42.06,0,2
Roboflow_Classifier_train_193A2210_jpg.rf.d945ad254a120840805749df4f77931f.jpg,3,4.73,0,0
Roboflow_Classifier_train_193A2210_jpg.rf.e67c12ccee08dfc0aec750df073af081.jpg,2,10.0,0,7
Roboflow_Classifier_train_193A2216_jpg.rf.25e4296c956c566bb23fdb858a97190f.jpg,2,8.04,0,6
Roboflow_Classifier_train_193A2216_jpg.rf.de6d7b09c1437250e3bd12a4ddc7f7f0.jpg,1,31.68,0,1
Roboflow_Classifier_train_193A2216_jpg.rf.e70e611828943d49b200e0df527bf580.jpg,2,43.33,0,2
Roboflow_Classifier_train_193A2221_jpg.rf.6e60b2c27c30274b1f7b11242eb39f40.jpg,0,4.92,0,0
Roboflow_Classifier_train_193A2221_jpg.rf.9be476b44c858356500583a4fd9c2aa0.jpg,0,10.83,0,8
Roboflow_Classifier_train_193A2221_jpg.rf.a103338c8ebf0b6257634f302c2e9cb8.jpg,1,27.08,0,2
Roboflow_Classifier_train_193A2222_jpg.rf.6dbb5efed7ce5cfd759784f41e6441e1.jpg,2,5.0,0,6
Roboflow_Classifier_train_193A2222_jpg.rf.a2ec03860b2b14126459d18d61ec161e.jpg,2,33.76,0,2
Roboflow_Classifier_train_193A2222_jpg.rf.f9039b9826bdf6815f28003574f8cba7.jpg,1,5.67,0,0
Roboflow_Classifier_train_193A2223_jpg.rf.0c0fbe6bb28060acc32af80e162affba.jpg,0,51.81,0,2
Roboflow_Classifier_train_193A2223_jpg.rf.40ca02a6fe0129cb45b41700ee08a911.jpg,2,4.89,0,4
Roboflow_Classifier_train_193A2223_jpg.rf.a836c5da4ec269be44265f3123668b89.jpg,1,16.1,0,5
Roboflow_Classifier_train_193A2225_jpg.rf.2194546c49dd6852da54b733596dbeae.jpg,3,16.43,0,8
Roboflow_Classifier_train_193A2225_jpg.rf.8607fe231cac72a4fdb874a2a8093ad2.jpg,1,0.8,0,9
Roboflow_Classifier_train_193A2225_jpg.rf.ce526786b449bc87d8b83acc57d430db.jpg,2,13.56,0,6
Roboflow_Classifier_train_193A2227_jpg.rf.4883d3d7ab2574e841b53afcca4fcf27.jpg,2,21.72,0,1
Roboflow_Classifier_train_193A2227_jpg.rf.94f5ff8d2694af844f6ee092c45e7126.jpg,2,32.71,0,8
Roboflow_Classifier_train_193A2227_jpg.rf.a38de359e8c9d34728bd72b8b0d2460e.jpg,0,3.06,0,3
Roboflow_Classifier_train_193A2228_jpg.rf.1220f686c7bcbb138f24dbef151390c5.jpg,0,5.0,0,6
Roboflow_Classifier_train_193A2228_jpg.rf.488e67304e80c761ae8b33f27e1b7456.jpg,2,9.3,0,5
Roboflow_Classifier_train_193A2228_jpg.rf.51233d03be049d7ea5691b67d0a92558.jpg,1,5.97,0,3
Roboflow_Classifier_train_193A2230_jpg.rf.07867b03ead64e9fe96a8e93ac01ef25.jpg,0,30.23,0,7
Roboflow_Classifier_train_193A2230_jpg.rf.2ba94dfb9dce03593fd4099630e79532.jpg,2,34.63,0,1
Roboflow_Classifier_train_193A2230_jpg.rf.31a098eda185656445047f002c7e50b6.jpg,2,33.56,0,2
Roboflow_Classifier_train_193A2231_jpg.rf.238efbec6f1f1a279d5befee9d7a2c16.jpg,2,13.31,0,1
Roboflow_Classifier_train_193A2231_jpg.rf.56caa5322588a779487d4e7f6a246e6d.jpg,2,17.35,0,8
Roboflow_Classifier_train_193A2231_jpg.rf.d317816d8a186fb54bb382f50027e8a4.jpg,2,3.02,0,4
Roboflow_Classifier_train_193A2234_jpg.rf.3ef9a5f38cefb10884bb598a29b3fd12.jpg,2,29.26,0,2
Roboflow_Classifier_train_193A2234_jpg.rf.473b508fada4871544547d4e14a4eb37.jpg,1,2.21,0,9
Roboflow_Classifier_train_193A2234_jpg.rf.aa3d4ddbb4233bbd072128512fe024de.jpg,2,36.17,0,2
Roboflow_Classifier_train_193A2240_jpg.rf.75ad8bddd7492b0ba101cc5a6755cfd6.jpg,1,4.8,0,3
Roboflow_Classifier_train_193A2240_jpg.rf.d12574e45a65a904bc47037747dbad3d.jpg,0,18.43,0,7
Roboflow_Classifier_train_193A2240_jpg.rf.e2e070087d34709015d394d960d86ed6.jpg,2,9.6,0,6
Roboflow_Classifier_train_194A11127_jpg.rf.17545cd22e186ae4ea048965f4079e9f.jpg,1,1.89,0,9
Roboflow_Classifier_train_194A11127_jpg.rf.ad3784dd273e8add545dcb4cb760d32e.jpg,1,48.99,0,2
Roboflow_Classifier_train_194A11127_jpg.rf.d7fd93c062b13634df7db89298163eb3.jpg,2,6.14,0,3
Roboflow_Classifier_train_194A11145_jpg.rf.162522eab9c99e6942f9228815c2b435.jpg,2,1.69,0,3
Roboflow_Classifier_train_194A11145_jpg.rf.8f9ddaab71532baf4d8c46d46b7c7854.jpg,2,20.71,0,8
Roboflow_Classifier_train_194A11145_jpg.rf.9aa894d888bd45fdf35aca9821897cf6.jpg,2,13.05,0,5
Roboflow_Classifier_train_194A13786_jpg.rf.2adf151d03512062affca3d2ba0cc7d5.jpg,1,1.19,0,9
Roboflow_Classifier_train_194A13786_jpg.rf.3463c2ab73a485df8895a8e63d9d1e28.jpg,1,13.62,0,5
Roboflow_Classifier_train_194A13786_jpg.rf.c7ae8d7e3d743cd29df46ee8c997ceab.jpg,2,5.0,0,6
Roboflow_Classifier_train_194A13812_jpg.rf.3358f37c693bd82be0bf389fdc8cce56.jpg,2,4.0,0,3
Roboflow_Classifier_train_194A13812_jpg.rf.63deeceda9267b115e2ee5d41f1b6b1d.jpg,2,8.16,0,6
Roboflow_Classifier_train_194A13812_jpg.rf.b7c47f3970070718738fb2f8c39bb6c2.jpg,2,29.35,0,1
Roboflow_Classifier_train_194A14209_jpg.rf.03fda8a7fa5606b237d185003a06c1f4.jpg,1,0.55,0,9
Roboflow_Classifier_train_194A14209_jpg.rf.7a530ac80097bf0078354718ff9f6690.jpg,2,4.54,0,4
Roboflow_Classifier_train_194A14209_jpg.rf.7f5f823f7614e788728f6b08beb8ca56.jpg,2,18.41,0,5
Roboflow_Classifier_train_194A27_jpg.rf.0599ace47f1ac754f67cf6129fc0105f.jpg,2,3.22,0,0
Roboflow_Classifier_train_194A27_jpg.rf.16b08d59d78418c4f2befbee779823a9.jpg,3,5.0,0,6
Roboflow_Classifier_train_194A27_jpg.rf.da637aa3f5ce5096785c54b01be40008.jpg,2,24.03,0,7
Roboflow_Classifier_train_194A32_jpg.rf.148ba717bdeeebbc189e6296fdd5f35f.jpg,0,17.54,0,7
Roboflow_Classifier_train_194A32_jpg.rf.1c1de299c031b562013d9901df85d2e4.jpg,2,18.76,0,1
Roboflow_Classifier_train_194A32_jpg.rf.42f8ff5baca0660611c96764db9b45c4.jpg,2,5.33,0,6
Roboflow_Classifier_train_194A39_jpg.rf.60a6eaa78d09d285c1784f07071d4d07.jpg,2,5.25,0,0
Roboflow_Classifier_train_194A39_jpg.rf.e573f1cd9d7d7b9c318af08a6297f97c.jpg,2,20.65,0,7
Roboflow_Classifier_train_194A39_jpg.rf.fc0b197cf0507cef9281e11502a3fb1e.jpg,2,4.55,0,0
Roboflow_Classifier_train_194A44_jpg.rf.7cad8d2813cf75dc605ed070d368ef87.jpg,2,5.27,0,4
Roboflow_Classifier_train_194A44_jpg.rf.92fbe9733c0012fc04311e7528db6629.jpg,2,1.01,0,9
Roboflow_Classifier_train_194A44_jpg.rf.cff9af3bdcd2fe6f524811cb814f358e.jpg,2,31.02,0,1
Roboflow_Classifier_train_194A51_jpg.rf.628023f92ede40ec763371be4d5b46eb.jpg,1,15.49,0,8
Roboflow_Classifier_train_194A51_jpg.rf.a1102c18e01c565c713666ae71c6656e.jpg,2,1.5,0,0
Roboflow_Classifier_train_194A51_jpg.rf.d707191df01bf9c34895678d6791f3ec.jpg,2,10.0,0,1
Roboflow_Classifier_train_194A52_jpg.rf.11b95a5b0e3eb933c43ae41ff5b7231c.jpg,3,4.03,0,3
Roboflow_Classifier_train_194A52_jpg.rf.2e19e54fbcb090bb1e6b1d6804b2366b.jpg,2,15.74,0,2
Roboflow_Classifier_train_194A52_jpg.rf.f34e60f97fefac055949acb58cb45b85.jpg,2,35.31,0,2
Roboflow_Classifier_train_194A53_jpg.rf.0a526647401445e8a9d4b015cb7d6917.jpg,2,3.23,0,0
Roboflow_Classifier_train_194A53_jpg.rf.4960bd13fd51863619cfa0b304676e59.jpg,2,4.13,0,4
Roboflow_Classifier_train_194A53_jpg.rf.e95c80daa24520031fd2de521bb0e843.jpg,2,27.15,0,1
Roboflow_Classifier_train_194A54_jpg.rf.0798ad2a1fbbb8572c243cfb25a36d7f.jpg,2,21.25,0,2
Roboflow_Classifier_train_194A54_jpg.rf.332874d0bf21e92f27388c790ccb01bd.jpg,0,1.33,0,9
Roboflow_Classifier_train_194A54_jpg.rf.7d39fa7b6d5cd0d06cc0d05fccefef61.jpg,1,21.14,0,7
Roboflow_Classifier_train_194A55_jpg.rf.17d9ca93bbe68af81409c3ab64f5ef2f.jpg,3,31.54,0,7
Roboflow_Classifier_train_194A55_jpg.rf.1f62f46da8e7485bd9f8bd2c30731bdf.jpg,2,23.59,0,8
Roboflow_Classifier_train_194A55_jpg.rf.ac1e561c9ac69498a3ef67acd037e9cf.jpg,2,4.94,0,0
Roboflow_Classifier_train_195A108_jpg.rf.5a98bf6f6501b15302f154e2da7a59cc.jpg,1,5.18,0,0
Roboflow_Classifier_train_195A108_jpg.rf.b7ba4c136437350553287847bb266e73.jpg,2,3.87,0,3
Roboflow_Classifier_train_195A108_jpg.rf.f92e9f64d1f3da99c0aa20bb93b9bc3e.jpg,2,5.1,0,4
Roboflow_Classifier_train_195A120_jpg.rf.8d9aee162c8f55e5ea1711668e4b87b4.jpg,3,14.89,0,8
Roboflow_Classifier_train_195A120_jpg.rf.940952460db81d5ad85345a12ee067a6.jpg,0,2.59,0,3
Roboflow_Classifier_train_195A120_jpg.rf.cc40feacc05eafa6547f3f46c8323a35.jpg,2,24.56,0,1
Roboflow_Classifier_train_195A121_jpg.rf.1275c47f88d532fa41a4bac4c180a537.jpg,2,25.38,0,1
Roboflow_Classifier_train_195A121_jpg.rf.e0d06d956c6b1f26621b1a84e12ddb61.jpg,2,6.4,0,0
Roboflow_Classifier_train_195A121_jpg.rf.e80ad649b4bedd54b80ec0ecd1cf7eee.jpg,2,4.13,0,4
Roboflow_Classifier_train_195A124_jpg.rf.4b21bef4428786dd9c438a434ab05f08.jpg,2,10.07,0,5
Roboflow_Classifier_train_195A124_jpg.rf.76b3b9b862952b4874b77b8935e6e0bc.jpg,2,30.52,0,1
Roboflow_Classifier_train_195A124_jpg.rf.d44d1515f6d7c5cf52967dc5d2dd976b.jpg,2,25.3,0,2
Roboflow_Classifier_train_195A130_jpg.rf.31e24611447ca81e1b403b9a8b95068e.jpg,0,5.52,0,4
Roboflow_Classifier_train_195A130_jpg.rf.7fb7d02026142f8d66faf46265b34ddc.jpg,1,21.34,0,1
Roboflow_Classifier_train_195A130_jpg.rf.805f583bb87d3fe62c895f3a776cfdb5.jpg,2,35.06,0,2
Roboflow_Classifier_train_195A135_jpg.rf.2b5cc2827e582c84b9aa6c95bb266159.jpg,0,2.1,0,4
Roboflow_Classifier_train_195A135_jpg.rf.713ed669fe14cce55d9bce6ea9235246.jpg,2,32.49,0,1
Roboflow_Classifier_train_195A135_jpg.rf.ecef99943003a9507564f8a74dea648c.jpg,3,20.69,0,8
Roboflow_Classifier_train_195A137_jpg.rf.4e91c49a806d6bf8347b985b00a7fa59.jpg,1,5.0,0,6
Roboflow_Classifier_train_195A137_jpg.rf.be6dc306ecc863b7cfbd58425abb74fa.jpg,2,24.96,0,8
Roboflow_Classifier_train_195A137_jpg.rf.f076e9efa41752477ec73dcc6ffcc679.jpg,2,5.63,0,3
Roboflow_Classifier_train_195A144_jpg.rf.3889c4ca0c5c2e8b0d3e01463f239b27.jpg,2,16.21,0,7
Roboflow_Classifier_train_195A144_jpg.rf.66de6cfcd844f38ee9bffcec47f227f5.jpg,3,3.98,0,4
Roboflow_Classifier_train_195A144_jpg.rf.c8586f1a673199773030883999849001.jpg,2,5.64,0,0
Roboflow_Classifier_train_195A166_jpg.rf.2876548d821d1ff00656024bc21fbf8e.jpg,2,12.56,0,6
Roboflow_Classifier_train_195A166_jpg.rf.42dd3b16fc650ad9c8b2a4a32a196376.jpg,3,8.65,0,5
Roboflow_Classifier_train_195A166_jpg.rf.d39ad7ec9fe1599c1a65dc4ee4a7d697.jpg,2,3.95,0,4
Roboflow_Classifier_train_195A173_jpg.rf.cbbbc8031e41c4e9e5cc61c3106d900f.jpg,2,1.76,0,9
Roboflow_Classifier_train_195A173_jpg.rf.cdf25221740ef787597efd480cd6547d.jpg,2,2.78,0,4
Roboflow_Classifier_train_195A173_jpg.rf.ead407adabca38a8e1e547d5d7095b5c.jpg,2,2.1,0,9
Roboflow_Classifier_train_195A174_jpg.rf.1821d36c6899f0a087d6315354fbce78.jpg,2,15.85,0,7
Roboflow_Classifier_train_195A174_jpg.rf.51e78a26134a90d4ca88da78899f0a59.jpg,2,5.47,0,3
Roboflow_Classifier_train_195A174_jpg.rf.8afafe52cdd546e868601c0dab9fd4ef.jpg,2,3.94,0,4
Roboflow_Classifier_train_195A179_jpg.rf.0170b74631daac842a4ceb6332a9a4dd.jpg,0,19.19,0,8
Roboflow_Classifier_train_195A179_jpg.rf.537874e013809f1e1519242d1979ba83.jpg,2,8.0,0,8
Roboflow_Classifier_train_195A179_jpg.rf.9cb22cfd06ce0565ecccf325cbf0a641.jpg,2,5.55,0,0
Roboflow_Classifier_train_195A17_jpg.rf.586ff646a60636ecb68b26dc60fce97c.jpg,3,3.68,0,4
Roboflow_Classifier_train_195A17_jpg.rf.de4d98b5a7cb14119b952197d7390df2.jpg,2,1.93,0,3
Roboflow_Classifier_train_195A17_jpg.rf.f1bb19c56695885cbea10fda5605d715.jpg,1,26.03,0,7
Roboflow_Classifier_train_195A29_jpg.rf.2323679bac44f5ad4de6c73866bb3687.jpg,0,43.54,0,2
Roboflow_Classifier_train_195A29_jpg.rf.8adda6443f8e5c6c212c8faa52bfd2d1.jpg,2,13.02,0,8
Roboflow_Classifier_train_195A29_jpg.rf.8b72f830e71f3e14b314022ea82f9bbf.jpg,2,6.45,0,0
Roboflow_Classifier_train_195A40_jpg.rf.29701c5695d4693d2b7aa72797438fd7.jpg,2,24.03,0,2
Roboflow_Classifier_train_195A40_jpg.rf.5cfd525d5dfe911b35d5549bb2f54235.jpg,1,34.12,0,1
Roboflow_Classifier_train_195A40_jpg.rf.a6e6f0ffcb304bb2401eb5c79376b4c0.jpg,2,3.07,0,4
Roboflow_Classifier_train_195A53_jpg.rf.5ff38ee3a9e96061d3c4d4388d4b5f5b.jpg,1,18.58,0,8
Roboflow_Classifier_train_195A53_jpg.rf.8da8361d98df9fff5f37cc57ab74abfc.jpg,1,2.33,0,3
Roboflow_Classifier_train_195A53_jpg.rf.91adebf18c0f530cc164e8807ac4b488.jpg,2,6.02,0,0
Roboflow_Classifier_train_195A59_jpg.rf.2eac0c269bdfb01ea4f85da6dfca3188.jpg,1,27.81,0,7
Roboflow_Classifier_train_195A59_jpg.rf.a821a8dc1801068784e07b60ceed39f7.jpg,0,25.7,0,8
Roboflow_Classifier_train_195A59_jpg.rf.d1517c3a3ad4c4f7f255215f305b4cc7.jpg,2,41.12,0,2
Roboflow_Classifier_train_195A5_jpg.rf.1ed9f9078303607b77b12c324494499a.jpg,3,9.67,0,6
Roboflow_Classifier_train_195A5_jpg.rf.768aff92f1e28affb2ee1ecc31d90ab4.jpg,2,28.19,0,8
Roboflow_Classifier_train_195A5_jpg.rf.986c3e123963eebda711b3c134f098e7.jpg,1,3.09,0,4
Roboflow_Classifier_train_195A69_jpg.rf.3d3916d5e0fd7cc4d69c67f0ddf20708.jpg,2,12.0,0,8
Roboflow_Classifier_train_195A69_jpg.rf.d8893326b807058ecc2fc35000a4a73d.jpg,2,3.32,0,4
Roboflow_Classifier_train_195A69_jpg.rf.f36060df779fefeab7c4d3f4d95fc300.jpg,1,20.3,0,2
Roboflow_Classifier_train_195A88_jpg.rf.28a11c0afdc5277141b5d475105c79d0.jpg,2,2.09,0,0
Roboflow_Classifier_train_195A88_jpg.rf.5d6788ae982d3ac986f42120fbe62af2.jpg,1,5.0,0,6
Roboflow_Classifier_train_195A88_jpg.rf.89b900f855ef9b81ac0b3f60b04b79e4.jpg,1,27.64,0,1
Roboflow_Classifier_train_195A92_jpg.rf.0672b3fe2a9c47c8c3ba86c76b8625d9.jpg,1,6.1,0,0
Roboflow_Classifier_train_195A92_jpg.rf.4a365c898a3c154ea39ba581066f7a02.jpg,3,29.16,0,1
Roboflow_Classifier_train_195A92_jpg.rf.924dc6bf17312e660a6bbd1a2a03764d.jpg,0,4.8,0,3
Roboflow_Classifier_train_195A94_jpg.rf.84b69425c4108b08b097e5721eecc654.jpg,2,24.36,0,7
Roboflow_Classifier_train_195A94_jpg.rf.8badb50a736804039005b12275c3864f.jpg,2,1.51,0,4
Roboflow_Classifier_train_195A94_jpg.rf.b2b6eb414c041448004eefa4d73ce775.jpg,2,3.67,0,0
Roboflow_Classifier_train_195A9_jpg.rf.1b4a61888d18753da1870c9563519a0a.jpg,1,4.81,0,0
Roboflow_Classifier_train_195A9_jpg.rf.3cc208d8d938135f30b933a0b98e12c6.jpg,2,19.05,0,7
Roboflow_Classifier_train_195A9_jpg.rf.eb354dc252dd8c8eabd73cd2a8fd7f0f.jpg,2,24.26,0,1
Roboflow_Classifier_train_196A115_jpg.rf.0b0f17583672a03a6bf351b9431a4f16.jpg,2,10.05,0,0
Roboflow_Classifier_train_196A115_jpg.rf.6ba8e1fc8abeb5efc429952aea14dc8e.jpg,2,0.84,0,9
Roboflow_Classifier_train_196A115_jpg.rf.e844d030b96a683038f75396cd4effed.jpg,2,1.53,0,9
Roboflow_Classifier_train_196A126_jpg.rf.28aa323894f6000d7a15e02c2e5a2e88.jpg,2,17.8,0,6
Roboflow_Classifier_train_196A126_jpg.rf.543020b41136f59a8f8c5ad3f8dade35.jpg,2,3.99,0,3
Roboflow_Classifier_train_196A126_jpg.rf.6c97511e0275ecfbe84f5d78caf618d3.jpg,1,29.05,0,2
Roboflow_Classifier_train_196A127_jpg.rf.56d1686f6d5a348c0816173530105c54.jpg,2,5.0,0,6
Roboflow_Classifier_train_196A127_jpg.rf.e3a5241b193f33a9f514c7cc6e343069.jpg,2,15.92,0,6
Roboflow_Classifier_train_196A127_jpg.rf.ed670592fa2e7004e01d44a536e32e89.jpg,2,18.92,0,7
Roboflow_Classifier_train_196A132_jpg.rf.16d7ba33f69b3bb9b7fced85cda9aa1f.jpg,1,25.64,0,8
Roboflow_Classifier_train_196A132_jpg.rf.7b5a78f35093b8abc5c1bab38291259b.jpg,2,17.73,0,7
Roboflow_Classifier_train_196A132_jpg.rf.9db7e514853697d9b62d4cf44dee27ea.jpg,2,13.59,0,1
Roboflow_Classifier_train_196A179_jpg.rf.40ac62fb1c714be8806044df05d268ec.jpg,2,6.3,0,0
Roboflow_Classifier_train_196A179_jpg.rf.d5003989f544f5552cbe81917ed27d4f.jpg,2,27.47,0,1
Roboflow_Classifier_train_196A179_jpg.rf.d97e2ddca8de89b54bb33faa9c54a5a4.jpg,2,12.37,0,5
Roboflow_Classifier_train_196A181_jpg.rf.1aaf9acd88be33f62ed10e3c1ae7d552.jpg,0,7.75,0,0
Roboflow_Classifier_train_196A181_jpg.rf.367d4207dda9c164a4750324a157dd12.jpg,2,26.13,0,1
Roboflow_Classifier_train_196A181_jpg.rf.d4e5d352fbc6740b63317055d97d4aac.jpg,0,8.12,0,8
Roboflow_Classifier_train_196A185_jpg.rf.4511cdd3319c2d41cf2c087b263fc92d.jpg,1,2.9,0,3
Roboflow_Classifier_train_196A185_jpg.rf.ec06c223f566ac13c63c4ba816c3fd89.jpg,2,1.0,0,3
Roboflow_Classifier_train_196A185_jpg.rf.fafc5b10e6bc88b1c3168a6e81156337.jpg,2,11.07,0,5
Roboflow_Classifier_train_196A189_jpg.rf.3fae4f6d8effc6b0b9ce3c3f79a25628.jpg,2,29.21,0,7
Roboflow_Classifier_train_196A189_jpg.rf.6267d3ba36982d90e206c8ebf1640717.jpg,2,4.14,0,4
Roboflow_Classifier_train_196A189_jpg.rf.6876c29ac48c46fce958bc10c76c0f8c.jpg,2,7.6,0,5
Roboflow_Classifier_train_196A202_jpg.rf.9f03dbc485a690145f0615aeaccd5d40.jpg,0,5.56,0,3
Roboflow_Classifier_train_196A202_jpg.rf.cf80ea4d10c11aa8a485fd411eeb26f9.jpg,2,4.6,0,4
Roboflow_Classifier_train_196A202_jpg.rf.fe351540293901f042f29ae6bb558cb5.jpg,2,4.05,0,4
Roboflow_Classifier_train_196A203_jpg.rf.0508b45d11aade3c686fa2c6f21f8b09.jpg,0,6.69,0,0
Roboflow_Classifier_train_196A203_jpg.rf.7c0f263b7f2e479e3d4cedd271d7377e.jpg,1,10.73,0,7
Roboflow_Classifier_train_196A203_jpg.rf.f8541b14a1cd6502094396230ad6ccb2.jpg,1,12.51,0,5
Roboflow_Classifier_train_196A206_jpg.rf.5d030a00282654f365cfefb4a78d4972.jpg,1,4.08,0,4
Roboflow_Classifier_train_196A206_jpg.rf.6a82d4cb0b43eeb9fbe3d2e0f6b677cd.jpg,2,2.71,0,3
Roboflow_Classifier_train_196A206_jpg.rf.bddf09df6b2664679f27d4f8e9759f39.jpg,2,17.47,0,6
Roboflow_Classifier_train_196A207_jpg.rf.262ca34228ada1a78db71e0f6a40e31c.jpg,2,10.34,0,5
Roboflow_Classifier_train_196A207_jpg.rf.86b6877b740fcea68bb07c808464bfb3.jpg,1,21.25,0,2
Roboflow_Classifier_train_196A207_jpg.rf.910c1d203813df7344bd1f05aa5765b1.jpg,2,7.31,0,0
Roboflow_Classifier_train_196A209_jpg.rf.808316ba4b93f135243f06e31bf81543.jpg,2,6.55,0,0
Roboflow_Classifier_train_196A209_jpg.rf.d3339a03ad6e9f3b267f6a2ed43ef22f.jpg,2,1.0,0,3
Roboflow_Classifier_train_196A209_jpg.rf.f5b78e80edaefa0a4e95bc851673f61c.jpg,2,19.5,0,1
Roboflow_Classifier_train_196A212_jpg.rf.a0812b6e74b471ebdf3949aa9c9a4110.jpg,3,22.66,0,7
Roboflow_Classifier_train_196A212_jpg.rf.be9dd1e389c6aefd0108067793010297.jpg,2,3.7,0,4
Roboflow_Classifier_train_196A212_jpg.rf.ca7bf2ed2e21f5f06cc6a009de305eef.jpg,2,1.63,0,9
Roboflow_Classifier_train_196A214_jpg.rf.2c215b9363190721e59418dbf5b8875a.jpg,0,2.98,0,0
Roboflow_Classifier_train_196A214_jpg.rf.631c850172edd92252044f8f9bffc9eb.jpg,1,18.61,0,5
Roboflow_Classifier_train_196A214_jpg.rf.c45b0c02bf314058f13c827d6472f6ac.jpg,1,1.91,0,9
Roboflow_Classifier_train_196A219_jpg.rf.5fff867b903035c3dbfdd2db7df4c027.jpg,1,15.22,0,1
Roboflow_Classifier_train_196A219_jpg.rf.710b42d5c5435a3e3e03cff421ab97e5.jpg,3,25.3,0,1
Roboflow_Classifier_train_196A219_jpg.rf.8ebd224da5eed5573df7ed34a712e48a.jpg,2,5.0,0,6
Roboflow_Classifier_train_196A220_jpg.rf.14a64a8552912b682a4e765ed58be109.jpg,2,4.42,0,4
Roboflow_Classifier_train_196A220_jpg.rf.dd1af3a84c57b7c7202b45ad1efb6203.jpg,3,1.8,0,3
Roboflow_Classifier_train_196A220_jpg.rf.e85cf8036023d8225d37ccaeb96ea8a0.jpg,2,12.75,0,1
Roboflow_Classifier_train_196A227_jpg.rf.1070c5654a3be7b941425b3bd06c4d17.jpg,3,22.77,0,5
Roboflow_Classifier_train_196A227_jpg.rf.d6a91bdfdcb2cef2e574293565d1eefe.jpg,2,12.82,0,6
Roboflow_Classifier_train_196A227_jpg.rf.f13ef4b67fa9902b2ddb3eeb2bf086be.jpg,2,5.14,0,0
Roboflow_Classifier_train_196A230_jpg.rf.4c16bee07162bbf97f6b8c529f276820.jpg,2,1.5,0,4
Roboflow_Classifier_train_196A230_jpg.rf.a30d29714e51df098cd399ae5cc83473.jpg,3,25.38,0,2
Roboflow_Classifier_train_196A230_jpg.rf.d2a827bd79c8b8b509e99cf10d4d51f1.jpg,2,13.95,0,8
Roboflow_Classifier_train_196A233_jpg.rf.38b81c90012603e8cec8f0788fb23029.jpg,2,21.84,0,2
Roboflow_Classifier_train_196A233_jpg.rf.4147a97db3ffc008699efd9a0f4ee211.jpg,2,14.56,0,8
Roboflow_Classifier_train_196A233_jpg.rf.e811d42dde5773b55b1c44870859f39d.jpg,2,3.85,0,3
Roboflow_Classifier_train_196A236_jpg.rf.7ce8c8159141b1f408518384790f17f6.jpg,1,6.24,0,6
Roboflow_Classifier_train_196A236_jpg.rf.c9484de0fdd6bee0627b574a266bc8e9.jpg,0,34.78,0,1
Roboflow_Classifier_train_196A236_jpg.rf.d684cbf3cb64f8a049f2cf895bbc3981.jpg,2,0.96,0,9
Roboflow_Classifier_train_196A237_jpg.rf.0de1b3cf2cca3122e781a61d097eae11.jpg,1,3.66,0,3
Roboflow_Classifier_train_196A237_jpg.rf.77931d8e2df20f28861b3b598a144a43.jpg,1,10.0,0,1
Roboflow_Classifier_train_196A237_jpg.rf.f6709e62addf336290314076e6891dee.jpg,2,20.29,0,2
Roboflow_Classifier_train_196A240_jpg.rf.41cf4b496b8f2c8efd918ec5e98ae8aa.jpg,2,27.49,0,2
Roboflow_Classifier_train_196A240_jpg.rf.9586e85a85862502d41363d0be2827ec.jpg,1,29.13,0,7
Roboflow_Classifier_train_196A240_jpg.rf.f306f683f408b5e1b4df6f0336e17acb.jpg,2,44.45,0,2
Roboflow_Classifier_train_196A245_jpg.rf.7bd0b24193a3a661dc7c18f93dd875ba.jpg,2,4.99,0,4
Roboflow_Classifier_train_196A245_jpg.rf.c699f46a655bdd35f6b3fa65625642e0.jpg,2,3.74,0,3
Roboflow_Classifier_train_196A245_jpg.rf.c97408fc27ede262ec947c78c390e000.jpg,1,12.79,0,2
Roboflow_Classifier_train_196A246_jpg.rf.0fa8a1915b9b124c9e2003079877e986.jpg,1,23.46,0,1
Roboflow_Classifier_train_196A246_jpg.rf.5ddf34cb60bb34376c9531e689749ed8.jpg,1,6.56,0,6
Roboflow_Classifier_train_196A246_jpg.rf.aa1cc5039796982b57bf294ab3f3a47d.jpg,2,13.63,0,5
Roboflow_Classifier_train_196A248_jpg.rf.cd12ed9439768ee1a88efe0891b64870.jpg,1,34.02,0,7
Roboflow_Classifier_train_196A248_jpg.rf.d3d53404ce353a036e8468650fbb9273.jpg,2,1.5,0,0
Roboflow_Classifier_train_196A248_jpg.rf.ec7d32a315075966cbb98ec82f81386b.jpg,0,5.0,0,4
Roboflow_Classifier_train_196A250_jpg.rf.2db83cdd252f395961cbc4d1436d4477.jpg,2,5.72,0,3
Roboflow_Classifier_train_196A250_jpg.rf.c99d7b58701a8f52813d4c6d454717a5.jpg,0,16.03,0,7
Roboflow_Classifier_train_196A250_jpg.rf.e5d15716ee0ed44215ec136ce0987866.jpg,2,3.59,0,4
Roboflow_Classifier_train_196A253_jpg.rf.36efe5f18f11c03203b5a1b5a3837189.jpg,2,2.88,0,0
Roboflow_Classifier_train_196A253_jpg.rf.a064d9de13b6906db83e752969ad13ae.jpg,2,43.95,0,2
Roboflow_Classifier_train_196A253_jpg.rf.cddb8614a67c81daf23c63fbc16c2e52.jpg,2,27.43,0,1
Roboflow_Classifier_train_196A31_jpg.rf.0065e6f0b080c78e2e36a12c499410a3.jpg,1,16.32,0,8
Roboflow_Classifier_train_196A31_jpg.rf.839ce5fbe2f43d9c39b9d258b3720239.jpg,3,3.27,0,0
Roboflow_Classifier_train_196A31_jpg.rf.f0e1afbf5e1250b414b078e92ef77efa.jpg,3,4.42,0,0
Roboflow_Classifier_train_196A38_jpg.rf.6fcc7992a34827f7c3620fa5b2466740.jpg,2,1.66,0,9
Roboflow_Classifier_train_196A38_jpg.rf.73fbc206903561ebdde6a457d0e4c993.jpg,2,6.05,0,4
Roboflow_Classifier_train_196A38_jpg.rf.8f0fba861829333ddc32df534d2295a5.jpg,2,47.07,0,2
Roboflow_Classifier_train_196A64_jpg.rf.5a1b837a3309d7c7dea7d37cc35a3dec.jpg,1,1.78,0,9
Roboflow_Classifier_train_196A64_jpg.rf.dbc5b0b5c56e967d554a8a6a202e9e17.jpg,2,6.39,0,0
Roboflow_Classifier_train_196A64_jpg.rf.fd3b697e50947448e5af92feeae5882f.jpg,0,32.42,0,7
Roboflow_Classifier_train_196A72_jpg.rf.4ffbb07cfc324eb568e5a179591761b2.jpg,1,4.15,0,3
Roboflow_Classifier_train_196A72_jpg.rf.59abdfae8588e87222f76a3ae0d12853.jpg,2,4.61,0,4
Roboflow_Classifier_train_196A72_jpg.rf.5b48bc7dd5fe950d38792766c5feb2d5.jpg,1,10.0,0,7
Roboflow_Classifier_train_196A76_jpg.rf.59b3921f8860315d9615c1cc3a20af16.jpg,2,12.08,0,6
Roboflow_Classifier_train_196A76_jpg.rf.71a0fae5507af5b1cae2b59165ade9b9.jpg,1,0.61,0,9
Roboflow_Classifier_train_196A76_jpg.rf.a705f0acd13a6f92d39b06a0016532c2.jpg,2,11.78,0,5
Roboflow_Classifier_train_196A81_jpg.rf.53d2ed726789cc3f0903c1e30b0a1715.jpg,2,2.18,0,3
Roboflow_Classifier_train_196A81_jpg.rf.ea2ed67f398f7b0d6f75fc4edab41b92.jpg,2,7.19,0,0
Roboflow_Classifier_train_196A81_jpg.rf.f916dcee8ea9fd61a7706aa7a3ec364f.jpg,2,4.07,0,4
Roboflow_Classifier_train_196A85_jpg.rf.2777a851ce9a486985b271ec4a51030d.jpg,1,21.56,0,7
Roboflow_Classifier_train_196A85_jpg.rf.5d407113b7845749916f76eb5315a45e.jpg,3,17.85,0,8
Roboflow_Classifier_train_196A85_jpg.rf.5ee29bb1db50069e67bb58ac172fc4e6.jpg,1,8.89,0,6
Roboflow_Classifier_train_196A96_jpg.rf.0a59ff0c50d2513f39257ff8c521a2b8.jpg,2,1.61,0,9
Roboflow_Classifier_train_196A96_jpg.rf.84a53b298265457e66ec8db462ce09f5.jpg,1,20.02,0,1
Roboflow_Classifier_train_196A96_jpg.rf.951074c803b33da2ba6d1aa4a0f43280.jpg,2,2.85,0,4
Roboflow_Classifier_train_196A99_jpg.rf.1637e40e832c631a4c2b40932e47b0ff.jpg,1,22.14,0,8
Roboflow_Classifier_train_196A99_jpg.rf.bd9aa75556f5074afa4c006e396859d6.jpg,1,9.29,0,8
Roboflow_Classifier_train_196A99_jpg.rf.cccab45f443843aebbb228db243f2b69.jpg,2,17.84,0,5
Roboflow_Classifier_train_197A156_jpg.rf.6ce89969a248dd4a4ccacd1094afae6f.jpg,3,28.3,0,1
Roboflow_Classifier_train_197A156_jpg.rf.acde798688f10938c4982fc6fe3e9179.jpg,3,17.47,0,8
Roboflow_Classifier_train_197A156_jpg.rf.e3920cb2e722359131c173761308da85.jpg,2,14.01,0,5
Roboflow_Classifier_train_197A157_jpg.rf.14efa138a491b20765ff421599d3315d.jpg,1,12.95,0,8
Roboflow_Classifier_train_197A157_jpg.rf.48141ec692a6d6d5cecf05fe6604f6a2.jpg,1,5.0,0,6
Roboflow_Classifier_train_197A157_jpg.rf.d1ca8c510fbbbff5a53a0a8380bb6a95.jpg,2,19.25,0,5
Roboflow_Classifier_train_197A161_jpg.rf.14c3e90fed034938ba76d306abaeebd4.jpg,2,10.09,0,5
Roboflow_Classifier_train_197A161_jpg.rf.7987705bdc836230d4d38e11c9b52fbf.jpg,2,35.61,0,2
Roboflow_Classifier_train_197A161_jpg.rf.ff86f4e4fe7d7ccc567f46cb809e2f8a.jpg,3,7.21,0,5
Roboflow_Classifier_train_197A165_jpg.rf.55d70ff62c32b32b1351e03453d22b52.jpg,2,3.18,0,3
Roboflow_Classifier_train_197A165_jpg.rf.b36377ca0047ed161e9a1b650a002cb9.jpg,2,5.0,0,6
Roboflow_Classifier_train_197A165_jpg.rf.d5b19aeb70d2dc878ceef5206eb044ce.jpg,2,43.68,0,1
Roboflow_Classifier_train_197A172_jpg.rf.0567222e8564f98c6da7d94b33af6360.jpg,1,36.35,0,2
Roboflow_Classifier_train_197A172_jpg.rf.4ccae1b714308cec373d60ac2a7a2de1.jpg,2,3.73,0,3
Roboflow_Classifier_train_197A172_jpg.rf.5afccd4c594468a233e0a82ae8a6f120.jpg,1,6.94,0,0
Roboflow_Classifier_train_197A175_jpg.rf.3301bb0766608ce09dcda2f028058c1f.jpg,2,14.9,0,5
Roboflow_Classifier_train_197A175_jpg.rf.351396ab596c2fcffd465892bd1ea75b.jpg,1,5.0,0,6
Roboflow_Classifier_train_197A175_jpg.rf.39570fa30a4d6a16a424800ff5c872cd.jpg,2,6.11,0,0
Roboflow_Classifier_train_197A177_jpg.rf.1218210c5336b9321a8e8f362f5c2a97.jpg,2,15.36,0,8
Roboflow_Classifier_train_197A177_jpg.rf.9db60f2bd4bd334478aee2887f1925c9.jpg,0,2.54,0,4
Roboflow_Classifier_train_197A177_jpg.rf.b36c2bcd6ef65c40593594d221bb1936.jpg,2,33.87,0,1
Roboflow_Classifier_train_197A180_jpg.rf.1cb88fa267ccff664283f38ada49f5a9.jpg,2,11.27,0,5
Roboflow_Classifier_train_197A180_jpg.rf.345fa4661f631372df340fb52721ccbd.jpg,3,31.51,0,1
Roboflow_Classifier_train_197A180_jpg.rf.fc38e6ffb764a200588b4af9663b1480.jpg,3,32.0,0,1
Roboflow_Classifier_train_197A184_jpg.rf.b33929d99d4002af9a9e2d40bd61dad4.jpg,2,5.43,0,3
Roboflow_Classifier_train_197A184_jpg.rf.c5d9000bd845eddf3bca99a6665009f4.jpg,1,14.68,0,6
Roboflow_Classifier_train_197A184_jpg.rf.ceee800344aafd88570c017108ed16d7.jpg,3,7.43,0,3
Roboflow_Classifier_train_197A190_jpg.rf.34470270a6262489f0ad4d1d7894cdd8.jpg,2,44.74,0,2
Roboflow_Classifier_train_197A190_jpg.rf.4fc5db473e592b1337306f57a75fa119.jpg,2,34.83,0,2
Roboflow_Classifier_train_197A190_jpg.rf.9804c86f0d429a3db6f1625b59f091b1.jpg,2,12.62,0,5
Roboflow_Classifier_train_197A91518_jpg.rf.17cb76864825313bda9b5d5fc5e34e42.jpg,1,14.78,0,5
Roboflow_Classifier_train_197A91518_jpg.rf.a3891ba812f78de41de9ed38dae46a5f.jpg,1,2.36,0,4
Roboflow_Classifier_train_197A91518_jpg.rf.f88ab42fe4081a192451fbc95ad422cc.jpg,2,1.3,0,9
Roboflow_Classifier_train_197A91519_jpg.rf.423c663ff8dd1a529f0ff27e7269e3e0.jpg,1,2.6,0,4
Roboflow_Classifier_train_197A91519_jpg.rf.8919358a17ab0cfd57592bf4b176efee.jpg,3,13.7,0,5
Roboflow_Classifier_train_197A91519_jpg.rf.f18fdc57b6dd5c61e3e0f98d101d9f02.jpg,1,7.34,0,0
Roboflow_Classifier_train_197A91750_jpg.rf.2f34c4363b74afe38f5ee7e1a220ff1a.jpg,2,35.64,0,2
Roboflow_Classifier_train_197A91750_jpg.rf.687e4364a993fd988ba5dbc17e6d8a61.jpg,0,31.0,0,2
Roboflow_Classifier_train_197A91750_jpg.rf.afaa2eed96adeb7ceaadb61396140820.jpg,1,1.89,0,4
Roboflow_Classifier_train_198A138_jpg.rf.5698a9ff618b4ebbe70af7dda236d16e.jpg,2,21.47,0,7
Roboflow_Classifier_train_198A138_jpg.rf.5d3ed947b1a1b4e4528241ff9eaa0e43.jpg,1,2.68,0,3
Roboflow_Classifier_train_198A138_jpg.rf.a6e6ca8f35d18764efeeca9b9b5cc4ce.jpg,1,31.06,0,1
Roboflow_Classifier_train_198A203_jpg.rf.93c99238dacea5151a43f30a78c3649c.jpg,2,13.99,0,7
Roboflow_Classifier_train_198A203_jpg.rf.a01d4a948f65a5e4fc000bec6a5c0ca5.jpg,1,30.24,0,7
Roboflow_Classifier_train_198A203_jpg.rf.dd32d20dbb6ce2e71b73c4a310b3789c.jpg,0,19.63,0,5
Roboflow_Classifier_train_198A62_jpg.rf.229f348e7ce43c79b2fcc4133e912c57.jpg,2,30.64,0,1
Roboflow_Classifier_train_198A62_jpg.rf.5bada95bd8cb5fc3af16a7067309d646.jpg,1,19.2,0,8
Roboflow_Classifier_train_198A62_jpg.rf.6606ce6a9eb918f7d4439ecc90bc43b1.jpg,1,26.48,0,1
Roboflow_Classifier_train_211A3_jpg.rf.9b747c30ab810816b9c2ed6bd72aabc5.jpg,2,4.6,0,4
Roboflow_Classifier_train_211A3_jpg.rf.a807f7bfe54c7fc5bb326c723df87b2f.jpg,2,52.45,0,2
Roboflow_Classifier_train_211A3_jpg.rf.e7d4626a7dcb7db44dd500407c45a959.jpg,3,19.46,0,7
Roboflow_Classifier_train_211A4_jpg.rf.0c25a8f0851ca67b9c5a728dbddd90df.jpg,1,1.86,0,9
Roboflow_Classifier_train_211A4_jpg.rf.74b562d1cd4ec78c2dba494a2b9f9b3e.jpg,2,18.37,0,5
Roboflow_Classifier_train_211A4_jpg.rf.b116d97e1ad248b6c715fc4be1c0c37e.jpg,3,0.55,0,9
Roboflow_Classifier_train_212A4_jpg.rf.367626b901ac6559c16026514af8cbaa.jpg,3,27.22,0,1
Roboflow_Classifier_train_212A4_jpg.rf.724396371088651a90c56cfbc857e003.jpg,1,26.68,0,8
Roboflow_Classifier_train_212A4_jpg.rf.d668cce250ff4d38636493ee17409d1b.jpg,2,6.64,0,0
Roboflow_Classifier_train_212A5_jpg.rf.6039f2779a5d4c0480436d9e1a84607b.jpg,1,25.55,0,7
Roboflow_Classifier_train_212A5_jpg.rf.af6d37dc404de94d20d11dcd14e2be12.jpg,2,3.25,0,3
Roboflow_Classifier_train_212A5_jpg.rf.b0eaa1e987877a290ed225a249d2f27e.jpg,2,21.21,0,6
Roboflow_Classifier_train_212A7_jpg.rf.73db9bf558a9440e19ea7feb965e355d.jpg,1,4.1,0,3
Roboflow_Classifier_train_212A7_jpg.rf.9cea421e430ec1b00ce91f8d0fc6361f.jpg,2,17.55,0,5
Roboflow_Classifier_train_212A7_jpg.rf.f6673c138374aa5407ea8a9eeca03498.jpg,3,40.23,0,1
Roboflow_Classifier_train_212A8_jpg.rf.5ddcd07ba884beead07164c34ffc04ad.jpg,0,28.75,0,1
Roboflow_Classifier_train_212A8_jpg.rf.6938119c47879ca26c306a595b12d682.jpg,2,4.29,0,4
Roboflow_Classifier_train_212A8_jpg.rf.9dfb05eaaf0bf6c60c02e80f7c60e476.jpg,2,5.0,0,6
Roboflow_Classifier_train_213A8_jpg.rf.b0bea2d211505a3b3c618b98fcfef2c5.jpg,2,5.19,0,3
Roboflow_Classifier_train_213A8_jpg.rf.d1d6345540bd15822b040edbd3b235ae.jpg,1,10.0,0,7
Roboflow_Classifier_train_213A8_jpg.rf.d8a540ae7b1736bfbf90ba924c9c1467.jpg,2,38.64,0,2
Roboflow_Classifier_train_216A5_jpg.rf.2f4a51d5a2c49ddff29656dbc401704b.jpg,0,4.0,0,0
Roboflow_Classifier_train_216A5_jpg.rf.67768f967b9fd5d12474db7ff20b6a4f.jpg,1,16.83,0,1
Roboflow_Classifier_train_216A5_jpg.rf.b95677ea438c3fb1a08783cabbe027b0.jpg,1,4.87,0,4
Roboflow_Classifier_train_221A8_jpg.rf.8d877d7bc26989bee07f13f1cc5cd0fc.jpg,3,5.54,0,4
Roboflow_Classifier_train_221A8_jpg.rf.a275bb28bf5e84cb9c1ffdd28aef848b.jpg,2,1.71,0,4
Roboflow_Classifier_train_221A8_jpg.rf.a332444edd4eefee51aaa882fa71aa38.jpg,3,4.34,0,0
Roboflow_Classifier_train_221A9_jpg.rf.46f03d48293616c613bf3f516995fa4e.jpg,2,49.75,0,2
Roboflow_Classifier_train_221A9_jpg.rf.87063b2893010cfead59ee9160a223dc.jpg,3,2.27,0,3
Roboflow_Classifier_train_221A9_jpg.rf.bc844341e157c60c33d902d73b9bdbdd.jpg,2,14.66,0,8
Roboflow_Classifier_train_240A22_jpg.rf.7895a9249c88c82809ef52fef32e6488.jpg,1,40.38,0,2
Roboflow_Classifier_train_240A22_jpg.rf.a3195ebd59e9a2f405be2e17f5211c28.jpg,1,18.47,0,5
Roboflow_Classifier_train_240A22_jpg.rf.c2cd9bf8961f8654bc7ef020adaa82cc.jpg,2,5.27,0,3
Roboflow_Classifier_train_241A28_jpg.rf.916e7f361e7be673cebdb91c7eec6283.jpg,1,25.78,0,1
Roboflow_Classifier_train_241A28_jpg.rf.c04640d904143be2daac7354adf494bb.jpg,2,5.16,0,3
Roboflow_Classifier_train_241A28_jpg.rf.f9ddee3378be7ed0be927ea6c430dad9.jpg,2,5.77,0,0
Roboflow_Classifier_train_241A35_jpg.rf.1bf62a295315559aa6f7ec40b0c44c07.jpg,3,21.29,0,8
Roboflow_Classifier_train_241A35_jpg.rf.875c37e3462095a980be4b28ae10c98b.jpg,2,3.71,0,3
Roboflow_Classifier_train_241A35_jpg.rf.c0dd46f11caec5e172e7373a0b53bc9b.jpg,2,2.52,0,3
Roboflow_Classifier_train_242A9_jpg.rf.57b38ac5dbe900c2e68c38fc1ff1a01e.jpg,2,5.77,0,0
Roboflow_Classifier_train_242A9_jpg.rf.9e46b05307795d885b0d23828d841c22.jpg,1,1.26,0,9
Roboflow_Classifier_train_242A9_jpg.rf.c8bfd1d7e2841626f37cbe910947ef0e.jpg,2,10.56,0,5
Roboflow_Classifier_train_292A2_jpg.rf.63d45f3ad951436bb9267ddbfa4c6067.jpg,3,20.8,0,6
Roboflow_Classifier_train_292A2_jpg.rf.6d903abf8a2cbe26ea12a392ddeb19f7.jpg,2,3.64,0,4
Roboflow_Classifier_train_292A2_jpg.rf.f61f071fa0d8e00b42eff328d0097b01.jpg,1,16.25,0,6
Roboflow_Classifier_train_300A17_jpg.rf.07a616ade7113bf3bd34d693c7942e10.jpg,3,25.55,0,8
Roboflow_Classifier_train_300A17_jpg.rf.0851325df13ca21e83677164eb78a189.jpg,1,18.65,0,2
Roboflow_Classifier_train_300A17_jpg.rf.6fef3b887694ce0227eea8f89ffc1c00.jpg,1,1.5,0,0
Roboflow_Classifier_train_401A2379_jpg.rf.0620503d6eeb7f41846fe762b6efbee2.jpg,1,3.69,0,4
Roboflow_Classifier_train_401A2379_jpg.rf.3d64a0c8349301f785191d37ec15f389.jpg,1,7.89,0,0
Roboflow_Classifier_train_401A2379_jpg.rf.74c2957b21be1929fc26f81f1e887ddc.jpg,1,6.2,0,6
Roboflow_Classifier_train_402A2164_jpg.rf.9c2172ed4d6695b895b15d666ff14463.jpg,2,37.14,0,2
Roboflow_Classifier_train_402A2164_jpg.rf.c9b603c199bfa67ba27d752279842298.jpg,1,3.39,0,0
Roboflow_Classifier_train_402A2164_jpg.rf.f148b511f9831cc6a0493170ebbe97ca.jpg,3,35.29,0,2
Roboflow_Classifier_train_403A4529_jpg.rf.69551cafcbde89d4ce3dd17551f4e30d.jpg,1,31.4,0,7
Roboflow_Classifier_train_403A4529_jpg.rf.bf721e56b773e86bfa02a12fd09feb28.jpg,2,2.64,0,0
Roboflow_Classifier_train_403A4529_jpg.rf.cc78097f90afb1f982cb1c31fbd8ac78.jpg,0,44.05,0,2
Roboflow_Classifier_train_405A2972_jpg.rf.30a66354ced82a7ec002f9cfd9c42dd7.jpg,2,15.67,0,5
Roboflow_Classifier_train_405A2972_jpg.rf.6da24afd1fe7023831410ebf57be1330.jpg,2,21.16,0,1
Roboflow_Classifier_train_405A2972_jpg.rf.a238613536a4736aaf63a188e21acdea.jpg,3,5.0,0,6
Roboflow_Classifier_train_405A2974_jpg.rf.1dbc3f3f36320290ecc9c048c350aea6.jpg,2,2.74,0,0
Roboflow_Classifier_train_405A2974_jpg.rf.9bf38abad6594e3c30f015851e8d687d.jpg,1,3.16,0,4
Roboflow_Classifier_train_405A2974_jpg.rf.ec21a40d295c0780b8736d75aa58094c.jpg,2,2.26,0,3
Roboflow_Classifier_train_405A2980_jpg.rf.0d1305d57c3c4006575067cd43cea92f.jpg,2,25.75,0,7
Roboflow_Classifier_train_405A2980_jpg.rf.8486ac55c517e81f107406098e8eb632.jpg,2,14.69,0,1
Roboflow_Classifier_train_405A2980_jpg.rf.ee174597a02b70fad1d98b14d81637dd.jpg,0,20.47,0,1
Roboflow_Classifier_train_405A2986_jpg.rf.97e757c3e22357e102517bcd3f3037ad.jpg,2,18.38,0,5
Roboflow_Classifier_train_405A2986_jpg.rf.f139776798fadf5d501bbce7994b40e6.jpg,2,2.28,0,9
Roboflow_Classifier_train_405A2986_jpg.rf.f737386fe18400250e1e570b23d56fd2.jpg,1,19.58,0,5
Roboflow_Classifier_train_405A3003_jpg.rf.247eb9a61a487b9f96b97f6f184cd7ca.jpg,2,28.98,0,8
Roboflow_Classifier_train_405A3003_jpg.rf.bc3f1beebd976e99e5b71023782ed51b.jpg,2,14.69,0,2
Roboflow_Classifier_train_405A3003_jpg.rf.d05fbac7ba39b53d03d305a57c5ebbb1.jpg,1,5.72,0,4
Roboflow_Classifier_train_405A3032_jpg.rf.4c4b8a09b3c4c743f1d2118cfa36492a.jpg,2,2.93,0,4
Roboflow_Classifier_train_405A3032_jpg.rf.8efc2ade31ff8fcedbb1b218edf358b7.jpg,1,13.2,0,6
Roboflow_Classifier_train_405A3032_jpg.rf.f752175bd6b35462e0833f8b936d23c5.jpg,0,10.44,0,8
Roboflow_Classifier_train_405A3039_jpg.rf.2a52516e697dc1720d72e692ac2a3c60.jpg,2,1.23,0,9
Roboflow_Classifier_train_405A3039_jpg.rf.d66be3a444b0ee6657685b4850db2f82.jpg,2,32.89,0,7
Roboflow_Classifier_train_405A3039_jpg.rf.f78fb7d29e647d676a66a2a8f4c5ec5f.jpg,2,31.32,0,1
Roboflow_Classifier_train_405A3049_jpg.rf.556493720e8c66a22b0ea348688b44cd.jpg,3,27.46,0,2
Roboflow_Classifier_train_405A3049_jpg.rf.8931905da130eba2adcbcb148c5c7a01.jpg,2,6.54,0,0
Roboflow_Classifier_train_405A3049_jpg.rf.8a0c5c6e439f8a77a513f4c61326dfbb.jpg,2,14.78,0,5
Roboflow_Classifier_train_405A3051_jpg.rf.26742ff24736f555a87cf937b5abacd7.jpg,2,10.88,0,5
Roboflow_Classifier_train_405A3051_jpg.rf.475ecda4b807f88bc9f70e8dc751089e.jpg,2,0.89,0,9
Roboflow_Classifier_train_405A3051_jpg.rf.f4312702210c8fced54cab3535e9a911.jpg,2,18.33,0,8
Roboflow_Classifier_train_405A3054_jpg.rf.3559654c28b3c126d79ef75c551fdb28.jpg,1,5.0,0,6
Roboflow_Classifier_train_405A3054_jpg.rf.9c2278fb23ef786a7f8cd5014e3e00e1.jpg,2,4.15,0,4
Roboflow_Classifier_train_405A3054_jpg.rf.cc40d9e2c7ee791f82b8eae19768200d.jpg,2,5.39,0,0
Roboflow_Classifier_train_405A3055_jpg.rf.7109e5c12d88edd912e57231d92ee31a.jpg,1,5.0,0,6
Roboflow_Classifier_train_405A3055_jpg.rf.f2a41d1241c24a2a88d6b13145b0687f.jpg,3,0.91,0,9
Roboflow_Classifier_train_405A3055_jpg.rf.fe6d598b5426d9fbd6fe0627d722950b.jpg,1,7.96,0,0
Roboflow_Classifier_train_405A3058_jpg.rf.0e313a112c027d434c0a447dda782044.jpg,0,5.8,0,3
Roboflow_Classifier_train_405A3058_jpg.rf.0f31c2693fa69b0b0c02179a6b310122.jpg,2,13.61,0,7
Roboflow_Classifier_train_405A3058_jpg.rf.cec0ca7e1c8a9d7d9954ba209c973daf.jpg,2,22.31,0,8
Roboflow_Classifier_train_405A3061_jpg.rf.0ea62ae60c33458c13dd17d1c1f6e4c8.jpg,1,27.6,0,2
Roboflow_Classifier_train_405A3061_jpg.rf.742c1ee4507e039e5c8ad96d4a058ef6.jpg,3,1.15,0,9
Roboflow_Classifier_train_405A3061_jpg.rf.c58372f8dfee926ade0d43c5f135df8f.jpg,0,5.0,0,6
Roboflow_Classifier_train_405A3062_jpg.rf.5365d119b9ea377b6a4ad7a00177c2ab.jpg,2,20.92,0,5
Roboflow_Classifier_train_405A3062_jpg.rf.d20863471cf80d446ad1086a686b8184.jpg,0,4.15,0,3
Roboflow_Classifier_train_405A3062_jpg.rf.f95107e73c5fb5e833e2acc183f1d9ca.jpg,2,15.18,0,5
Roboflow_Classifier_train_405A3063_jpg.rf.2cda9f58ce0a602fa0b989cf12620c6b.jpg,1,10.25,0,6
Roboflow_Classifier_train_405A3063_jpg.rf.b34c105f9d8716f90d1c66b1bc25db1d.jpg,0,4.63,0,3
Roboflow_Classifier_train_405A3063_jpg.rf.fe20b2f3dad65bd519ba979d9a9a8eb5.jpg,2,23.43,0,6
Roboflow_Classifier_train_405A3064_jpg.rf.1f04d66144261f9200f075b3e99c23c3.jpg,1,3.93,0,0
Roboflow_Classifier_train_405A3064_jpg.rf.904a6e97d910af97cc150b6ee4ece51d.jpg,2,2.07,0,4
Roboflow_Classifier_train_405A3064_jpg.rf.96c4c3f40026b1f6aa2b50b69163e289.jpg,2,5.0,0,6
Roboflow_Classifier_train_72A1510_jpg.rf.0f067bede2800e752c66e755d9ba02c3.jpg,2,38.59,0,1
Roboflow_Classifier_train_72A1510_jpg.rf.1fb2d561153a2e6c46eeb445cb7b656f.jpg,0,4.67,0,4
Roboflow_Classifier_train_72A1510_jpg.rf.eb988590fe5f36745d6e8cc09843d773.jpg,0,23.49,0,8
Roboflow_Classifier_train_72A1595_jpg.rf.8b9dbaa2394189e448a8465535bbc701.jpg,2,40.88,0,2
Roboflow_Classifier_train_72A1595_jpg.rf.d8c8207bed289360f900d15fd9a94dc2.jpg,2,6.43,0,5
Roboflow_Classifier_train_72A1595_jpg.rf.e7abb98e21d315a94c8e3720f86a0d94.jpg,1,24.15,0,1
Roboflow_Classifier_train_72A1744_jpg.rf.053bf8827ce622c83ed8350141605c76.jpg,2,1.59,0,9
Roboflow_Classifier_train_72A1744_jpg.rf.59fc7e4d6fe06af8bbbfa3cdcea41776.jpg,3,5.37,0,3
Roboflow_Classifier_train_72A1744_jpg.rf.d6ce51e4bfeb11ee2c3177987abf642f.jpg,1,1.8,0,9
Roboflow_Classifier_train_72A1745_jpg.rf.a3fe3961c6decb214cc04044b393bd2e.jpg,2,2.51,0,0
Roboflow_Classifier_train_72A1745_jpg.rf.d3a63b4ca930a2665421500cec92c5b9.jpg,2,4.4,0,4
Roboflow_Classifier_train_72A1745_jpg.rf.e7a87c77faef6b54a365274abe7f2f82.jpg,2,11.18,0,5
Roboflow_Classifier_train_72A1751_jpg.rf.8f84744e977b976bfe71a999855c0aea.jpg,2,13.0,0,5
Roboflow_Classifier_train_72A1751_jpg.rf.c5f2f9007ca7c252f317aed00f2c8d0c.jpg,2,10.0,0,7
Roboflow_Classifier_train_72A1751_jpg.rf.c66a620245055d1d2baa4d64d40042bc.jpg,2,18.3,0,5
Roboflow_Classifier_train_72A1753_jpg.rf.008a3f6c058c7b89218aef31d926bc62.jpg,2,10.63,0,8
Roboflow_Classifier_train_72A1753_jpg.rf.4048d211e17546aeefa03b90b8ddf2bc.jpg,2,4.58,0,3
Roboflow_Classifier_train_72A1753_jpg.rf.7c6be529445f289e28d06ccf17bcfaa6.jpg,3,1.34,0,9
Roboflow_Classifier_train_74A165_jpg.rf.92cc714098e0ff21326a80f9f3b62986.jpg,0,4.53,0,3
Roboflow_Classifier_train_74A165_jpg.rf.b55e05c0215770aaa9ff1e8f4b63e584.jpg,2,1.5,0,4
Roboflow_Classifier_train_74A165_jpg.rf.f9d5d3f167bc6bddf929fc9f331723dd.jpg,0,5.41,0,3
Roboflow_Classifier_train_download-1_jpg.rf.038b8506a65866f687b5ae5ebf011e3c.jpg,2,6.57,0,5
Roboflow_Classifier_train_download-1_jpg.rf.2cc7c43294289dcef9312245086f787a.jpg,2,0.62,0,9
Roboflow_Classifier_train_download-1_jpg.rf.cf9d81491e37537d1b543ba7d6ab836a.jpg,2,5.46,0,0
Roboflow_Classifier_train_download-2_jpg.rf.1bc01065c2112f7fc9bf59b553c49f27.jpg,3,14.47,0,6
Roboflow_Classifier_train_download-2_jpg.rf.26a89101b1deb69d3fa370f3f7b72c4c.jpg,2,14.75,0,5
Roboflow_Classifier_train_download-2_jpg.rf.37b4930ef4aaae04c989b34ba1435a76.jpg,2,6.16,0,0
Roboflow_Classifier_train_download-4_jpg.rf.a5086795d98bd4f76233c115463bdbec.jpg,2,25.23,0,5
Roboflow_Classifier_train_download-4_jpg.rf.be99c4bca5413c0224f6985e6959964f.jpg,2,6.78,0,0
Roboflow_Classifier_train_download-4_jpg.rf.d53c95e9eeb7e309a88f23da8b088957.jpg,0,2.95,0,3
Roboflow_Classifier_train_download-7_jpg.rf.45bd3add3b4d0158b0989e4bfc94c6e2.jpg,3,13.68,0,6
Roboflow_Classifier_train_download-7_jpg.rf.4e2e0df407bb73a82446cb7c4e7d6fd4.jpg,2,24.37,0,1
Roboflow_Classifier_train_download-7_jpg.rf.f59d6d6c6f9bfc50b392a74d52effaf2.jpg,2,6.82,0,3
Roboflow_Classifier_train_download_jpg.rf.bb421c9c20a64e917c9327ad32d335f3.jpg,2,8.67,0,0
Roboflow_Classifier_train_download_jpg.rf.d52f779651a452fa5ea49a1ff93a7e0a.jpg,2,4.9,0,3
Roboflow_Classifier_train_download_jpg.rf.f5cecb6605334bfff1de5e0bc0549f04.jpg,1,10.47,0,5
Roboflow_Classifier_train_images-10_jpg.rf.0d36d45f6f0a3d1e49163fde25d4505d.jpg,2,10.18,0,6
Roboflow_Classifier_train_images-10_jpg.rf.5a08037f198109bb445d4d2a21ace2cb.jpg,2,20.71,0,8
Roboflow_Classifier_train_images-10_jpg.rf.d7b33b65f9032c7f70aab2191a8e0218.jpg,1,2.29,0,3
Roboflow_Classifier_train_images-11_jpg.rf.87ba31f8d8fb5f9b0db0942a9c2b2a19.jpg,1,1.17,0,9
Roboflow_Classifier_train_images-11_jpg.rf.a117d113e6be9377633c4ee779149c87.jpg,2,30.56,0,1
Roboflow_Classifier_train_images-11_jpg.rf.cc8ff3ca92046c78d0ca1eedacb348c8.jpg,2,3.86,0,4
Roboflow_Classifier_train_images-12_jpg.rf.38821799fb388359939803de595a5117.jpg,1,21.87,0,5
Roboflow_Classifier_train_images-12_jpg.rf.cb5f08410fb5a965fa7beb3933138b15.jpg,2,26.07,0,1
Roboflow_Classifier_train_images-12_jpg.rf.fd05524928234973a9b7ddbbc926986e.jpg,2,11.64,0,7
Roboflow_Classifier_train_images-14_jpg.rf.1dfe9b20e355382139ca7c607f342259.jpg,2,8.01,0,6
Roboflow_Classifier_train_images-14_jpg.rf.35aa34a46caebb759ef9474344946f1d.jpg,2,3.55,0,3
Roboflow_Classifier_train_images-14_jpg.rf.958300d1467888e142175a2ba480e6bc.jpg,2,8.05,0,5
Roboflow_Classifier_train_images-15_jpg.rf.21eb4746c889497423bb54802501ad79.jpg,2,5.42,0,0
Roboflow_Classifier_train_images-15_jpg.rf.cc631fd46ce7d930c7ac925c04a867dc.jpg,3,28.42,0,1
Roboflow_Classifier_train_images-15_jpg.rf.e2a2198a30636fab3fbc64bcfb15b221.jpg,2,27.42,0,1
Roboflow_Classifier_train_images-16_jpg.rf.0964d8066b32d38109fc3379cf115611.jpg,1,36.1,0,2
Roboflow_Classifier_train_images-16_jpg.rf.0d5d6292053213313a4cab00d34b6e0c.jpg,0,39.83,0,2
Roboflow_Classifier_train_images-16_jpg.rf.f6c05f70c5dd733cd72d00622ca9e67f.jpg,1,65.22,0,2
Roboflow_Classifier_train_images-17_jpg.rf.5b728a26f678e562b319304f87182afc.jpg,1,2.06,0,3
Roboflow_Classifier_train_images-17_jpg.rf.a4c105dcf98d665cc665789135e29e42.jpg,1,4.47,0,3
Roboflow_Classifier_train_images-17_jpg.rf.c476633905cb73713705b216dc20540d.jpg,3,11.15,0,6
Roboflow_Classifier_train_images-18_jpg.rf.20bbdfa9e02182d545377b22242c8f90.jpg,2,27.71,0,2
Roboflow_Classifier_train_images-18_jpg.rf.71cc2886a4972c46f7591a176c8300d3.jpg,2,8.88,0,5
Roboflow_Classifier_train_images-18_jpg.rf.ffb2018c5ba63f2ded31a45f05cab52e.jpg,0,39.46,0,2
Roboflow_Classifier_train_images-19_jpg.rf.32aac903ca07fb2027f6891e3c592986.jpg,1,21.38,0,1
Roboflow_Classifier_train_images-19_jpg.rf.bc712756c7e4f802985fcd25d4076fec.jpg,2,3.51,0,3
Roboflow_Classifier_train_images-19_jpg.rf.d9b4387cb9368af57e3de08b6a47a7cf.jpg,2,30.61,0,2
Roboflow_Classifier_train_images-20_jpg.rf.162c2dff9a6f6bce75c02a51a139c49d.jpg,2,1.5,0,0
Roboflow_Classifier_train_images-20_jpg.rf.17e2b1b3c0b2bfa5366da1cb489d8b3d.jpg,2,27.96,0,2
Roboflow_Classifier_train_images-20_jpg.rf.d4d5c0ddffacc98de421de56545ce754.jpg,2,4.18,0,0
Roboflow_Classifier_train_images-2_jpg.rf.25373282f3687f78e3f69540c0caa8e9.jpg,2,16.32,0,8
Roboflow_Classifier_train_images-2_jpg.rf.4370fbc92741f480048d024cc31bda52.jpg,3,19.41,0,7
Roboflow_Classifier_train_images-2_jpg.rf.9cb97067c4aa5b6c7cee71bd00419d52.jpg,2,2.83,0,3
Roboflow_Classifier_train_images-3_jpg.rf.121e6de406fad833b586c1418679a360.jpg,2,2.28,0,4
Roboflow_Classifier_train_images-3_jpg.rf.d0ab23c8cf1799ca60165109c102d70e.jpg,0,1.56,0,9
Roboflow_Classifier_train_images-3_jpg.rf.f7a0d7bf832160ce3b3f400c19220cf6.jpg,2,14.57,0,8
Roboflow_Classifier_train_images-4_jpg.rf.3606386da19fea08071d9fd017338ea8.jpg,2,5.0,0,6
Roboflow_Classifier_train_images-4_jpg.rf.e6c0f4e1bdfa8eabac776252db50c30a.jpg,2,22.74,0,1
Roboflow_Classifier_train_images-4_jpg.rf.f00d93a7f053738a0ef911e01ec07b06.jpg,2,14.05,0,6
Roboflow_Classifier_train_images-5_jpg.rf.66aee53088d8c337f6b556f3e3328d9b.jpg,2,11.98,0,5
Roboflow_Classifier_train_images-5_jpg.rf.8649c051f6805707598da61724eef3ef.jpg,2,4.28,0,4
Roboflow_Classifier_train_images-5_jpg.rf.e580b3d78745fab2f620acb94225adaf.jpg,2,27.91,0,6
Roboflow_Classifier_train_images-6_jpg.rf.29993b9e5352dd92339c80168fb420d4.jpg,2,16.08,0,7
Roboflow_Classifier_train_images-6_jpg.rf.47b9a8433ad8061a40e474f1eac7a173.jpg,2,0.92,0,9
Roboflow_Classifier_train_images-6_jpg.rf.6f7d90ffb891ae11b8229dc4aa3bd5ad.jpg,2,18.66,0,5
Roboflow_Classifier_train_images-7_jpg.rf.0640a4de19f84498f912b11b17164385.jpg,2,3.11,0,4
Roboflow_Classifier_train_images-7_jpg.rf.61307eb7649105a0a5ce1840f4177eee.jpg,1,6.0,0,3
Roboflow_Classifier_train_images-7_jpg.rf.adc9e40825b17292c21899ccc1f0f4c2.jpg,1,14.09,0,5
Roboflow_Classifier_train_images-8_jpg.rf.1993e4bbea0ada46fa683f84656c7302.jpg,2,26.33,0,1
Roboflow_Classifier_train_images-8_jpg.rf.e17c31c1c1e0543dd348c44a3b4ef903.jpg,2,5.0,0,6
Roboflow_Classifier_train_images-8_jpg.rf.f2bc6330b3a7777eebe91f793b09daf1.jpg,1,1.5,0,0
Roboflow_Classifier_train_images-9_jpg.rf.14e45e61fab5fabc72f92e081164276f.jpg,1,1.52,0,9
Roboflow_Classifier_train_images-9_jpg.rf.402db6e2ec1b010c8d863a9e7e524c9f.jpg,0,16.39,0,6
Roboflow_Classifier_train_images-9_jpg.rf.7cebd3e777dfb6e14abdcb142a00424f.jpg,2,1.62,0,9
Roboflow_Classifier_train_VA188_jpg.rf.2387c870ab5593df35023cc858d23382.jpg,1,37.93,0,2
Roboflow_Classifier_train_VA188_jpg.rf.fb758ae2698287bcd9185e20de4f080b.jpg,2,38.67,0,2
Roboflow_Classifier_train_VA188_jpg.rf.fea9ea475e441a298f8e0e3be3df69a2.jpg,0,16.12,0,5
Roboflow_Classifier_train_VA192_jpg.rf.07658e9740a4e358e57e39792b100c4d.jpg,1,21.75,0,8
Roboflow_Classifier_train_VA192_jpg.rf.3d18d9a1b06a1f8e2d1b87f457603bc3.jpg,0,1.47,0,9
Roboflow_Classifier_train_VA192_jpg.rf.adaa20cd8b4fedfc41ba1beed227e72b.jpg,1,13.37,0,8
Roboflow_Classifier_train_VA210_jpg.rf.81110efe1004bc9850feba614aa947ff.jpg,2,5.0,0,5
Roboflow_Classifier_train_VA210_jpg.rf.aa02cb67d646be094f6c1079d4399762.jpg,2,1.62,0,9
Roboflow_Classifier_train_VA210_jpg.rf.df7d6cfa2ac730afb4d3170e4704c4cf.jpg,2,24.25,0,1
Roboflow_Classifier_train_VA214_jpg.rf.194ea2bbc3adb17dfc7695b47753f752.jpg,2,10.41,0,6
Roboflow_Classifier_train_VA214_jpg.rf.943cfec75a5c6b208d7f0e5a5ec290d1.jpg,1,19.0,0,7
Roboflow_Classifier_train_VA214_jpg.rf.cb4990a77af8728d95c45de6eab2be43.jpg,2,11.5,0,8
Roboflow_Classifier_train_VA238_jpg.rf.185779a87e3925550514146e781e3b72.jpg,2,3.81,0,4
Roboflow_Classifier_train_VA238_jpg.rf.9bfe8b306e2e4529f6e2e6b3fa948246.jpg,1,1.66,0,9
Roboflow_Classifier_train_VA238_jpg.rf.b4cb784e13caafa819a6b3e9cf980fa2.jpg,1,17.21,0,7
Roboflow_Classifier_train_VCL010-4_jpg.rf.3195f336c667272bb60a7abce3cfa274.jpg,0,24.66,0,7
Roboflow_Classifier_train_VCL010-4_jpg.rf.3fac9b4e302e2dcc3e476e627329d312.jpg,0,1.93,0,9
Roboflow_Classifier_train_VCL010-4_jpg.rf.aef4327462d51d0214c9f918afff438a.jpg,2,4.37,0,4
Roboflow_Classifier_train_VCL010-6_jpg.rf.05a497fbc7ef33ab4f41f40a223f4fda.jpg,2,3.76,0,3
Roboflow_Classifier_train_VCL010-6_jpg.rf.e5ba97e8dc27d57fa9891dea0f7bfd43.jpg,2,41.35,0,2
Roboflow_Classifier_train_VCL010-6_jpg.rf.f351b19d2b6a62a710d665743b1515e4.jpg,1,5.0,0,6
Roboflow_Classifier_train_VCL021-6_jpg.rf.b035f2c79268a16ea50cf9926d589e3d.jpg,0,22.54,0,8
Roboflow_Classifier_train_VCL021-6_jpg.rf.d929b7a2b9e4b02cc9eb6e2784dd2967.jpg,2,23.62,0,8
Roboflow_Classifier_train_VCL021-6_jpg.rf.fe44771683b59af3607636b194972875.jpg,3,32.16,0,1
Roboflow_Classifier_train_VCL029-6_jpg.rf.8dcde352a3f1c46aaf21b697cc7e8e4a.jpg,2,37.47,0,2
Roboflow_Classifier_train_VCL029-6_jpg.rf.b38b488ad4aa33fb352a4686c5d3854c.jpg,2,1.52,0,9
Roboflow_Classifier_train_VCL029-6_jpg.rf.fc4a49c4cd666ae47ba5821da1a8b74b.jpg,2,26.34,0,8
Roboflow_Classifier_train_VF249_jpg.rf.b8abd8ba14803d43b929ecfc16272f8b.jpg,3,5.74,0,0
Roboflow_Classifier_train_VF249_jpg.rf.bd45923d7c74ff63f53b2c59d7d7f3da.jpg,1,3.91,0,3
Roboflow_Classifier_train_VF249_jpg.rf.daba5f98c8690c73df6445821adb0bc8.jpg,0,1.33,0,9
Roboflow_Classifier_train_VF280_jpg.rf.1559c08c5412820e2c8043cc779e58c3.jpg,2,4.56,0,3
Roboflow_Classifier_train_VF280_jpg.rf.850abd1d4ddf51ee5afab149574e79ab.jpg,1,3.56,0,3
Roboflow_Classifier_train_VF280_jpg.rf.9e9642b4023b1cbc34e579f254f796d4.jpg,3,14.93,0,6
Roboflow_Classifier_train_VF293_jpg.rf.0c2e61af4596ad498369eafeb8c7b0a0.jpg,2,4.76,0,0
Roboflow_Classifier_train_VF293_jpg.rf.5fa779f5dd6b1c6d62d909d6ea28254c.jpg,0,3.38,0,4
Roboflow_Classifier_train_VF293_jpg.rf.ea72a6a7a706b9b8cf0d7398c9c9a34b.jpg,2,11.16,0,5
Roboflow_Classifier_train_VH058_jpg.rf.6970ef9b3ba5704be0b6af61ef87d2df.jpg,1,3.25,0,3
Roboflow_Classifier_train_VH058_jpg.rf.88e7ceb7939fd13fd6d1f4c0c00d0dad.jpg,2,57.03,0,2
Roboflow_Classifier_train_VH058_jpg.rf.b6db560d267773c06ca31fd1c734857f.jpg,2,2.08,0,9
Roboflow_Classifier_train_VH065_jpg.rf.643625185941a1936f5f558474ddc981.jpg,2,6.49,0,0
Roboflow_Classifier_train_VH065_jpg.rf.94234e6df4ad23d23fe6c68f69d35534.jpg,2,25.04,0,7
Roboflow_Classifier_train_VH065_jpg.rf.c5da2490a7f1cb5ffe63eec7813d2a01.jpg,2,24.66,0,7
Roboflow_Classifier_train_VH069_jpg.rf.229557024f06e86faf5f08881e2cfa02.jpg,1,19.28,0,8
Roboflow_Classifier_train_VH069_jpg.rf.305da5c5a5c441e810b2f97c619ff221.jpg,2,12.05,0,6
Roboflow_Classifier_train_VH069_jpg.rf.ea72f825d078284138fa53b5421b8ea7.jpg,1,48.26,0,2
Roboflow_Classifier_train_VJ319_jpg.rf.5f1f1fb068c6814e92966028a1040718.jpg,2,4.68,0,4
Roboflow_Classifier_train_VJ319_jpg.rf.6538f34902b0d12508e1f98c6877c9da.jpg,2,5.0,0,6
Roboflow_Classifier_train_VJ319_jpg.rf.e09389600936059775b6af250420df2b.jpg,2,28.22,0,1
Roboflow_Classifier_train_VJ355_jpg.rf.107e70f3786b99bc9abd05f1638a625c.jpg,0,8.82,0,6
Roboflow_Classifier_train_VJ355_jpg.rf.1a53e34a4e205e151158b0c1dcbd5468.jpg,2,1.99,0,0
Roboflow_Classifier_train_VJ355_jpg.rf.610ea0344d74bd3ef0bc0ea3b18cc95d.jpg,2,15.87,0,8
Roboflow_Classifier_train_VJ405_jpg.rf.21837fa62fa6aaf1977058d62e2c6fb9.jpg,2,4.34,0,0
Roboflow_Classifier_train_VJ405_jpg.rf.aca0fac1cdd15d85c1e80eb95bc840c8.jpg,3,2.84,0,0
Roboflow_Classifier_train_VJ405_jpg.rf.bbffb6d895c99d234c8f1acaa6297746.jpg,2,25.8,0,7
Roboflow_Classifier_train_VJ421_jpg.rf.2e5bb1f0c65f09c100f26d0e4dbf5deb.jpg,1,10.0,0,7
Roboflow_Classifier_train_VJ421_jpg.rf.456032e9a3b7d7a35b28c3a75d92fd92.jpg,2,1.21,0,9
Roboflow_Classifier_train_VJ421_jpg.rf.9bbc3d07c4a28ce9166524af4e95316d.jpg,1,4.39,0,3
Roboflow_Classifier_train_VJ427_jpg.rf.0d2cbfb8c38dc7c96170f6924d96eea5.jpg,2,4.02,0,0
Roboflow_Classifier_train_VJ427_jpg.rf.b4a8f8e1cd16430b1f14dcc0a17d2cfe.jpg,0,0.61,0,9
Roboflow_Classifier_train_VJ427_jpg.rf.f7e3725d00bb68bccc52475a083c1cd9.jpg,2,16.85,0,1
Roboflow_Classifier_train_VJ456_jpg.rf.59bf5cd05bc93fc8cae9397c18b4001e.jpg,2,1.44,0,9
Roboflow_Classifier_train_VJ456_jpg.rf.addb4cb7675762dce460e0f777484ee6.jpg,1,5.0,0,6
Roboflow_Classifier_train_VJ456_jpg.rf.c984a535346a758515ca684fd48eeac3.jpg,2,23.4,0,7
Roboflow_Classifier_train_VJ493_jpg.rf.2a7f03bfb4afe4803300c867299dc30e.jpg,2,42.65,0,1
Roboflow_Classifier_train_VJ493_jpg.rf.a90fd19daa6ffbea15f4226ad8896750.jpg,3,23.67,0,7
Roboflow_Classifier_train_VJ493_jpg.rf.b4f7d3040ef73fd37ff56f748802aaef.jpg,2,1.23,0,9
Roboflow_Classifier_train_VJ495_jpg.rf.275ae9e6169a5743bf8ecf281634da58.jpg,2,18.34,0,7
Roboflow_Classifier_train_VJ495_jpg.rf.3d75cba8adc03f9dc4cb50b462e2c05d.jpg,1,39.11,0,2
Roboflow_Classifier_train_VJ495_jpg.rf.61fc2a5b621481562c33192b9b8215d4.jpg,3,19.86,0,1
Roboflow_Classifier_train_VJ517_jpg.rf.25f3495a4feab3edede4f4bb6e7bb254.jpg,1,1.68,0,0
Roboflow_Classifier_train_VJ517_jpg.rf.3f2f076b9569eb1eb7cb66b9cf561197.jpg,1,19.88,0,7
Roboflow_Classifier_train_VJ517_jpg.rf.e9d700b8f4e0cea8df82da75f106c2ac.jpg,2,11.57,0,6
Roboflow_Classifier_train_VL128_jpg.rf.70cff8e55e189d6c4fff44bc7f657ad0.jpg,2,5.0,0,6
Roboflow_Classifier_train_VL128_jpg.rf.aea57f133e2df52926f7349f486d4b1d.jpg,2,8.58,0,0
Roboflow_Classifier_train_VL128_jpg.rf.af36efeb8efb3ce248572ea7a6620c64.jpg,2,15.93,0,6
Roboflow_Classifier_train_VL134_jpg.rf.264399bf4743c75e1af1a481b3bef10e.jpg,1,29.0,0,7
Roboflow_Classifier_train_VL134_jpg.rf.5fa89fa9425cbcc0f561a0225e911378.jpg,1,1.51,0,9
Roboflow_Classifier_train_VL134_jpg.rf.9bd3a3643a12e59a0cfd3214902f5d10.jpg,2,40.47,0,2
Roboflow_Classifier_train_VL139_jpg.rf.2b4765e56d3ed3253dd051f376b935de.jpg,3,1.5,0,4
Roboflow_Classifier_train_VL139_jpg.rf.332b74be48c8f9f49d851428e7a419e8.jpg,2,0.55,0,9
Roboflow_Classifier_train_VL139_jpg.rf.f4e8c2035d627a3065c635a0f57f57bd.jpg,0,1.94,0,3
Roboflow_Classifier_train_VL157_jpg.rf.412e39fa1a105867d34d54dc27afd5cb.jpg,2,4.0,0,4
Roboflow_Classifier_train_VL157_jpg.rf.4e8233a7621aa4521ada32d514f6bbc4.jpg,2,12.97,0,8
Roboflow_Classifier_train_VL157_jpg.rf.e194318c6095b9186f7a6f590c773ec3.jpg,2,42.69,0,2
Roboflow_Classifier_train_VL160_jpg.rf.5b34499cdeb75c24c53c93d9ced2d5d4.jpg,2,19.61,0,8
Roboflow_Classifier_train_VL160_jpg.rf.96ea7537c4e416266ae6a03d5d5637e9.jpg,2,22.17,0,2
Roboflow_Classifier_train_VL160_jpg.rf.f73fbebdae9dbd938d041208ce234d06.jpg,1,5.9,0,0
Roboflow_Classifier_train_VL185_jpg.rf.82de02e6503cda65c24f399113b01ac6.jpg,1,2.5,0,0
Roboflow_Classifier_train_VL185_jpg.rf.bae0d8cb97213a79d3da82480802d0e6.jpg,1,2.94,0,4
Roboflow_Classifier_train_VL185_jpg.rf.e74a4a429a53dc98a509df445b33bcd6.jpg,0,2.27,0,9
Roboflow_Classifier_train_VM058_jpg.rf.40cf62a32c945862dde25a6062dfc219.jpg,3,7.27,0,6
Roboflow_Classifier_train_VM058_jpg.rf.85e11feb14e2bdc9af20a8c796dbdea5.jpg,0,5.4,0,0
Roboflow_Classifier_train_VM058_jpg.rf.a31c6ef4625ec9616eb7e381d8eb947d.jpg,1,1.32,0,3
Roboflow_Classifier_train_VM062_jpg.rf.76989616c6f9a0bee02e5c3580188d6c.jpg,2,0.91,0,9
Roboflow_Classifier_train_VM062_jpg.rf.9ae0aa400c5bd364934050527bfa35b4.jpg,2,27.03,0,7
Roboflow_Classifier_train_VM062_jpg.rf.cf90c04ebfea6b111ecf68d2021c30f0.jpg,2,20.19,0,1
Roboflow_Classifier_train_VP238_jpg.rf.07cb9ce6b7138bba5a4c2e2e8b4e65c8.jpg,2,3.97,0,4
Roboflow_Classifier_train_VP238_jpg.rf.e5bf1b23dc7fe37d5ba15e1269847e1d.jpg,0,39.21,0,1
Roboflow_Classifier_train_VP238_jpg.rf.e693665f78a0c28fcefa4038f0541a8e.jpg,1,20.65,0,1
Roboflow_Classifier_train_VP344_jpg.rf.1d18e186e9f0f741db8377385c8c73ac.jpg,0,1.5,0,0
Roboflow_Classifier_train_VP344_jpg.rf.31989d79c8c6aa7797f928327c889ae5.jpg,3,14.26,0,6
Roboflow_Classifier_train_VP344_jpg.rf.b78511f25c0bcf6b18d261fedcb4da74.jpg,2,21.06,0,7
Roboflow_Classifier_train_VS228_jpg.rf.037437ca034ae9bcfd4f32878e107ee5.jpg,1,2.73,0,0
Roboflow_Classifier_train_VS228_jpg.rf.0d48148e784a4a2e1530765dd66c5921.jpg,2,10.0,0,7
Roboflow_Classifier_train_VS228_jpg.rf.367effc748da948452d64470df21ea5e.jpg,0,4.3,0,4
Roboflow_Classifier_train_VS246_jpg.rf.65ed70851bc86aca5f89247e54f8439f.jpg,2,30.01,0,2
Roboflow_Classifier_train_VS246_jpg.rf.b0d65e7dde38bfd439e200237bb3c824.jpg,2,10.72,0,5
Roboflow_Classifier_train_VS246_jpg.rf.e9e2eb03ba02a6fe3d6b7218c8a10fda.jpg,3,4.15,0,3
Roboflow_Classifier_train_VS261_jpg.rf.4d003bd88ba4f7135411fe6c5a14fa98.jpg,2,2.04,0,9
Roboflow_Classifier_train_VS261_jpg.rf.a83aa40ddc433187eafb7b924315c740.jpg,2,24.99,0,1
Roboflow_Classifier_train_VS261_jpg.rf.e81f28e1b3d204d36a12cff33a40ff1f.jpg,2,19.78,0,1
Roboflow_Classifier_train_VS267_jpg.rf.493f1e75804cafbf9476e507c01756f1.jpg,1,3.86,0,3
Roboflow_Classifier_train_VS267_jpg.rf.663c627e79de24b5bb870bac59c8bb91.jpg,3,4.55,0,0
Roboflow_Classifier_train_VS267_jpg.rf.6e25caece00dc9ab42c59872a14ee4a7.jpg,2,21.71,0,8
Roboflow_Classifier_train_VS285_jpg.rf.82eb888013428b3648a6203a80d792ad.jpg,0,13.22,0,5
Roboflow_Classifier_train_VS285_jpg.rf.d542c64f4de063f9e548ee9af0cb2e38.jpg,2,5.61,0,4
Roboflow_Classifier_train_VS285_jpg.rf.faf5b8000edb5bc6dcfff9f374d795cc.jpg,0,3.38,0,4
Roboflow_Classifier_valid_101A5192_jpg.rf.23b5eae4a9bc62af1dec9262b3e8aa2b.jpg,2,2.56,0,4
Roboflow_Classifier_valid_101A5202_jpg.rf.b052c2487d74e1ff24b6029b71b88572.jpg,2,11.71,0,7
Roboflow_Classifier_valid_101A5368_jpg.rf.5766e3007714930e224318ccf2093b47.jpg,2,22.96,0,7
Roboflow_Classifier_valid_101A5377_jpg.rf.fb44a8f300c90eb91c3b44e69c4c36a9.jpg,2,21.26,0,8
Roboflow_Classifier_valid_101A5388_jpg.rf.d9bfe4b54ab9696fd938bbe9e9994a37.jpg,2,16.59,0,6
Roboflow_Classifier_valid_101A5456_jpg.rf.4cb552871851a14dd146486db7b7c4c9.jpg,1,2.13,0,9
Roboflow_Classifier_valid_101A5466_jpg.rf.b41209778a1ed7954a54649d0228c4f8.jpg,3,19.11,0,5
Roboflow_Classifier_valid_102A10013_jpg.rf.062a1322eff5974ca7600c3993d5f664.jpg,0,6.3,0,0
Roboflow_Classifier_valid_102A10055_jpg.rf.bb79f4f0038c69faaa8010144420c277.jpg,1,1.92,0,4
Roboflow_Classifier_valid_102A10068_jpg.rf.8495e3bbf14ffba8aa7f18c425740f5c.jpg,3,8.07,0,0
Roboflow_Classifier_valid_102A10123_jpg.rf.28f8291fc488720bf4b3f0c1f0ee63e7.jpg,2,29.5,0,1
Roboflow_Classifier_valid_102A10133_jpg.rf.c7e3e10182cb9a34af886f7b6cbc92e7.jpg,1,5.0,0,6
Roboflow_Classifier_valid_102A10162_jpg.rf.a0972c9c3a8b620340d2acce3a1c78e4.jpg,2,4.92,0,3
Roboflow_Classifier_valid_102A10264_jpg.rf.4c3382cde0bb5ebd5451909a1e6a3d80.jpg,1,21.99,0,7
Roboflow_Classifier_valid_102A10272_jpg.rf.ac2e5d0742bc1f1b963e2ed1d7a1130f.jpg,2,3.41,0,3
Roboflow_Classifier_valid_102A10317_jpg.rf.0fde7ae0f7d77995706953d821cc83a8.jpg,1,25.38,0,8
Roboflow_Classifier_valid_102A10337_jpg.rf.322b793e2ab3416afda32f6f219cccf5.jpg,2,23.02,0,6
Roboflow_Classifier_valid_102A10364_jpg.rf.26f4666ef3592999e1ea233f8b12e301.jpg,1,10.83,0,6
Roboflow_Classifier_valid_102A10372_jpg.rf.57ba39c466d6c3235224d59a48e1493e.jpg,2,23.82,0,8
Roboflow_Classifier_valid_102A10373_jpg.rf.9760fae5dbd3e3f80d0e371a0e7f3c6d.jpg,2,41.97,0,2
Roboflow_Classifier_valid_102A10394_jpg.rf.31f587b77c4b3fc78309ec3e84add518.jpg,0,16.94,0,8
Roboflow_Classifier_valid_102A10417_jpg.rf.7e8af5db812be0dafc76b7ebb47fe92a.jpg,1,4.11,0,4
Roboflow_Classifier_valid_102A10427_jpg.rf.770028d4f9b1ee274c9b98824bdb9a0c.jpg,1,14.96,0,6
Roboflow_Classifier_valid_102A9714_jpg.rf.3b1ef512f8f03ed63fb393fcf0a37e55.jpg,2,14.15,0,1
Roboflow_Classifier_valid_102A9728_jpg.rf.a854e1e0327230bd420167a3384c8167.jpg,1,28.24,0,8
Roboflow_Classifier_valid_102A9740_jpg.rf.3dd1ef955f9929d70032375e5e311c9d.jpg,2,7.11,0,3
Roboflow_Classifier_valid_102A9806_jpg.rf.b9bcd5230b650982c0aa96585a1b8963.jpg,3,1.01,0,9
Roboflow_Classifier_valid_102A9819_jpg.rf.4b88a84352a9f4da412ba4091fbfce1a.jpg,2,4.8,0,0
Roboflow_Classifier_valid_102A9947_jpg.rf.4c119a9f48271ded927c639e14f12e47.jpg,2,24.89,0,8
Roboflow_Classifier_valid_103A16137_jpg.rf.add7b736fff2ff1bcc43c634caac3190.jpg,0,5.58,0,5
Roboflow_Classifier_valid_103A16209_jpg.rf.9e3ed7ff2d63f8f88ccd277cc37416f9.jpg,1,16.93,0,8
Roboflow_Classifier_valid_103A16212_jpg.rf.fb5093640190df19c9aee9a6e022c592.jpg,2,3.45,0,0
Roboflow_Classifier_valid_103A16246_jpg.rf.15159cb1b03483fc0663ce017e6635f9.jpg,2,3.81,0,3
Roboflow_Classifier_valid_103A16249_jpg.rf.c27917de80dd8776a366fbb46d113fdf.jpg,0,14.52,0,5
Roboflow_Classifier_valid_103A16250_jpg.rf.54780edac2bcac83c888edb9e666b789.jpg,2,16.61,0,5
Roboflow_Classifier_valid_103A16251_jpg.rf.85488b0b833fd279f99cfd637f4f3d8e.jpg,2,16.09,0,5
Roboflow_Classifier_valid_103A16288_jpg.rf.20b5679ca9ea4e3d5b3347030e6c7da0.jpg,2,2.18,0,9
Roboflow_Classifier_valid_103A16342_jpg.rf.2b610995f14527a7b186d869d6559742.jpg,2,4.21,0,0
Roboflow_Classifier_valid_103A16421_jpg.rf.12ea7fe437da462df7957f82a11527c0.jpg,2,10.0,0,7
Roboflow_Classifier_valid_103A16428_jpg.rf.22ed0d7e134b455dbe0cc993e7060806.jpg,2,3.6,0,4
Roboflow_Classifier_valid_103A16437_jpg.rf.ccc075c2614904eff3588d98829a9d6d.jpg,2,7.78,0,5
Roboflow_Classifier_valid_103A16490_jpg.rf.48b945da26bb6c2c6b75a85a835afd27.jpg,2,3.24,0,4
Roboflow_Classifier_valid_103A16622_jpg.rf.601a1e06fbca18d3dd12e9b141774704.jpg,0,16.27,0,7
Roboflow_Classifier_valid_103A16624_jpg.rf.9847b2ad145699c369ae4b3f1dcb6030.jpg,2,27.02,0,5
Roboflow_Classifier_valid_103A16708_jpg.rf.53beb0b6ff6ee3f58a68869f7f3c9c25.jpg,1,6.03,0,0
Roboflow_Classifier_valid_106A106661_jpg.rf.96ca899b1ddb0a6bcb9a8ea2dc843410.jpg,1,4.56,0,4
Roboflow_Classifier_valid_106A106689_jpg.rf.16c51b3d494cb6a9ab1b7075afdb8998.jpg,1,5.0,0,6
Roboflow_Classifier_valid_106A106826_jpg.rf.1d0e515b6a8cf12f7d1e0688e72d2781.jpg,2,13.07,0,6
Roboflow_Classifier_valid_106A107874_jpg.rf.853c408ec1c8261d57d15ceeaf6a9e39.jpg,3,17.22,0,2
Roboflow_Classifier_valid_106A107950_jpg.rf.f152f7cbd34389f490b44299dfc41d01.jpg,3,4.91,0,4
Roboflow_Classifier_valid_106A108431_jpg.rf.27762680963af4f0a5952f80a8fff44e.jpg,3,2.13,0,4
Roboflow_Classifier_valid_106A108540_jpg.rf.772af0e128a52d2502cf48a07bf011ed.jpg,1,25.47,0,1
Roboflow_Classifier_valid_106A108542_jpg.rf.918dd318ce68ec4dcdd171f491d93c22.jpg,1,20.11,0,5
Roboflow_Classifier_valid_106A108584_jpg.rf.1af0bc65566393844a4ec8e8756edfa9.jpg,2,1.67,0,9
Roboflow_Classifier_valid_107A9488_jpg.rf.ecb583951550a86689affa86fd25fb9e.jpg,1,24.53,0,8
Roboflow_Classifier_valid_117A3726_jpg.rf.ec8014fc5f414259e9f25ce9bcc3f550.jpg,2,1.95,0,4
Roboflow_Classifier_valid_117A3737_jpg.rf.d8742a2234f7bf167f910004fc04239d.jpg,2,1.68,0,9
Roboflow_Classifier_valid_117A3753_jpg.rf.7a04943a89f92c283fe7d7bb68915374.jpg,3,1.82,0,9
Roboflow_Classifier_valid_117A3781_jpg.rf.1a9410e48cd5e490f4a72608218574b8.jpg,2,3.08,0,0
Roboflow_Classifier_valid_117A3796_jpg.rf.ff6a1aba2a049d1cf50906cb16e134c0.jpg,1,12.03,0,8
Roboflow_Classifier_valid_117A3826_jpg.rf.92766253d4772674926e43b855c6ba46.jpg,0,37.48,0,1
Roboflow_Classifier_valid_117A3862_jpg.rf.47ded373e42731f3d1c3e2bfac7a102b.jpg,3,35.63,0,7
Roboflow_Classifier_valid_117A3865_jpg.rf.1ce0eb6d10eba410bd0a5ddacdd3c9fb.jpg,1,43.4,0,2
Roboflow_Classifier_valid_117A3866_jpg.rf.bf54bce837624e656d2385a3fdf2bde7.jpg,2,8.19,0,5
Roboflow_Classifier_valid_117A3878_jpg.rf.0a8cc921e66f1f36e15bda901689169a.jpg,0,20.74,0,7
Roboflow_Classifier_valid_117A3886_jpg.rf.611cdc6335d77a6bae13841ce4552f4e.jpg,2,19.17,0,1
Roboflow_Classifier_valid_117A3895_jpg.rf.5e7556c9d6efa962e639a774bc8ae258.jpg,2,27.41,0,7
Roboflow_Classifier_valid_117A3899_jpg.rf.85e8e9b7737c931af1e6828a600eaa90.jpg,1,20.1,0,6
Roboflow_Classifier_valid_117A3905_jpg.rf.b28495cd1eec501c2aa13d8aaaad4fe4.jpg,1,2.23,0,4
Roboflow_Classifier_valid_117A3911_jpg.rf.52f1e7920c5c5c14c563a403a106b3e6.jpg,0,4.58,0,3
Roboflow_Classifier_valid_117A3915_jpg.rf.8107704d260fe6a0024ec507d1791c79.jpg,2,18.62,0,6
Roboflow_Classifier_valid_117A3918_jpg.rf.f7e79ec8d880c7836264db79b5c63a83.jpg,2,23.31,0,5
Roboflow_Classifier_valid_117A3922_jpg.rf.8c20e391fb7723259c65658b72b838c7.jpg,2,6.18,0,6
Roboflow_Classifier_valid_117A3925_jpg.rf.1fdac2bf0edbaec7b5df8aba1265dadb.jpg,1,14.36,0,8
Roboflow_Classifier_valid_117A3941_jpg.rf.ca49c88e0dd0f3a0056ffa71ace2e19f.jpg,2,1.87,0,0
Roboflow_Classifier_valid_117A3954_jpg.rf.2063822c36333ed01ffc04d7a161056e.jpg,1,4.02,0,4
Roboflow_Classifier_valid_117A3957_jpg.rf.48b9e641a53fd07fb0407f6f0cf44dd4.jpg,0,9.69,0,6
Roboflow_Classifier_valid_117A3970_jpg.rf.5cfc20f5feb2a67fb9f5962c8281f965.jpg,2,3.81,0,4
Roboflow_Classifier_valid_117A3978_jpg.rf.bd13cc8e42e10b708226f04cc49ae687.jpg,1,8.05,0,0
Roboflow_Classifier_valid_117A3986_jpg.rf.3e8b12036b25110011b366ab447c91c2.jpg,3,6.11,0,0
Roboflow_Classifier_valid_117A3994_jpg.rf.1dff7dcd5ec71ee37b800c3ddbef5c12.jpg,2,0.88,0,9
Roboflow_Classifier_valid_117A3998_jpg.rf.91a9cba54c07f05d3f4b433521dfa19d.jpg,2,2.67,0,0
Roboflow_Classifier_valid_117A4014_jpg.rf.c8edda5e2fa2d0966f049707be29e253.jpg,1,25.34,0,2
Roboflow_Classifier_valid_117A4023_jpg.rf.0a5cb235a6b00275507cf1d03c2e70dc.jpg,2,21.88,0,7
Roboflow_Classifier_valid_117A4033_jpg.rf.8bb677460dde9e6588676a07838a71a5.jpg,2,19.35,0,7
Roboflow_Classifier_valid_117A4041_jpg.rf.141bffbfd7d2604a49c79f5f5edd5657.jpg,2,5.3,0,3
Roboflow_Classifier_valid_117A4048_jpg.rf.4c46bac0bfe7c4e3448b8ce4ef8a06ce.jpg,2,8.0,0,8
Roboflow_Classifier_valid_117A4056_jpg.rf.395f542642e18208bfb6f3b01a072080.jpg,0,4.35,0,3
Roboflow_Classifier_valid_117A4068_jpg.rf.1d0b155fc630f8228cbfe8f81a5ebd05.jpg,2,32.73,0,1
Roboflow_Classifier_valid_117A4070_jpg.rf.997af02fb404c71f70b7147838110209.jpg,1,21.4,0,7
Roboflow_Classifier_valid_117A4074_jpg.rf.ecc2441918d29306e9b0c8258d31cb4a.jpg,2,24.5,0,1
Roboflow_Classifier_valid_117A4091_jpg.rf.b93c4f43c7b60175b1aeafbe65222e3b.jpg,2,15.23,0,6
Roboflow_Classifier_valid_117A4092_jpg.rf.c85239c0887f5c8352212d0428e11d0d.jpg,1,15.9,0,1
Roboflow_Classifier_valid_117A4110_jpg.rf.d10314a77331ace2bf1d55dff661e85d.jpg,2,37.94,0,2
Roboflow_Classifier_valid_121A1475_jpg.rf.7810a6abfe8ef52898c09b05d823ceac.jpg,3,8.0,0,8
Roboflow_Classifier_valid_121A1476_jpg.rf.77d16acc5af7d238929b683e358e4595.jpg,0,19.66,0,5
Roboflow_Classifier_valid_121A1477_jpg.rf.02f06fbdeb1175cf3837757614686acf.jpg,2,20.42,0,5
Roboflow_Classifier_valid_121A1479_jpg.rf.36ebe4df4131c2d3b79329d9d8f14643.jpg,2,5.0,0,6
Roboflow_Classifier_valid_121A1484_jpg.rf.bf814367e10bd2aaf5496ab14df26e35.jpg,2,9.42,0,6
Roboflow_Classifier_valid_121A1512_jpg.rf.9fa05f1245fb82a3d36b693b6e0853f2.jpg,2,21.74,0,5
Roboflow_Classifier_valid_121A1516_jpg.rf.21d39ebbd48791122c029569dc3bff61.jpg,1,1.61,0,4
Roboflow_Classifier_valid_121A1519_jpg.rf.0f6adb222d5beeca5c96c40f94d215bf.jpg,1,2.25,0,9
Roboflow_Classifier_valid_122A2453_jpg.rf.d3861be29a45f9122df71b6d8d29ebd0.jpg,3,14.39,0,8
Roboflow_Classifier_valid_122A2484_jpg.rf.acba61dce58345193c3cabbd900d97a6.jpg,2,25.55,0,7
Roboflow_Classifier_valid_122A2509_jpg.rf.e997c34d6e2e8bda436949718144dfdd.jpg,2,14.63,0,7
Roboflow_Classifier_valid_122A2518_jpg.rf.464f79184ed207eaac1158d2b8580f60.jpg,1,25.91,0,2
Roboflow_Classifier_valid_122A2524_jpg.rf.ebbfbd8150721f0a2ce8cb95e9ead05d.jpg,2,1.44,0,9
Roboflow_Classifier_valid_122A2530_jpg.rf.464a8b8adbaa5391fa5410ec7982dd33.jpg,3,1.83,0,9
Roboflow_Classifier_valid_122A2559_jpg.rf.8cf69990db145f21d4f0077eaf2cae22.jpg,2,35.19,0,2
Roboflow_Classifier_valid_122A2565_jpg.rf.5618da7b2871fef516dec15906b36136.jpg,3,13.44,0,8
Roboflow_Classifier_valid_122A2614_jpg.rf.7be1a339751979a079e0489e332b3da1.jpg,1,6.0,0,0
Roboflow_Classifier_valid_122A2625_jpg.rf.0ddb03112141ee453f75221fc4a83658.jpg,3,28.24,0,1
Roboflow_Classifier_valid_122A2656_jpg.rf.c49720bfc18001a9ca75d342f9a77e99.jpg,1,26.81,0,7
Roboflow_Classifier_valid_122A2682_jpg.rf.41a8a727968513ee0926f1d3f744e23c.jpg,0,16.88,0,8
Roboflow_Classifier_valid_122A2699_jpg.rf.7def43cd382a65af735ef5c10b11221e.jpg,3,12.09,0,5
Roboflow_Classifier_valid_122A2706_jpg.rf.99918b08fa45d91f24128dc31fdccc07.jpg,0,20.49,0,8
Roboflow_Classifier_valid_122A2708_jpg.rf.7af9f8e2d80fb643f288d8d64ce8ef06.jpg,3,20.7,0,7
Roboflow_Classifier_valid_122A2717_jpg.rf.fa851b39bcd43c4b57cc26dfeac382f1.jpg,2,24.58,0,1
Roboflow_Classifier_valid_122A2719_jpg.rf.2c41841f058363fc8d9ac3f66191b20a.jpg,1,4.96,0,4
Roboflow_Classifier_valid_122A2720_jpg.rf.3ddee76d083e93d4e420b4f45bbab1d2.jpg,2,19.86,0,1
Roboflow_Classifier_valid_122A2791_jpg.rf.60f1f32c901e76539ceee65f9ae21c18.jpg,2,18.54,0,2
Roboflow_Classifier_valid_122A2792_jpg.rf.d5045b917be20db2debfc7808fa870a2.jpg,1,26.34,0,1
Roboflow_Classifier_valid_122A2847_jpg.rf.616a6c96f7d7f854661ca6f085a648a1.jpg,1,2.14,0,9
Roboflow_Classifier_valid_122A2882_jpg.rf.3bff377c5afe2169e2fee3610e486afd.jpg,1,16.94,0,7
Roboflow_Classifier_valid_122A2895_jpg.rf.7103ae5d52bfa703c64bdeebd7de7575.jpg,2,20.32,0,5
Roboflow_Classifier_valid_122A2911_jpg.rf.cf90f62b6e953852c3b5cdc5e422366e.jpg,2,34.22,0,1
Roboflow_Classifier_valid_122A2919_jpg.rf.71b4c0978d20aaf16bbb91093ac7c9ca.jpg,1,5.29,0,3
Roboflow_Classifier_valid_122A2936_jpg.rf.e5ba09ac0d28be99088b3a2c13c806d8.jpg,1,21.5,0,5
Roboflow_Classifier_valid_122A2939_jpg.rf.7e9e34a0a91fea2cb1ac6826e7cf660a.jpg,1,22.99,0,5
Roboflow_Classifier_valid_122A2941_jpg.rf.8c387221a425bb4d03098aadb1ece1ff.jpg,3,18.11,0,8
Roboflow_Classifier_valid_122A2950_jpg.rf.f961a0bf0bc0aa2964cdbf33674e2ebc.jpg,2,14.31,0,1
Roboflow_Classifier_valid_122A2967_jpg.rf.581321404fc280d5e2efbdbd55f207b0.jpg,2,4.17,0,4
Roboflow_Classifier_valid_122A2975_jpg.rf.8fc724a03f63bb4a61c65e9ed288effc.jpg,0,19.41,0,5
Roboflow_Classifier_valid_122A2984_jpg.rf.9fa277e6c733d577e3f7246c906aef13.jpg,2,13.19,0,7
Roboflow_Classifier_valid_122A2987_jpg.rf.1b1572779cfe91e1fd942300184a571e.jpg,1,4.14,0,3
Roboflow_Classifier_valid_122A2997_jpg.rf.9ed42ebcfba59cc903878ccbcc588688.jpg,2,23.62,0,7
Roboflow_Classifier_valid_122A3002_jpg.rf.72e0556551719fbdba191bdc74646569.jpg,2,6.51,0,0
Roboflow_Classifier_valid_122A3014_jpg.rf.87c060c5983859525a2958c6dd275643.jpg,1,5.01,0,3
Roboflow_Classifier_valid_122A3024_jpg.rf.240a04d62fd0947c947d98478516cb9e.jpg,2,4.73,0,0
Roboflow_Classifier_valid_122A3027_jpg.rf.993d6c0aae25a614dd487f028ed3fde3.jpg,2,5.0,0,6
Roboflow_Classifier_valid_122A3033_jpg.rf.76bcb7c77d46f07fb2218dd03c133901.jpg,2,31.3,0,7
Roboflow_Classifier_valid_122A3034_jpg.rf.d22c59863f3802ab552d47151bfdb5a0.jpg,2,41.18,0,1
Roboflow_Classifier_valid_122A3039_jpg.rf.fcab2567900fd032b83188441847d48a.jpg,2,4.31,0,4
Roboflow_Classifier_valid_122A3042_jpg.rf.a59c9edc7428fa4d746650f1c85914de.jpg,2,26.35,0,2
Roboflow_Classifier_valid_122A3045_jpg.rf.55d6e5862baf8d6650cf6bcac7e39786.jpg,2,20.38,0,7
Roboflow_Classifier_valid_122A3048_jpg.rf.6fd5094415c62b1fc5fa6871210ea0a9.jpg,1,5.0,0,6
Roboflow_Classifier_valid_122A3050_jpg.rf.6659c395845db1ac533a791ad71fc0f0.jpg,2,10.09,0,5
Roboflow_Classifier_valid_122A3054_jpg.rf.09b813e948951094b9f3b3ed162f6e26.jpg,0,1.26,0,9
Roboflow_Classifier_valid_122A3059_jpg.rf.485827d669a5f52218f9e6d84183b44e.jpg,1,13.59,0,5
Roboflow_Classifier_valid_122A3066_jpg.rf.9196b2f5b81da5af2994268d2b719f9f.jpg,3,5.0,0,3
Roboflow_Classifier_valid_123A123_jpg.rf.6a06116d2d77b4e3b5453ae1e86503db.jpg,2,18.62,0,5
Roboflow_Classifier_valid_123A79_jpg.rf.24038487f2ee5a0ba3ed35e887b4bc24.jpg,2,22.81,0,1
Roboflow_Classifier_valid_123A94_jpg.rf.0a97340f1506aeca70a2a923e092b6a5.jpg,2,30.48,0,2
Roboflow_Classifier_valid_135A16593_jpg.rf.bf87fceef8d4e88d732955980f5e38e6.jpg,0,28.07,0,1
Roboflow_Classifier_valid_135A16773_jpg.rf.be1d126dad548ff400451ca25b771c12.jpg,1,1.11,0,9
Roboflow_Classifier_valid_135A16902_jpg.rf.8a94e78568c5511daacf85a87b3d8b32.jpg,2,3.75,0,4
Roboflow_Classifier_valid_135A17013_jpg.rf.5bc02267edce85ad4e259a538eaecbfb.jpg,0,13.96,0,5
Roboflow_Classifier_valid_135A17016_jpg.rf.6d7e209a3b2db165b0f726878d9a8799.jpg,2,22.52,0,7
Roboflow_Classifier_valid_135A17059_jpg.rf.168026266b41d990414707c222651320.jpg,2,37.49,0,2
Roboflow_Classifier_valid_135A17076_jpg.rf.b961317254ba7c401dad22b73fe8c4cd.jpg,2,14.39,0,8
Roboflow_Classifier_valid_135A17088_jpg.rf.1e8d2f8181806b0753c856925a057535.jpg,1,25.8,0,7
Roboflow_Classifier_valid_135A17104_jpg.rf.7268b9645f743be92d355fd67152cf26.jpg,1,19.97,0,8
Roboflow_Classifier_valid_135A17155_jpg.rf.ad183c3d747c00af3d01e5aff2d07b65.jpg,1,6.52,0,0
Roboflow_Classifier_valid_137A42504_jpg.rf.3acc90288a51369615741d7e352074d5.jpg,2,22.32,0,7
Roboflow_Classifier_valid_137A42686_jpg.rf.655c604fd9a6c4e568a6b6385e4b141f.jpg,1,35.62,0,1
Roboflow_Classifier_valid_137A42735_jpg.rf.87d5db92cce3e66671f112acafa80941.jpg,3,5.66,0,0
Roboflow_Classifier_valid_137A42791_jpg.rf.b634ecff900d8e9580c7dfb17225b616.jpg,1,26.02,0,5
Roboflow_Classifier_valid_137A42824_jpg.rf.2067392f420f07a2f9905917269726f6.jpg,2,24.12,0,2
Roboflow_Classifier_valid_137A42889_jpg.rf.7d3ce342fb98f31ecb6a8784112edf25.jpg,2,18.07,0,7
Roboflow_Classifier_valid_137A42990_jpg.rf.0ca6ee82fdb13510b1636eeed9c18c0c.jpg,2,15.01,0,5
Roboflow_Classifier_valid_137A42994_jpg.rf.f9e6013a7889322ce5be59e304f3bf73.jpg,3,16.98,0,7
Roboflow_Classifier_valid_137A43083_jpg.rf.04ca1266c51b635c5141b8d8d66a41eb.jpg,3,23.24,0,6
Roboflow_Classifier_valid_137A43121_jpg.rf.f858bfe012367ee2da25da4150342d15.jpg,2,20.71,0,7
Roboflow_Classifier_valid_137A43122_jpg.rf.c77f04399ee4c831ac7473fe4890e3ce.jpg,1,1.4,0,9
Roboflow_Classifier_valid_137A43225_jpg.rf.33fea48a71d314fdfd06f6dcb1f41dd6.jpg,2,3.81,0,3
Roboflow_Classifier_valid_137A43301_jpg.rf.0b81eebdd9876ee5aa04117496b34514.jpg,1,3.18,0,4
Roboflow_Classifier_valid_137A43302_jpg.rf.ca20ee389832ef59c575966e4e283a51.jpg,1,1.5,0,4
Roboflow_Classifier_valid_137A43347_jpg.rf.6da157bdb3e0f1fde3a079ec0a632f2a.jpg,3,5.0,0,6
Roboflow_Classifier_valid_137A43391_jpg.rf.f47e9b40adfca531e66502b716ad9d58.jpg,3,15.18,0,5
Roboflow_Classifier_valid_137A43429_jpg.rf.35852954f5481df9679dfccb68dbe3dc.jpg,2,1.26,0,9
Roboflow_Classifier_valid_137A43566_jpg.rf.3866a7674155480513d56a785649b39c.jpg,1,37.43,0,1
Roboflow_Classifier_valid_137A43639_jpg.rf.4b944652b95a2694db16ae2ac96d50b4.jpg,0,21.94,0,1
Roboflow_Classifier_valid_137A43655_jpg.rf.79cd0c6a91f8226b7f41842ec9876e79.jpg,2,2.8,0,4
Roboflow_Classifier_valid_137A43668_jpg.rf.0749b01b11e0da5831f2297228dcf980.jpg,1,0.77,0,9
Roboflow_Classifier_valid_137A43757_jpg.rf.b3e8e364a7e61385e680d582f8eed48e.jpg,1,14.81,0,8
Roboflow_Classifier_valid_137A43803_jpg.rf.49691e86fa76ed591b1b91a14941d5b0.jpg,2,40.85,0,1
Roboflow_Classifier_valid_137A43811_jpg.rf.1339c3d9f01bb6173fef100f4c1c4cd6.jpg,2,1.0,0,3
Roboflow_Classifier_valid_139A64358_jpg.rf.2c8c477bb1653f2c2c8cd6a9c7798f4f.jpg,1,31.39,0,2
Roboflow_Classifier_valid_139A64415_jpg.rf.139992fe5fd87db4d0afeb8ed54d19be.jpg,2,0.84,0,9
Roboflow_Classifier_valid_139A64476_jpg.rf.6646fda964453298aab6604f44faacdd.jpg,1,5.95,0,3
Roboflow_Classifier_valid_139A64647_jpg.rf.5e3d9ca622c55a7a8458840f7caa3ee2.jpg,0,22.9,0,7
Roboflow_Classifier_valid_139A64686_jpg.rf.48d7b86aa27e64657685ccd1d67ad6ef.jpg,2,12.2,0,6
Roboflow_Classifier_valid_139A64721_jpg.rf.6b1875fe8fd2d462bfb5e62314b97db5.jpg,2,4.95,0,3
Roboflow_Classifier_valid_139A64724_jpg.rf.f6b58b673747e11dc4cca61c4fa3da4e.jpg,3,2.16,0,9
Roboflow_Classifier_valid_139A64753_jpg.rf.d13152ddbe5272f902217c3a1a971853.jpg,1,0.94,0,9
Roboflow_Classifier_valid_139A64799_jpg.rf.21382c7d57e25b732e985e7a1e4856de.jpg,2,32.1,0,1
Roboflow_Classifier_valid_139A64805_jpg.rf.2eaf6555c96db71f58cee6ffc023e717.jpg,1,14.96,0,8
Roboflow_Classifier_valid_139A64816_jpg.rf.9bf69991603993f0f824091cb004ed9d.jpg,0,6.21,0,6
Roboflow_Classifier_valid_139A64838_jpg.rf.c671194b798e1c18432098213453b5e5.jpg,2,1.95,0,9
Roboflow_Classifier_valid_139A64849_jpg.rf.9e3aa8fb430b2b6ce60e13d2e7344c74.jpg,0,2.71,0,4
Roboflow_Classifier_valid_139A64987_jpg.rf.e98bad4c4ac7840a2639df4047e974e6.jpg,0,6.56,0,3
Roboflow_Classifier_valid_139A65006_jpg.rf.5892858437ab99ec9d58a8754802aa29.jpg,3,35.88,0,1
Roboflow_Classifier_valid_139A65166_jpg.rf.07aac6b48bfbbaba83fb12b76cbf1514.jpg,2,4.64,0,3
Roboflow_Classifier_valid_139A65231_jpg.rf.71eece627051fcc33b41459a295a61f1.jpg,1,2.02,0,9
Roboflow_Classifier_valid_139A65233_jpg.rf.9cee40c6968bb7d4f175b42f46548aca.jpg,1,26.86,0,8
Roboflow_Classifier_valid_139A65236_jpg.rf.ea8f9f686c8096eca54c750dc21727eb.jpg,2,14.39,0,2
Roboflow_Classifier_valid_139A65255_jpg.rf.b67a78bc65c3cd0a2d46d70bf50ab700.jpg,2,1.49,0,9
Roboflow_Classifier_valid_139A65314_jpg.rf.3493ee95257ed98893b59594ac2b3239.jpg,2,5.25,0,4
Roboflow_Classifier_valid_139A65331_jpg.rf.54144cb603ce1e574ef5dfc75d5bd973.jpg,1,5.14,0,0
Roboflow_Classifier_valid_139A65346_jpg.rf.2c5ccf97d8cd6e0bb3a905d4a2ed3feb.jpg,2,2.83,0,4
Roboflow_Classifier_valid_139A65396_jpg.rf.8ead4a44338a98b2a3af50410cb11ddc.jpg,2,1.33,0,9
Roboflow_Classifier_valid_145A10010_jpg.rf.87085eee1ea8b7f8c6d393bc84ec8219.jpg,1,53.32,0,2
Roboflow_Classifier_valid_145A10052_jpg.rf.0b42641cdfa3b16fb045db6f81dbff96.jpg,2,30.1,0,7
Roboflow_Classifier_valid_145A10091_jpg.rf.8d7f8b935034287dd681087ddc7884c6.jpg,3,32.41,0,1
Roboflow_Classifier_valid_145A10118_jpg.rf.7867cf7c7268d24c4feb8da58c40d108.jpg,1,45.67,0,2
Roboflow_Classifier_valid_145A10125_jpg.rf.22f527eaff7a4816577a032db882c55c.jpg,2,14.96,0,8
Roboflow_Classifier_valid_145A10127_jpg.rf.02d15c225a51f8d9fb55679ead4c5259.jpg,2,23.52,0,2
Roboflow_Classifier_valid_145A10166_jpg.rf.4b1201b0a8bfa993ea614d7b49821c3a.jpg,2,0.91,0,9
Roboflow_Classifier_valid_145A10179_jpg.rf.d2a2c5872da08052b8eac9521936137a.jpg,1,1.51,0,9
Roboflow_Classifier_valid_145A10185_jpg.rf.b572e4978d7157f9bf90868c9a3fb29a.jpg,1,5.48,0,3
Roboflow_Classifier_valid_145A10245_jpg.rf.c5896502f8f4c192b4143402b67b2bf1.jpg,2,3.99,0,3
Roboflow_Classifier_valid_145A10259_jpg.rf.a9a6a6b86d045346f8301769c64c0f37.jpg,1,6.07,0,0
Roboflow_Classifier_valid_145A10303_jpg.rf.e977a4929742da6baffad2d8c42d8a49.jpg,1,34.67,0,2
Roboflow_Classifier_valid_145A10309_jpg.rf.fdde6ebedae66bc0c8b730ee2b08c5b3.jpg,0,2.58,0,4
Roboflow_Classifier_valid_145A10352_jpg.rf.65cb8ebce9dc02616d76dcfd14dd43da.jpg,1,19.21,0,6
Roboflow_Classifier_valid_145A10358_jpg.rf.ee8b538f9bbb0b6ee1075cd6282bcbfc.jpg,3,39.27,0,2
Roboflow_Classifier_valid_145A10378_jpg.rf.aa56de7be012d72a27aa92ddd401964f.jpg,2,17.6,0,6
Roboflow_Classifier_valid_145A10389_jpg.rf.988d8c6e0bf1c41dda11b269fe9f2be0.jpg,2,1.72,0,9
Roboflow_Classifier_valid_145A10422_jpg.rf.c54b4a9c1622477d4e8e0e81029647ce.jpg,2,10.59,0,5
Roboflow_Classifier_valid_145A10446_jpg.rf.4baefd8c9880744fbf80de02b002f648.jpg,2,3.04,0,4
Roboflow_Classifier_valid_145A10465_jpg.rf.62ff726cd4e722ed3002df76684e38ae.jpg,1,17.76,0,5
Roboflow_Classifier_valid_145A10481_jpg.rf.94a43d9fe785c59670ffeb63a1565a4c.jpg,2,14.73,0,6
Roboflow_Classifier_valid_145A10500_jpg.rf.316a601b2b6ed72a62bb12280eb34bfb.jpg,1,4.61,0,4
Roboflow_Classifier_valid_145A10501_jpg.rf.f1744e240f89be4020edef6d23a648fa.jpg,1,19.33,0,5
Roboflow_Classifier_valid_145A10507_jpg.rf.6b2f96260de8cbb787fdb80640db5c1a.jpg,2,15.13,0,5
Roboflow_Classifier_valid_145A10510_jpg.rf.d8b8f6057471f934a659fa3ea04d7b7b.jpg,2,2.24,0,4
Roboflow_Classifier_valid_145A10514_jpg.rf.5100f2de4aaaaf69e5de960430e1fd5f.jpg,3,5.91,0,0
Roboflow_Classifier_valid_145A8763_jpg.rf.9e3ead7162c2af41a7a84e0c3a227b03.jpg,2,5.0,0,6
Roboflow_Classifier_valid_145A8839_jpg.rf.1bb1cb710c0e3d8552a38255460face0.jpg,3,1.86,0,9
Roboflow_Classifier_valid_145A8923_jpg.rf.d7608ab44249fae581f9baf7a8f02e5e.jpg,1,2.12,0,4
Roboflow_Classifier_valid_145A8986_jpg.rf.04e85bffebaa7428746a8fb135612868.jpg,2,18.99,0,1
Roboflow_Classifier_valid_145A9062_jpg.rf.bdeb8e07055112c9b6c40d71558973c5.jpg,2,39.38,0,2
Roboflow_Classifier_valid_145A9128_jpg.rf.fa353b9044dfd034c7124462b34a3a93.jpg,2,27.14,0,1
Roboflow_Classifier_valid_145A9132_jpg.rf.7f1d19ffa3ad18253680cf5f445fef86.jpg,2,18.57,0,5
Roboflow_Classifier_valid_145A9193_jpg.rf.c3ec951da6cb1661047f74d490289228.jpg,2,3.46,0,3
Roboflow_Classifier_valid_145A9230_jpg.rf.bd191bec058b250aa075055a0f7db7b7.jpg,0,1.65,0,9
Roboflow_Classifier_valid_145A9322_jpg.rf.163348584459e04695724eb17c250e25.jpg,2,23.51,0,2
Roboflow_Classifier_valid_145A9372_jpg.rf.70428347343c05e54890e389eec56504.jpg,1,4.49,0,3
Roboflow_Classifier_valid_145A9378_jpg.rf.1446168b969fca14b456bd29bbf7e7ee.jpg,2,4.48,0,3
Roboflow_Classifier_valid_145A9379_jpg.rf.3eb4df606c164855e488b08eab8f6d2f.jpg,1,10.0,0,7
Roboflow_Classifier_valid_145A9456_jpg.rf.95102e03dc01838aba0e8451536e50cf.jpg,2,21.34,0,2
Roboflow_Classifier_valid_145A9461_jpg.rf.8934abc6f1043597bec0734f4407021a.jpg,1,18.55,0,5
Roboflow_Classifier_valid_145A9581_jpg.rf.1c2b122c6a2e883f228f789b95a524f0.jpg,2,6.73,0,0
Roboflow_Classifier_valid_145A9736_jpg.rf.c3350e41e7b72ca126dfac083b76a1fb.jpg,2,4.67,0,4
Roboflow_Classifier_valid_145A9811_jpg.rf.7a577b0107e180151157539a9e1f121c.jpg,2,15.77,0,8
Roboflow_Classifier_valid_145A9911_jpg.rf.083428882297806e493b3ab5b719f4fd.jpg,2,41.97,0,1
Roboflow_Classifier_valid_145A9935_jpg.rf.0e4cd0bbc0fc69da2bec2cb0122137ad.jpg,2,36.03,0,1
Roboflow_Classifier_valid_145A9952_jpg.rf.770f9bfd6e006dd04521a0bd515ff297.jpg,1,8.0,0,8
Roboflow_Classifier_valid_145A9993_jpg.rf.bc6888b48a25355810fb47dbf177d822.jpg,2,9.3,0,0
Roboflow_Classifier_valid_173A2242_jpg.rf.4e70225b10b8acaccc055de240471d67.jpg,2,3.79,0,3
Roboflow_Classifier_valid_175A4668_jpg.rf.dad4c2cc35ba9cf2fe6fcecb1a9c1a04.jpg,2,5.0,0,6
Roboflow_Classifier_valid_177A4175_jpg.rf.19e839975df6638a41c39a8aa855d8a4.jpg,1,3.73,0,4
Roboflow_Classifier_valid_178A3611_jpg.rf.0a618ad7f70de0dc337d2c3a6b32fd4b.jpg,2,10.0,0,1
Roboflow_Classifier_valid_178A3665_jpg.rf.e720a724ed9662a9fd45624283af0525.jpg,3,2.98,0,4
Roboflow_Classifier_valid_178A3670_jpg.rf.968b923f47d2c43ad9eedca6ae8b7fbd.jpg,0,1.77,0,4
Roboflow_Classifier_valid_179A3554_jpg.rf.b526a00ec3c7a989013c7f9445323271.jpg,0,30.68,0,2
Roboflow_Classifier_valid_179A3591_jpg.rf.f844e11a7be12d2874b5dd19a8e34a6c.jpg,2,11.78,0,8
Roboflow_Classifier_valid_179A3609_jpg.rf.719225bddff1529409e2819ebfcca924.jpg,2,24.33,0,1
Roboflow_Classifier_valid_179A3651_jpg.rf.00c422c186d36d9e5316a870caab20a5.jpg,1,4.63,0,3
Roboflow_Classifier_valid_180A4077_jpg.rf.c35bafbb0e6d7f35124b3919a8b2b300.jpg,2,16.34,0,8
Roboflow_Classifier_valid_180A4120_jpg.rf.94f4720971b470045de75edd8be35e07.jpg,1,8.11,0,0
Roboflow_Classifier_valid_180A4127_jpg.rf.b3b2106c0d45ec32923323f9a2009b53.jpg,3,14.82,0,8
Roboflow_Classifier_valid_180A4202_jpg.rf.83af0b9db857698dcc63655760502870.jpg,1,14.88,0,7
Roboflow_Classifier_valid_180A4244_jpg.rf.add486bd601f2289bf77b46f8be8429a.jpg,3,38.61,0,2
Roboflow_Classifier_valid_180A4259_jpg.rf.eb67ec5062b74bcebc01b80f17700d07.jpg,2,46.95,0,1
Roboflow_Classifier_valid_180A4290_jpg.rf.5f0eb817a9a4b2181de7184349dc8cc9.jpg,1,1.4,0,9
Roboflow_Classifier_valid_180A4295_jpg.rf.33d0f4f4b5e8c3a83667c98008e995a2.jpg,2,14.66,0,6
Roboflow_Classifier_valid_181A11258_jpg.rf.8509d9f2557c3cb9575e1acad2b42aa8.jpg,1,5.0,0,6
Roboflow_Classifier_valid_181A11679_jpg.rf.2e16afbbec01ed391efe86a548edff14.jpg,0,26.25,0,1
Roboflow_Classifier_valid_181A11919_jpg.rf.4f425be7d283dc0ce28eaf84d58b6d97.jpg,3,39.96,0,7
Roboflow_Classifier_valid_181A11920_jpg.rf.17e2177bf045c303e76d8a206cf196a7.jpg,2,12.73,0,5
Roboflow_Classifier_valid_181A11984_jpg.rf.7c22899ee919dbd2e605126f123dffe8.jpg,2,18.6,0,1
Roboflow_Classifier_valid_181A12002_jpg.rf.838556f3c88c38c1948c580a59923036.jpg,2,4.58,0,4
Roboflow_Classifier_valid_181A12015_jpg.rf.36a2e787f951e851c95117f69ac069e0.jpg,3,5.42,0,3
Roboflow_Classifier_valid_181A12049_jpg.rf.0f8918e254108a03c337531257f5c1a8.jpg,2,19.8,0,8
Roboflow_Classifier_valid_181A12053_jpg.rf.d737a345ebc9da37a357c13c3db90b96.jpg,2,2.46,0,3
Roboflow_Classifier_valid_182A2761_jpg.rf.97dfcb8a2f7b2ccd676e3af88079ba77.jpg,1,1.57,0,9
Roboflow_Classifier_valid_182A2807_jpg.rf.3cffee049c9959236ff33dd92a7b58b3.jpg,1,22.57,0,8
Roboflow_Classifier_valid_184A1753_jpg.rf.dd6dc67c6cf5c172297c110b23e28229.jpg,2,34.36,0,7
Roboflow_Classifier_valid_184A1757_jpg.rf.2837a6447ac4ab4b4929575a0be7c679.jpg,2,3.88,0,4
Roboflow_Classifier_valid_184A1788_jpg.rf.615817c926025bab3412fc6a5c4bab0d.jpg,1,33.69,0,2
Roboflow_Classifier_valid_184A1808_jpg.rf.d2cb15ad85f72dd20d0240a319e73405.jpg,2,22.88,0,7
Roboflow_Classifier_valid_185A2275_jpg.rf.28f6d7bdb0fcd04c8f29660bc1fcb2e6.jpg,3,20.26,0,1
Roboflow_Classifier_valid_190A11761_jpg.rf.5480a2bdda3a690c012ea6dd6f2617ca.jpg,2,13.65,0,5
Roboflow_Classifier_valid_190A27_jpg.rf.7ff35ae518f9d843ac294094dad6c27c.jpg,2,17.61,0,1
Roboflow_Classifier_valid_190A29_jpg.rf.e6e535ad5842975675e478af55b4bdd7.jpg,2,33.47,0,7
Roboflow_Classifier_valid_192A10088_jpg.rf.38ee969ad364973ff73fcdbb65c417fc.jpg,2,6.43,0,0
Roboflow_Classifier_valid_192A10089_jpg.rf.64c4e0b31604b20d8c1ead3073abab6d.jpg,2,11.14,0,5
Roboflow_Classifier_valid_192A10726_jpg.rf.a56b83de81dd77ec74a32551b58e731e.jpg,2,7.4,0,0
Roboflow_Classifier_valid_192A10883_jpg.rf.1c602bf4cc2547d4b79ea69a72e3d0df.jpg,2,3.04,0,3
Roboflow_Classifier_valid_192A11089_jpg.rf.872b4155d8898ad6792827d9cda1c056.jpg,0,5.0,0,6
Roboflow_Classifier_valid_192A11337_jpg.rf.8b746ec937c9dca8bfec66181abf9fd0.jpg,0,19.69,0,8
Roboflow_Classifier_valid_192A11762_jpg.rf.d7b5b519f159e872733a05d80eba1ce6.jpg,1,7.65,0,3
Roboflow_Classifier_valid_192A12445_jpg.rf.f6525e3b4b2581d481aa75e5f3ef096d.jpg,1,21.99,0,8
Roboflow_Classifier_valid_192A12689_jpg.rf.de427e1f50bb58cc31068ad5ea346cc0.jpg,2,3.71,0,4
Roboflow_Classifier_valid_192A12829_jpg.rf.54e7c03f7109489c19f5e0dcaa5bbd6f.jpg,1,3.94,0,3
Roboflow_Classifier_valid_192A12831_jpg.rf.ac2553b8f074df0a8d41332ec5c3b650.jpg,2,30.71,0,1
Roboflow_Classifier_valid_192A12839_jpg.rf.60cb25fb9d7dadcba70b2324fe490652.jpg,3,8.99,0,0
Roboflow_Classifier_valid_192A12857_jpg.rf.1aa452d40f5aaf6284d3c5a7bc84544a.jpg,2,2.5,0,4
Roboflow_Classifier_valid_192A12895_jpg.rf.a777ec3e52837712a3469a399a5b0d89.jpg,3,5.0,0,6
Roboflow_Classifier_valid_192A12923_jpg.rf.7392f029412147c32b41dad92397a72d.jpg,3,13.89,0,8
Roboflow_Classifier_valid_192A12975_jpg.rf.074a3f176f8038ca56fd89049a30eb7a.jpg,2,1.84,0,9
Roboflow_Classifier_valid_192A13203_jpg.rf.0bc0c4e14be3eda0acfe2a08d34df50c.jpg,2,3.86,0,4
Roboflow_Classifier_valid_192A13401_jpg.rf.a10d7fec5ebb1e485f51dce390fc90fa.jpg,0,5.24,0,0
Roboflow_Classifier_valid_192A13459_jpg.rf.6b3a884627f850fecf79867fe370897e.jpg,1,26.61,0,7
Roboflow_Classifier_valid_192A13662_jpg.rf.208250d17df76b448d3e0c2cb859045b.jpg,2,12.4,0,8
Roboflow_Classifier_valid_192A13878_jpg.rf.802d4ddcd56778b2f5e77a9e2c63d4be.jpg,0,15.24,0,5
Roboflow_Classifier_valid_192A13938_jpg.rf.814505ef4938a41e2d3b567eb84c15f2.jpg,1,23.73,0,8
Roboflow_Classifier_valid_192A14000_jpg.rf.3fcfe5bdb3a1d0e14dd769975e9cdea6.jpg,2,29.9,0,2
Roboflow_Classifier_valid_192A14024_jpg.rf.09f8aaa5c6269372843fa36d494c01a9.jpg,1,5.0,0,6
Roboflow_Classifier_valid_192A14240_jpg.rf.4a741253734dc124e06150b04590e848.jpg,2,39.95,0,2
Roboflow_Classifier_valid_192A1464_jpg.rf.9fc1d0cd40282610c1bbe8a6da3925cd.jpg,2,5.02,0,3
Roboflow_Classifier_valid_192A1465_jpg.rf.f8be121f9437b3790928fbaaa457968d.jpg,2,28.32,0,7
Roboflow_Classifier_valid_192A1474_jpg.rf.c8d23f87154ef69c9f8a4c8450d4acc5.jpg,2,3.91,0,4
Roboflow_Classifier_valid_192A1477_jpg.rf.e4c1437821a3c2961d0fb546d7054624.jpg,2,4.65,0,4
Roboflow_Classifier_valid_192A1495_jpg.rf.7da8312e1d1965d9b820663cbe459138.jpg,2,20.72,0,8
Roboflow_Classifier_valid_192A1496_jpg.rf.18f5dfdff52025f01c47dcc723fa5c94.jpg,2,5.0,0,6
Roboflow_Classifier_valid_192A1519_jpg.rf.d35aac92be7a7e36a4507f134b1029d5.jpg,2,3.69,0,4
Roboflow_Classifier_valid_192A1521_jpg.rf.14634adb2e370b770902dcf15554aa40.jpg,2,14.29,0,8
Roboflow_Classifier_valid_192A1522_jpg.rf.64d8f3c5d8a073c950a62e3ad80253c8.jpg,1,5.04,0,4
Roboflow_Classifier_valid_192A1526_jpg.rf.3311c0bf35a67e42e2d9190c78aae470.jpg,1,12.9,0,8
Roboflow_Classifier_valid_192A1536_jpg.rf.7bd900e68ab288df4f3ae82bf840f04b.jpg,0,1.33,0,9
Roboflow_Classifier_valid_192A3790_jpg.rf.78b842e9fa9ab960ba0919952624a9df.jpg,2,1.5,0,9
Roboflow_Classifier_valid_192A5495_jpg.rf.f8fd88d35c4716e81e034b4920a42f43.jpg,2,4.09,0,0
Roboflow_Classifier_valid_192A5782_jpg.rf.e1599f7c9ba0f98ba57a92546cd176be.jpg,3,27.81,0,1
Roboflow_Classifier_valid_192A63_jpg.rf.73710bd12a5ef9d2b66984a68c2667dc.jpg,2,19.29,0,7
Roboflow_Classifier_valid_192A7202_jpg.rf.0b4fca0d8bcc611198ec4a7ecc7b80e1.jpg,2,44.49,0,2
Roboflow_Classifier_valid_192A7347_jpg.rf.f05168d42c55bf243c8af16a95aa35ef.jpg,2,3.76,0,4
Roboflow_Classifier_valid_192A7462_jpg.rf.2625d0b58e41fdcc5737a0bface67591.jpg,2,25.82,0,7
Roboflow_Classifier_valid_192A9106_jpg.rf.da60f92488b10436861e977800ef9c55.jpg,0,6.44,0,0
Roboflow_Classifier_valid_192A9111_jpg.rf.bf3f14155d9bfaa6c124bc0ffe0e7f6f.jpg,2,22.58,0,8
Roboflow_Classifier_valid_192A9727_jpg.rf.5f2cbfbaacddc2ed94ee5783666ad08a.jpg,2,3.83,0,4
Roboflow_Classifier_valid_192A9730_jpg.rf.50df2329b90d2a201da79f151e307764.jpg,0,1.2,0,9
Roboflow_Classifier_valid_193A1486_jpg.rf.e4553828f45032ee64a49a87efada8a3.jpg,3,10.0,0,2
Roboflow_Classifier_valid_193A1492_jpg.rf.cfb866839fc54cca789ed91228d8afe4.jpg,2,20.51,0,8
Roboflow_Classifier_valid_193A1497_jpg.rf.1577c159b085dcaf2a4b288d28fe7399.jpg,2,23.99,0,8
Roboflow_Classifier_valid_193A1502_jpg.rf.c32ac67485d44a088ffa58d7ce0f17e6.jpg,2,21.96,0,7
Roboflow_Classifier_valid_193A1521_jpg.rf.54a17b20f319d383dc776bccb182478f.jpg,2,10.3,0,6
Roboflow_Classifier_valid_193A1522_jpg.rf.517d3b89bf5c7f5379fffe474176fb62.jpg,1,1.1,0,9
Roboflow_Classifier_valid_193A1547_jpg.rf.1b7b3776f7e30ff897ead4254c8de46e.jpg,1,1.5,0,4
Roboflow_Classifier_valid_193A1549_jpg.rf.d1763bcea7aa5706cbc617461ae4359b.jpg,1,3.14,0,4
Roboflow_Classifier_valid_193A1588_jpg.rf.85fe142cde9f01daac30221762fbc054.jpg,2,1.02,0,9
Roboflow_Classifier_valid_193A1596_jpg.rf.88a76695cde32b780e690fa20315aea5.jpg,1,13.16,0,8
Roboflow_Classifier_valid_193A1668_jpg.rf.ac8d19ed8ce3388a258b9883b3bba7a1.jpg,1,26.32,0,8
Roboflow_Classifier_valid_193A1678_jpg.rf.c904d92e2a02539b5051bbe3bbc03209.jpg,3,21.08,0,7
Roboflow_Classifier_valid_193A1798_jpg.rf.7b1bcf5cbd8b7792cec26b7bee950203.jpg,1,24.73,0,7
Roboflow_Classifier_valid_193A1816_jpg.rf.427ef0e043371312dd43161b24ed1a8f.jpg,0,15.62,0,5
Roboflow_Classifier_valid_193A1820_jpg.rf.12a42a53e4473651b2d3a30e821de876.jpg,3,3.0,0,0
Roboflow_Classifier_valid_193A1858_jpg.rf.b7832fdc4b07eda07e11eebe3f1d366c.jpg,1,1.51,0,9
Roboflow_Classifier_valid_193A1859_jpg.rf.160f6179837324a15bb4b0b0a5b615a7.jpg,1,3.48,0,3
Roboflow_Classifier_valid_193A1882_jpg.rf.b8c44f34b217a57ae69931090b05e4cd.jpg,2,23.85,0,7
Roboflow_Classifier_valid_193A1885_jpg.rf.81f075502d6e6f1cfc2740cc42217446.jpg,2,5.0,0,6
Roboflow_Classifier_valid_193A1900_jpg.rf.35befdfde31af5b0fb83b8a5f69192fe.jpg,2,12.76,0,5
Roboflow_Classifier_valid_193A1903_jpg.rf.91ef3f37b8495d6756d8db1d60232c76.jpg,2,1.66,0,9
Roboflow_Classifier_valid_193A1906_jpg.rf.31e42cc903d0a37d41e922fed38de5a7.jpg,2,26.05,0,1
Roboflow_Classifier_valid_193A1908_jpg.rf.ff218bb5be9b5fe158cbcd6508c51127.jpg,2,1.96,0,0
Roboflow_Classifier_valid_193A1912_jpg.rf.2a73e3ab09d33ea6f8d130cc5fa7f002.jpg,3,3.02,0,0
Roboflow_Classifier_valid_193A1916_jpg.rf.95c5cdfd546c3ad80dfc7594a53f26c5.jpg,0,42.55,0,2
Roboflow_Classifier_valid_193A1953_jpg.rf.6e7e18651d7602af924a570aaae83dcb.jpg,0,5.49,0,0
Roboflow_Classifier_valid_193A1969_jpg.rf.3b9dd2de78b9f3714be30fbe2b98563c.jpg,2,37.85,0,2
Roboflow_Classifier_valid_193A1975_jpg.rf.1d6b69baff7ff8499ac13666e18a2106.jpg,2,1.99,0,9
Roboflow_Classifier_valid_193A1992_jpg.rf.82b558a8e771a4f9e078b99d225cd8a1.jpg,2,4.7,0,4
Roboflow_Classifier_valid_193A2027_jpg.rf.3099797381d9336d29451590eb0ccbab.jpg,1,1.84,0,3
Roboflow_Classifier_valid_193A2039_jpg.rf.e08945f4b3733a2d87689534718b46d9.jpg,2,13.22,0,5
Roboflow_Classifier_valid_193A2040_jpg.rf.124bbf234bd5459da21731753291fcc4.jpg,3,21.87,0,2
Roboflow_Classifier_valid_193A2050_jpg.rf.0d1db6fb96d073025381dfc64fa70c79.jpg,2,2.15,0,4
Roboflow_Classifier_valid_193A2099_jpg.rf.29fb20f9a7273913b240038a09cafe23.jpg,2,12.02,0,8
Roboflow_Classifier_valid_193A2104_jpg.rf.148bb23fb0067c38279ce3e788e32616.jpg,2,1.76,0,4
Roboflow_Classifier_valid_193A2110_jpg.rf.a535149821650eba173e4f917d2e61b1.jpg,2,15.31,0,5
Roboflow_Classifier_valid_193A2140_jpg.rf.b4897d037f687c414d6f240308113d1b.jpg,2,2.26,0,9
Roboflow_Classifier_valid_193A2151_jpg.rf.b24f48e074c9794ea46808a217a45036.jpg,3,5.42,0,3
Roboflow_Classifier_valid_193A2161_jpg.rf.da46cdefc5223b41c7bb2c38fe34687c.jpg,2,19.54,0,7
Roboflow_Classifier_valid_193A2172_jpg.rf.3f3bec1e53548d41868936abe36d00f5.jpg,2,2.57,0,4
Roboflow_Classifier_valid_193A2183_jpg.rf.3688a6925a347215af9c40023968d072.jpg,2,26.94,0,7
Roboflow_Classifier_valid_193A2202_jpg.rf.1995c671599c01778f921ea4335d3ad5.jpg,2,18.95,0,5
Roboflow_Classifier_valid_193A2203_jpg.rf.8a5b5fb5db86c9172953eaba854dc0ae.jpg,2,10.0,0,2
Roboflow_Classifier_valid_193A2207_jpg.rf.b0b3e1038b3ec9e3911ee98d034964ac.jpg,2,22.86,0,8
Roboflow_Classifier_valid_193A2215_jpg.rf.784f368dc556303cb32c969317b96f8f.jpg,1,18.46,0,7
Roboflow_Classifier_valid_194A12058_jpg.rf.0f79fa3ca4d6bccbfc098548f6fdcd81.jpg,2,1.7,0,9
Roboflow_Classifier_valid_194A13115_jpg.rf.bfb042474f253bf1f1243635af1fc3fa.jpg,3,18.04,0,2
Roboflow_Classifier_valid_194A50_jpg.rf.690dc1e50491955cdab8c196f4fad4bb.jpg,0,0.81,0,9
Roboflow_Classifier_valid_195A169_jpg.rf.8a0a394d29d7baff22a1ac22637d15fe.jpg,2,5.06,0,0
Roboflow_Classifier_valid_195A181_jpg.rf.8b681202d916303dfbb3f1e4981cb80f.jpg,2,29.08,0,1
Roboflow_Classifier_valid_195A24_jpg.rf.d42b2a11e84389757f33d583e48306d0.jpg,0,18.74,0,7
Roboflow_Classifier_valid_195A25_jpg.rf.41225519a80bff4f2b7e452b4da82eef.jpg,3,14.61,0,5
Roboflow_Classifier_valid_195A28_jpg.rf.441e0ff8be4a91117c69bfceb5fccc0e.jpg,1,5.0,0,6
Roboflow_Classifier_valid_196A124_jpg.rf.6e19a80574a3c11fef76cfda35d77c11.jpg,3,27.23,0,1
Roboflow_Classifier_valid_196A168_jpg.rf.eec9d3b4ba1158bd9d4431824083c89e.jpg,2,1.85,0,9
Roboflow_Classifier_valid_196A184_jpg.rf.116f4ea116a23c6098718c7b78525fcf.jpg,0,6.85,0,0
Roboflow_Classifier_valid_196A221_jpg.rf.f9d9995fe58c299812c4ccb10212e4c9.jpg,2,6.86,0,0
Roboflow_Classifier_valid_196A226_jpg.rf.d71255341ed500ae8abe3ce1fa1b2696.jpg,2,23.09,0,2
Roboflow_Classifier_valid_196A232_jpg.rf.4bf5a671dbcfecf17bef0006a7062c71.jpg,1,5.0,0,6
Roboflow_Classifier_valid_196A234_jpg.rf.aec18956427b2e765dd79462fc4ee451.jpg,2,1.67,0,9
Roboflow_Classifier_valid_196A238_jpg.rf.c5ab1632be583624235fe13533a6ce09.jpg,2,4.62,0,0
Roboflow_Classifier_valid_196A242_jpg.rf.5a1745414c5d123946ad7823e26e2187.jpg,1,14.49,0,5
Roboflow_Classifier_valid_196A60_jpg.rf.11d3ac23dcbb588957b063f5674065a6.jpg,2,20.83,0,1
Roboflow_Classifier_valid_196A61_jpg.rf.495bd2db690e4687fbd0c25ce9574be2.jpg,1,4.21,0,4
Roboflow_Classifier_valid_196A77_jpg.rf.029db74592df195c6a67454c4760df51.jpg,2,3.61,0,3
Roboflow_Classifier_valid_197A164_jpg.rf.298ab7d634d6b83b5e2e31dcdc01cfa3.jpg,1,1.96,0,4
Roboflow_Classifier_valid_197A178_jpg.rf.b87fbd7bb46c5a5844ec2cc7900171ee.jpg,1,5.51,0,0
Roboflow_Classifier_valid_198A177_jpg.rf.fedcc4cb8bbbcfccb423312c95e3c0f3.jpg,3,13.37,0,8
Roboflow_Classifier_valid_198A71_jpg.rf.8b909eb6f50df9ca5feea7b3ce61dd54.jpg,1,24.64,0,7
Roboflow_Classifier_valid_212A6_jpg.rf.72c21196e55e6954591ebcebd880bc2f.jpg,2,40.78,0,2
Roboflow_Classifier_valid_216A6_jpg.rf.9d59c9d0f783a6e58585fb85293b9b49.jpg,2,3.12,0,4
Roboflow_Classifier_valid_219A52_jpg.rf.6e1e37b2f198bc0051387f76f7596984.jpg,1,34.51,0,1
Roboflow_Classifier_valid_240A20_jpg.rf.0ac94f4d68691e046edadc2184443a1c.jpg,0,10.0,0,7
Roboflow_Classifier_valid_241A19_jpg.rf.9772dfd01bd7dde184da684e77a45192.jpg,2,6.21,0,6
Roboflow_Classifier_valid_241A34_jpg.rf.cc789d1cd7a306d34a1e954c51a106d1.jpg,1,7.62,0,3
Roboflow_Classifier_valid_401A2358_jpg.rf.1929339de45eb1e17a065f511d2ebb8b.jpg,2,1.16,0,9
Roboflow_Classifier_valid_403A4521_jpg.rf.66065ac5b6322db2475f3856d8ecab88.jpg,3,5.0,0,6
Roboflow_Classifier_valid_405A2914_jpg.rf.819cd680b62c4c41c05012d6fe4aec4f.jpg,0,27.48,0,1
Roboflow_Classifier_valid_405A3057_jpg.rf.a1d7082bd3cfc66b859bdcb1e6d9776a.jpg,0,2.03,0,3
Roboflow_Classifier_valid_72A1722_jpg.rf.f183457d15b2cbd8183135d167226ab8.jpg,1,15.57,0,1
Roboflow_Classifier_valid_72A1746_jpg.rf.e67f4fa45cc5085a044fe0e35a061fef.jpg,2,1.86,0,3
Roboflow_Classifier_valid_download-3_jpg.rf.e802361f9da5fe39511ce4bf984da8b4.jpg,0,5.34,0,3
Roboflow_Classifier_valid_download-6_jpg.rf.3c5db2bf3e476cec9e35229386ebae49.jpg,0,17.4,0,7
Roboflow_Classifier_valid_images-1_jpg.rf.bcad47f2861d5d901c7306ed82273efb.jpg,3,2.89,0,0
Roboflow_Classifier_valid_VH055_jpg.rf.0ef4d14c92b66ba099301ab162655eec.jpg,2,4.33,0,0
Roboflow_Classifier_valid_VJ312_jpg.rf.5eeafbb501928a892abc099b7529a88d.jpg,0,3.04,0,4
Roboflow_Classifier_valid_VJ459_jpg.rf.fc901eaeca50c61088628f2fa2748bf6.jpg,3,3.05,0,4
Roboflow_Classifier_valid_VL117_jpg.rf.5f64752bb626165ab678a61cb2b30890.jpg,0,18.64,0,8
Roboflow_Classifier_valid_VL182_jpg.rf.64b49eb8b44d912d7ac0ae8d2e2c0500.jpg,0,4.44,0,3
Roboflow_Classifier_valid_VL186_jpg.rf.4f765fa581f6eb042ab185b9d79472b3.jpg,2,28.77,0,2
Roboflow_Classifier_test_102A10063_jpg.rf.ada5a813c5e524a18c1792be8dbb582c.jpg,2,11.35,0,8
Roboflow_Classifier_test_102A10073_jpg.rf.7cf7bf0e891bfc505f6adef7b5fbf453.jpg,3,27.31,0,7
Roboflow_Classifier_test_102A10093_jpg.rf.c28943e51a8579982c3af9ad6f9365d9.jpg,2,1.83,0,9
Roboflow_Classifier_test_102A10157_jpg.rf.dbb96b9e84993b06511d4911722bd367.jpg,1,10.78,0,5
Roboflow_Classifier_test_102A10197_jpg.rf.d7fa295350db52d60deec95cff3b9e34.jpg,2,37.03,0,2
Roboflow_Classifier_test_102A10218_jpg.rf.7c57f360caf1e186ba6f0d8f7490ce5b.jpg,1,2.52,0,4
Roboflow_Classifier_test_102A10262_jpg.rf.7d6468b5b87fe26b59d664f06f0f2aed.jpg,2,20.76,0,8
Roboflow_Classifier_test_102A10278_jpg.rf.2eca389a1bdd7bfe7d63fd8540027058.jpg,1,24.67,0,1
Roboflow_Classifier_test_102A10325_jpg.rf.1cc6b048d2e0bc74ffd1b5703a8106eb.jpg,1,11.57,0,6
Roboflow_Classifier_test_102A10369_jpg.rf.f5315bee5596ea18529b3c84aaac45be.jpg,0,21.93,0,1
Roboflow_Classifier_test_102A10384_jpg.rf.b4d035cc006fb84b36fb1360b9feaf99.jpg,2,4.54,0,0
Roboflow_Classifier_test_102A10414_jpg.rf.4f34e6ca3ec2a059e58ddae9a17df08f.jpg,2,3.83,0,3
Roboflow_Classifier_test_102A10419_jpg.rf.303798714c4d5610ba0e6c12cc9e6478.jpg,2,1.13,0,9
Roboflow_Classifier_test_102A10421_jpg.rf.da8d1654cd04af2ad258ab19b397c278.jpg,2,8.0,0,8
Roboflow_Classifier_test_102A10433_jpg.rf.9249c01edc8da2461695512bf5d94c32.jpg,2,43.22,0,2
Roboflow_Classifier_test_103A15776_jpg.rf.ddfc4b112464b985895066c705d5bf73.jpg,1,13.2,0,2
Roboflow_Classifier_test_103A15976_jpg.rf.97587d169dc49e1932f2255111610642.jpg,1,5.0,0,6
Roboflow_Classifier_test_103A15978_jpg.rf.8f68c2e8cdeaefb5d455621af7e96ca0.jpg,2,0.65,0,9
Roboflow_Classifier_test_103A15980_jpg.rf.93ea852b4ca431920e35252c9d4c5728.jpg,2,21.77,0,8
Roboflow_Classifier_test_103A16048_jpg.rf.d82851ba197dd8edabc12b6cadaa5c53.jpg,1,18.37,0,7
Roboflow_Classifier_test_103A16333_jpg.rf.08d8ca7fc5434a8f5dd27137649761f3.jpg,2,6.42,0,5
Roboflow_Classifier_test_103A16380_jpg.rf.5352697c3bd8310c8de81e30085cb497.jpg,2,7.96,0,0
Roboflow_Classifier_test_103A16396_jpg.rf.b6bab6c5c0c38b1cd60db919df3fa2e0.jpg,2,23.24,0,6
Roboflow_Classifier_test_103A16504_jpg.rf.b7b3fed0a6f8e1e0d557685b362d831a.jpg,0,26.95,0,1
Roboflow_Classifier_test_103A16508_jpg.rf.7c850776e1ad04cc2e82078db0e76d39.jpg,1,5.94,0,3
Roboflow_Classifier_test_103A16571_jpg.rf.fdc642762972934416b2c041b2f5a1b9.jpg,1,16.26,0,8
Roboflow_Classifier_test_103A16575_jpg.rf.164e16ab3476af24d6ea3f0e1c331846.jpg,2,3.39,0,4
Roboflow_Classifier_test_103A16640_jpg.rf.ad849c94cb00fbcee39278e1ed2e711a.jpg,1,1.5,0,9
Roboflow_Classifier_test_103A16655_jpg.rf.2707953daab8dfbb0ca071254d3240d9.jpg,2,31.85,0,1
Roboflow_Classifier_test_103A16693_jpg.rf.8ba20496fd61fc4b4cc24099765399a9.jpg,2,21.91,0,1
Roboflow_Classifier_test_106A106650_jpg.rf.fcd15d7a412a66cb621b2965855042a1.jpg,2,20.15,0,8
Roboflow_Classifier_test_106A106885_jpg.rf.1559caae8574461f025bdf8c871110d7.jpg,2,5.64,0,0
Roboflow_Classifier_test_117A3732_jpg.rf.c771a9dcaea3eb3406604fee72ddeaa8.jpg,2,28.11,0,2
Roboflow_Classifier_test_117A3738_jpg.rf.440d3907f2f0f779c7745546cf957f71.jpg,0,3.98,0,4
Roboflow_Classifier_test_117A3742_jpg.rf.3142a8fe433d4a3a74ebf20b82c491c2.jpg,2,1.46,0,9
Roboflow_Classifier_test_117A3767_jpg.rf.d46cf10e24c3cf7c866283237d3d3f12.jpg,2,2.35,0,9
Roboflow_Classifier_test_117A3805_jpg.rf.99799f38dc059acafb70a2be52f84a9c.jpg,2,14.68,0,6
Roboflow_Classifier_test_117A3852_jpg.rf.f4fbbd7b60a9a816282008ea5bca9830.jpg,2,44.62,0,2
Roboflow_Classifier_test_117A3853_jpg.rf.d0e18241d594f202b393beb65b92f79a.jpg,1,1.77,0,9
Roboflow_Classifier_test_117A3887_jpg.rf.9cd3be7b0f562060e79f4c56e761a20d.jpg,0,10.17,0,6
Roboflow_Classifier_test_117A3888_jpg.rf.ed0dc1491215c86f8635de2a2f131461.jpg,2,4.45,0,0
Roboflow_Classifier_test_117A3945_jpg.rf.c7a6f2ef9518b2e5ca95595fda863483.jpg,2,1.69,0,9
Roboflow_Classifier_test_117A3947_jpg.rf.f70d179be0e277761a15c774dbfafbfc.jpg,1,38.24,0,1
Roboflow_Classifier_test_117A3951_jpg.rf.5108c29342f69c8003b6639e5740fc7c.jpg,1,12.91,0,5
Roboflow_Classifier_test_117A3997_jpg.rf.8f29605ad484e34df1e76c7e0087b571.jpg,2,10.0,0,7
Roboflow_Classifier_test_117A4002_jpg.rf.7039822c41ad35c43bd9ec5d6923178e.jpg,2,9.17,0,0
Roboflow_Classifier_test_117A4004_jpg.rf.fadc6bf8e15f2677f3dc922e2f2ccda3.jpg,1,51.62,0,2
Roboflow_Classifier_test_117A4005_jpg.rf.cfc0f5be12462c791f3cf3693a9c3735.jpg,2,4.51,0,0
Roboflow_Classifier_test_117A4017_jpg.rf.b51e06acfbb84de4fc5daf935ed262f1.jpg,2,4.13,0,3
Roboflow_Classifier_test_117A4021_jpg.rf.5e39ae95ac48339092f3cf7093db5cee.jpg,1,2.5,0,3
Roboflow_Classifier_test_117A4094_jpg.rf.c2b11295b66f80a89b1ac4178ea64e20.jpg,2,2.12,0,9
Roboflow_Classifier_test_121A1472_jpg.rf.0f7f838111dc92aea56b38e29323bbf3.jpg,3,8.0,0,8
Roboflow_Classifier_test_121A1487_jpg.rf.0caf579445cb6a71c0004623d651aaa8.jpg,1,31.96,0,7
Roboflow_Classifier_test_121A1490_jpg.rf.a1eb54cbb6e555a656ec6592d2a642b9.jpg,1,7.91,0,6
Roboflow_Classifier_test_121A1503_jpg.rf.cfee47f0855883ada5649dfc9fb49ee0.jpg,0,1.74,0,9
Roboflow_Classifier_test_122A2460_jpg.rf.c8feb9f3380f8d5e4213890c50f1c889.jpg,3,27.04,0,1
Roboflow_Classifier_test_122A2526_jpg.rf.b6f8732f017988ed13442e24c8d9f5d3.jpg,2,21.85,0,7
Roboflow_Classifier_test_122A2608_jpg.rf.90f7cced9a40e20bc7506e342db8938e.jpg,2,4.11,0,4
Roboflow_Classifier_test_122A2609_jpg.rf.1619d3ab4ce1210224fe7f44f30b3e64.jpg,0,16.76,0,5
Roboflow_Classifier_test_122A2619_jpg.rf.aae09a1e736f974591587d809f15d05c.jpg,1,51.11,0,2
Roboflow_Classifier_test_122A2627_jpg.rf.8e6064e8f5d4cfe107a0f80763be7d9c.jpg,2,5.27,0,4
Roboflow_Classifier_test_122A2686_jpg.rf.b757f65f8faf1a270dcbe97eed59e8b6.jpg,0,26.46,0,1
Roboflow_Classifier_test_122A2692_jpg.rf.0bbefcfa10df1020b31899c888670e5a.jpg,2,42.52,0,2
Roboflow_Classifier_test_122A2695_jpg.rf.6ed3d2cf31aa7c15c61fb20279630cd8.jpg,0,1.65,0,9
Roboflow_Classifier_test_122A2751_jpg.rf.10c081a91a86b1ea2fc67064cba165ec.jpg,1,6.65,0,4
Roboflow_Classifier_test_122A2778_jpg.rf.4e58ce7c8bf4a973af389937e7ad8155.jpg,2,26.15,0,8
Roboflow_Classifier_test_122A2787_jpg.rf.697b795a31ff2f0a7181f50b47dc97c4.jpg,1,3.95,0,3
Roboflow_Classifier_test_122A2862_jpg.rf.d150b6d8659e87d7c2c852ddaf35a5c9.jpg,2,23.63,0,2
Roboflow_Classifier_test_122A2874_jpg.rf.bd9d1d9f8ff67b2cc89d64634f7f9640.jpg,3,10.31,0,8
Roboflow_Classifier_test_122A2884_jpg.rf.fae30f68ff3894d1dc5105c48bf3ce0f.jpg,3,17.32,0,7
Roboflow_Classifier_test_122A3043_jpg.rf.a509b6a0c82282652f8abc889eb567d2.jpg,2,31.46,0,2
Roboflow_Classifier_test_122A3053_jpg.rf.4eae395512702d5321d62dab6dea9130.jpg,2,5.94,0,5
Roboflow_Classifier_test_135A16832_jpg.rf.e61093c19d59aeef732026bcee261a37.jpg,2,8.64,0,6
Roboflow_Classifier_test_135A16851_jpg.rf.447261f523aeeca06ea17c1f4ab7dff5.jpg,2,5.0,0,6
Roboflow_Classifier_test_135A16919_jpg.rf.1d8aa8fb2d79429767e033042cfbe298.jpg,2,31.88,0,7
Roboflow_Classifier_test_135A17025_jpg.rf.f8a2521f27e9b2d9ae53967a942914c0.jpg,1,29.08,0,7
Roboflow_Classifier_test_137A42751_jpg.rf.8badd395bdf14f85adac1fa344a9556e.jpg,0,12.9,0,2
Roboflow_Classifier_test_137A42752_jpg.rf.b572dbab1b4ace6767312a95f8ba76fe.jpg,2,15.95,0,7
Roboflow_Classifier_test_137A42922_jpg.rf.c4f139ebc12e003881285231bb0675d3.jpg,1,29.37,0,7
Roboflow_Classifier_test_137A43080_jpg.rf.bf50d24fba7621e4eef3b42851e21893.jpg,1,11.05,0,6
Roboflow_Classifier_test_137A43150_jpg.rf.51448624dc521400da5ca8b0830f1ad4.jpg,2,1.79,0,0
Roboflow_Classifier_test_137A43226_jpg.rf.6edd9cf7e3b45b2cda6193e154d521c2.jpg,2,19.38,0,8
Roboflow_Classifier_test_137A43549_jpg.rf.ababde22d89127cfdb7b2f940e6e1e13.jpg,2,10.3,0,5
Roboflow_Classifier_test_137A43702_jpg.rf.9d3f3ec72adabec33b2880c4e0ac96d1.jpg,2,31.82,0,1
Roboflow_Classifier_test_139A64456_jpg.rf.8749fa860e21337f25e11d00ccf709a2.jpg,1,3.6,0,4
Roboflow_Classifier_test_139A64513_jpg.rf.1ba12ef7dd266ad6a99b02b03231b087.jpg,1,0.6,0,9
Roboflow_Classifier_test_139A64537_jpg.rf.74a2b1ef7019d38026997246fd0d3c60.jpg,2,17.12,0,1
Roboflow_Classifier_test_139A64538_jpg.rf.79dd428f28c4bf3b91481d6ed889b7ad.jpg,0,29.06,0,8
Roboflow_Classifier_test_139A64876_jpg.rf.9d57bd6685167f71aa609a9abc1632e6.jpg,1,3.0,0,4
Roboflow_Classifier_test_139A64909_jpg.rf.f7108e7540bce869410e79e0e40fee45.jpg,1,24.94,0,1
Roboflow_Classifier_test_139A65014_jpg.rf.b421c4e577baf5d01619471c40c710b2.jpg,3,29.82,0,1
Roboflow_Classifier_test_139A65264_jpg.rf.62978ba98023d9b325cb9d1da7da6cb1.jpg,1,3.6,0,3
Roboflow_Classifier_test_139A65380_jpg.rf.464ca8fc26284619bca6b4eec557902e.jpg,1,14.21,0,8
Roboflow_Classifier_test_139A65393_jpg.rf.23381236a883e086699df72c9000cbaa.jpg,2,19.93,0,7
Roboflow_Classifier_test_145A10140_jpg.rf.da3571582e7ebbf84a8935238bb64806.jpg,2,56.03,0,2
Roboflow_Classifier_test_145A10234_jpg.rf.9f2e15eb8115ce744f7646f19e8653d4.jpg,2,23.68,0,7
Roboflow_Classifier_test_145A10247_jpg.rf.8c95808dba9b09b873833369330eba03.jpg,2,23.61,0,2
Roboflow_Classifier_test_145A10268_jpg.rf.4ea56adec06d1e411de89dbbeb8256a3.jpg,2,2.23,0,9
Roboflow_Classifier_test_145A10280_jpg.rf.c8bebfa01cd621374ed6d4569684f0fd.jpg,3,13.68,0,5
Roboflow_Classifier_test_145A10304_jpg.rf.3aa3f8795d99d7d614155463daeeb136.jpg,0,5.05,0,3
Roboflow_Classifier_test_145A10360_jpg.rf.36ceff06d26e9341d444e936c1ceac1c.jpg,1,15.49,0,5
Roboflow_Classifier_test_145A10375_jpg.rf.0f182e4206b3a6cf19106d71ed88a0ed.jpg,2,10.0,0,1
Roboflow_Classifier_test_145A10387_jpg.rf.eaea7380ac1cb7810dbc5a0a9332c4bd.jpg,2,11.84,0,7
Roboflow_Classifier_test_145A10456_jpg.rf.eea225fd3553dc357869dbf899a6dc3c.jpg,2,2.56,0,0
Roboflow_Classifier_test_145A10457_jpg.rf.ab915b6844b7b3a2985482e00b2f8fb1.jpg,0,3.6,0,4
Roboflow_Classifier_test_145A10462_jpg.rf.8632ddcad83b75953eb8db0a6cdf0975.jpg,2,30.73,0,7
Roboflow_Classifier_test_145A10463_jpg.rf.306fc1edd89a7b63b775ace61d562c03.jpg,2,22.06,0,1
Roboflow_Classifier_test_145A10482_jpg.rf.2d7134d609445621a5c0c67feca8fed8.jpg,2,27.32,0,7
Roboflow_Classifier_test_145A8685_jpg.rf.2d95f06a8f23c91f3b7c8fb11656a806.jpg,2,21.67,0,6
Roboflow_Classifier_test_145A8765_jpg.rf.91b5f20e76747feda95b703c62f55605.jpg,2,2.46,0,4
Roboflow_Classifier_test_145A8877_jpg.rf.1d2c956185167936f0aea78d65bb6f37.jpg,2,26.61,0,2
Roboflow_Classifier_test_145A8996_jpg.rf.dceaea8939ad60ce2009eaed69d3d5c9.jpg,0,5.0,0,6
Roboflow_Classifier_test_145A9057_jpg.rf.86a7cdc9d0577395187b6ba6d86b81ea.jpg,2,1.9,0,3
Roboflow_Classifier_test_145A9127_jpg.rf.4ee53f184bd8a7f14642b172c04fb5d9.jpg,1,3.54,0,4
Roboflow_Classifier_test_145A9130_jpg.rf.7ed3564a67bae5c18818a2e2d1ca0400.jpg,2,4.15,0,4
Roboflow_Classifier_test_145A9249_jpg.rf.7fe91ca7f6e658ab02cfc240fa52be51.jpg,1,5.03,0,0
Roboflow_Classifier_test_145A9300_jpg.rf.e0d8484cd5a39d5121059e5cd7fc6b74.jpg,1,1.19,0,9
Roboflow_Classifier_test_145A9421_jpg.rf.d0c8912163b515fb08834bc247744c59.jpg,2,26.52,0,7
Roboflow_Classifier_test_145A9518_jpg.rf.f9d25409dd75d13b85cf1cae29838c46.jpg,1,1.1,0,9
Roboflow_Classifier_test_145A9596_jpg.rf.0c37831c694e144f9142eda866668bcf.jpg,1,5.0,0,6
Roboflow_Classifier_test_145A9611_jpg.rf.9e933ed9faf3f44b119de4615c8d7343.jpg,2,4.76,0,4
Roboflow_Classifier_test_145A9810_jpg.rf.6b5694371b5e8cbc9b7aec280e210987.jpg,1,16.47,0,1
Roboflow_Classifier_test_145A9958_jpg.rf.2ced9a13ce758bff2679c51016bc86e1.jpg,2,5.16,0,0
Roboflow_Classifier_test_175A4385_jpg.rf.e3baad32640ff673ed510c1f1a97b8fd.jpg,2,6.61,0,6
Roboflow_Classifier_test_175A4687_jpg.rf.39ff00953250e834cdfd864127246a60.jpg,1,26.29,0,1
Roboflow_Classifier_test_175A4694_jpg.rf.04397af66b295582934ac19a664a76ad.jpg,2,23.41,0,5
Roboflow_Classifier_test_178A3671_jpg.rf.c075a49ee0424b41eddf88f50f8f6eb7.jpg,0,6.55,0,4
Roboflow_Classifier_test_179A3432_jpg.rf.b4ea44ef1251c9350a3bfb94aa8d1bc0.jpg,2,20.06,0,1
Roboflow_Classifier_test_180A4296_jpg.rf.68ecab6dd909e1625eff739bb19e9088.jpg,1,5.23,0,3
Roboflow_Classifier_test_181A11003_jpg.rf.ec0a395d6a8573fc7d40e92f72956d36.jpg,2,18.56,0,8
Roboflow_Classifier_test_181A11477_jpg.rf.2897e34c285cbb127b425d5db36dea8b.jpg,2,13.59,0,8
Roboflow_Classifier_test_181A11956_jpg.rf.3101b62d6ffde9848c4c788b91f4231f.jpg,2,33.45,0,2
Roboflow_Classifier_test_181A11997_jpg.rf.c40eb8567b277caaa7e9f5994b953f5d.jpg,2,6.9,0,0
Roboflow_Classifier_test_181A12016_jpg.rf.08910972f4702d8e36be4d7d29d74bde.jpg,3,15.31,0,5
Roboflow_Classifier_test_181A12028_jpg.rf.aabf287c2c3c76de562e628f5dca4458.jpg,1,49.71,0,2
Roboflow_Classifier_test_182A2808_jpg.rf.464ab4c54cb6bb961f255438f6e4e5e4.jpg,2,1.87,0,9
Roboflow_Classifier_test_182A2814_jpg.rf.be9f60d1e52beded315d823bd3eda2ff.jpg,2,25.11,0,8
Roboflow_Classifier_test_185A2277_jpg.rf.1c0651a02f9bb8fe1f50b372215a3b39.jpg,1,2.38,0,9
Roboflow_Classifier_test_185A2331_jpg.rf.e2e427a65f5e17336f1c426111801b03.jpg,2,4.84,0,0
Roboflow_Classifier_test_190A17_jpg.rf.82243d1290f8ff2fb64c139209d639f8.jpg,1,13.15,0,6
Roboflow_Classifier_test_192A10963_jpg.rf.c8fe78d6123e870a8e5db1520d3bac4a.jpg,2,13.42,0,5
Roboflow_Classifier_test_192A11041_jpg.rf.ece34c5f5c99b8177d21105ef16d75ee.jpg,3,11.3,0,1
Roboflow_Classifier_test_192A11042_jpg.rf.11426d791358d0eabdaa774eadd101af.jpg,2,16.48,0,1
Roboflow_Classifier_test_192A11046_jpg.rf.702bff5088a9db4fc2cb7a3a6b847def.jpg,3,40.4,0,2
Roboflow_Classifier_test_192A11058_jpg.rf.1f20a011c918a3ad1cfaab06cc6877b6.jpg,1,13.16,0,2
Roboflow_Classifier_test_192A11063_jpg.rf.8c80305f2764fb34ade7a575deae7e66.jpg,2,5.48,0,3
Roboflow_Classifier_test_192A11855_jpg.rf.6aba4e24efc60c4f788a7c3091d368e6.jpg,2,10.0,0,1
Roboflow_Classifier_test_192A12365_jpg.rf.5f30a516a1cc296c031a938bb0392a9a.jpg,2,28.3,0,2
Roboflow_Classifier_test_192A12749_jpg.rf.ae7e13050b58f17d8ccbb0a867cf0183.jpg,2,3.67,0,4
Roboflow_Classifier_test_192A13187_jpg.rf.864b5624ece9c246e94892c85445ab9d.jpg,2,2.45,0,4
Roboflow_Classifier_test_192A13825_jpg.rf.20c874a09210b0f75db84b13d183290f.jpg,0,30.1,0,2
Roboflow_Classifier_test_192A13877_jpg.rf.91ff4840cc3d8fc9932962dac3af792c.jpg,2,5.3,0,3
Roboflow_Classifier_test_192A14073_jpg.rf.3a094ebd6508c3f061fa4a61656c3bf9.jpg,2,47.55,0,2
Roboflow_Classifier_test_192A14221_jpg.rf.700773d19525aea3c59ed8336eacc470.jpg,2,31.5,0,2
Roboflow_Classifier_test_192A1475_jpg.rf.4cfb8af0516db9d4fd402d6b8f9426ae.jpg,1,27.11,0,1
Roboflow_Classifier_test_192A1476_jpg.rf.65be47071b4dd87e9ce176c6ceac1759.jpg,2,8.0,0,8
Roboflow_Classifier_test_192A1488_jpg.rf.700d4ad65d1ffc9c07595786b6ea17ff.jpg,1,26.85,0,1
Roboflow_Classifier_test_192A1490_jpg.rf.c1e808acb1ee969515292906b09a372a.jpg,2,22.36,0,1
Roboflow_Classifier_test_192A1510_jpg.rf.602e783a236b049b96530823dacf3f0d.jpg,2,11.29,0,5
Roboflow_Classifier_test_192A1514_jpg.rf.249e737a9bc26eb6b943570f95e93d9b.jpg,2,27.46,0,7
Roboflow_Classifier_test_192A1529_jpg.rf.1248e4d75f225487cbd86da565709942.jpg,1,10.52,0,5
Roboflow_Classifier_test_192A6376_jpg.rf.256180e33002754ac77c6cb6c3fcb05b.jpg,2,33.0,0,1
Roboflow_Classifier_test_192A7696_jpg.rf.6d86298d66874b1b6f767a025d8228d9.jpg,3,4.98,0,0
Roboflow_Classifier_test_192A7794_jpg.rf.86185e24e5ef93658435f842ca239fd0.jpg,0,17.41,0,1
Roboflow_Classifier_test_192A9307_jpg.rf.140e09f9d96f7c417b0459fdb477ac18.jpg,2,19.38,0,8
Roboflow_Classifier_test_192A9726_jpg.rf.ca677bcc5f487ccce86d96a4eaae7bd0.jpg,2,18.48,0,8
Roboflow_Classifier_test_193A1495_jpg.rf.8d4a25c4994af98a8f8b765f7c8e667e.jpg,2,5.0,0,6
Roboflow_Classifier_test_193A1530_jpg.rf.119046566dd487b2bf35bed4b5bd7345.jpg,2,24.69,0,5
Roboflow_Classifier_test_193A1560_jpg.rf.deedbdbc9e1cc29d98765b878cbc963c.jpg,1,8.24,0,5
Roboflow_Classifier_test_193A1576_jpg.rf.937730aa0ab0b2b87406dea3622d5864.jpg,2,20.38,0,6
Roboflow_Classifier_test_193A1626_jpg.rf.ad1a65493229f1a924763b30cf9263c8.jpg,2,1.99,0,3
Roboflow_Classifier_test_193A1651_jpg.rf.e684a7e28ed1287bc1153e8f69c952fa.jpg,1,1.1,0,9
Roboflow_Classifier_test_193A1696_jpg.rf.9f2b50b2cfe97bfaf1d01e01c6139ab5.jpg,3,5.0,0,6
Roboflow_Classifier_test_193A1749_jpg.rf.00eea373f5f5f64c2d7da2b141a83244.jpg,1,50.0,0,1
Roboflow_Classifier_test_193A1750_jpg.rf.c1533f250c8d69dce9b5fa0828df8d86.jpg,3,5.0,0,6
Roboflow_Classifier_test_193A1781_jpg.rf.66e427897941e69646b6e41391aa904c.jpg,2,3.4,0,0
Roboflow_Classifier_test_193A1867_jpg.rf.2315a73e59d896b22999655bed1f4f8e.jpg,2,1.18,0,9
Roboflow_Classifier_test_193A1886_jpg.rf.1b2caef545dd1db5c85aa6219a254539.jpg,1,4.71,0,0
Roboflow_Classifier_test_193A1938_jpg.rf.b83ede901360aa3bb8aa835b80854d6b.jpg,2,1.2,0,9
Roboflow_Classifier_test_193A1950_jpg.rf.856e86878940b1f93cb978050453efbb.jpg,2,16.65,0,6
Roboflow_Classifier_test_193A2004_jpg.rf.9849e3760b18748f7ad14b2d4d40cb92.jpg,2,5.61,0,0
Roboflow_Classifier_test_193A2112_jpg.rf.1e32fb290c73b6b5d63a38b3493d67c3.jpg,3,6.48,0,0
Roboflow_Classifier_test_193A2143_jpg.rf.9215a18f88df96e15357f39be1862a7a.jpg,0,16.15,0,5
Roboflow_Classifier_test_193A2169_jpg.rf.bec645d54b8d2d47fa5d3f416dc1c57d.jpg,2,3.84,0,3
Roboflow_Classifier_test_193A2187_jpg.rf.5d13820074c7ffca5400035780047727.jpg,1,22.64,0,8
Roboflow_Classifier_test_193A2204_jpg.rf.0239c7a89ecdf347d9683a454c5d5d43.jpg,2,36.34,0,2
Roboflow_Classifier_test_193A2229_jpg.rf.488ec28a7cfe34d821e85a05e3379279.jpg,1,5.16,0,0
Roboflow_Classifier_test_194A20_jpg.rf.d46df79cf78632e21b5ea6573f06870b.jpg,1,2.84,0,3
Roboflow_Classifier_test_194A37_jpg.rf.be3c791c6d71a54cc04e7671753b3750.jpg,1,5.68,0,4
Roboflow_Classifier_test_194A47_jpg.rf.77156c5dd7870656fa415eff12990fff.jpg,3,25.15,0,8
Roboflow_Classifier_test_195A160_jpg.rf.a65ce4e4a53cec678713c8133c300c6e.jpg,2,2.98,0,4
Roboflow_Classifier_test_195A36_jpg.rf.0cdf914bcf73fa6ecce02cb943bc25e7.jpg,2,34.86,0,1
Roboflow_Classifier_test_195A87_jpg.rf.ca44b6a7c31dc108b3223393d3f3dd54.jpg,2,46.54,0,2
Roboflow_Classifier_test_195A89_jpg.rf.2d04ba04265aaccecaf036caf6d41509.jpg,2,1.0,0,3
Roboflow_Classifier_test_196A229_jpg.rf.81a3aea717cb1a800c924758aa559ddc.jpg,2,11.51,0,8
Roboflow_Classifier_test_196A244_jpg.rf.83acdb8f767c5ba355979874902c55b8.jpg,2,24.49,0,2
Roboflow_Classifier_test_196A71_jpg.rf.923a4a15b9b3051f0e85ff73972e407d.jpg,2,4.12,0,4
Roboflow_Classifier_test_196A78_jpg.rf.ed93030cf6b10de42ba20c0dfbe8a206.jpg,1,1.79,0,9
Roboflow_Classifier_test_196A80_jpg.rf.a8b19285c4b225109c0e767310e2be5c.jpg,2,12.63,0,7
Roboflow_Classifier_test_197A112_jpg.rf.b01193f92b4dd3fac6e3cfd9c3d8e646.jpg,2,11.08,0,2
Roboflow_Classifier_test_211A2_jpg.rf.51330b9182539fe8540e6ae81ee410dd.jpg,2,1.8,0,3
Roboflow_Classifier_test_405A2989_jpg.rf.bd47697f6c7c7a5874e7b6232da5522a.jpg,2,5.54,0,3
Roboflow_Classifier_test_405A3053_jpg.rf.f82f227e58b5bb12b611b3b6a587d7d0.jpg,3,4.07,0,4
Roboflow_Classifier_test_405A3060_jpg.rf.fad49670171c34c7c7cfe3d1b60389a0.jpg,2,9.69,0,6
Roboflow_Classifier_test_405A3065_jpg.rf.fe4de214fb02d3b8b062b0cde4aeb931.jpg,3,1.97,0,9
Roboflow_Classifier_test_72A1674_jpg.rf.e2a7155035221d32d25ac53fe4960696.jpg,2,4.46,0,3
Roboflow_Classifier_test_download-5_jpg.rf.ccb1c32697771e7bc9d04e028f2fcab3.jpg,2,24.13,0,2
Roboflow_Classifier_test_images-13_jpg.rf.33bf8852b3d8846383a53dcfff354467.jpg,0,1.51,0,9
Roboflow_Classifier_test_images_jpg.rf.45e1774039a1a1d84437b799d041804c.jpg,2,5.0,0,6
Roboflow_Classifier_test_VF214_jpg.rf.365cfb4fc382136ea1fdf4bb6ed035c8.jpg,2,5.3,0,0
Roboflow_Classifier_test_VF231_jpg.rf.e1fd9dabc4b7ff36de328391fa9d8790.jpg,2,5.0,0,6
Roboflow_Classifier_test_VF324_jpg.rf.e01818d25dfddf3c7f0b97325b601e4e.jpg,0,2.34,0,3
Roboflow_Classifier_test_VJ563_jpg.rf.de3dd91cf017b5e6d2d9fcaa02b44309.jpg,2,25.04,0,7
Roboflow_Classifier_test_VL150_jpg.rf.278d372470540ce68540220500c90ae7.jpg,2,2.75,0,4
Roboflow_Classifier_test_VL158_jpg.rf.7bfc2c0456af3acc33bc8dfc95a89d1b.jpg,0,21.35,0,1
Roboflow_Classifier_test_VP170_jpg.rf.ed7574c3526aa45e13dc65321ae258d3.jpg,2,4.42,0,4
Roboflow_StorePics_train_IMG_20221013_153130_jpg.rf.1673bf54c9283b391af2a5bc675675e4.jpg,2,10.15,0,8
Roboflow_StorePics_train_IMG_20221013_153130_jpg.rf.82ecb331d30ef7ae68e4dd89655b10c3.jpg,3,5.81,0,0
Roboflow_StorePics_train_IMG_20221013_153130_jpg.rf.ab64ce51edd31d998a9184fe7fca23c2.jpg,0,14.09,0,8
Roboflow_StorePics_train_IMG_20221013_153145_jpg.rf.7df871db5d0c3345886acc025dada673.jpg,1,66.66,0,2
Roboflow_StorePics_train_IMG_20221013_153145_jpg.rf.7fba527b45ecba58d8a94aeef4f8ff15.jpg,2,8.0,0,8
Roboflow_StorePics_train_IMG_20221013_153145_jpg.rf.a5c035313827cca535a25081b752ff3d.jpg,2,1.11,0,9
Roboflow_StorePics_train_IMG_20221013_153405_jpg.rf.86e61507c4890e155fa0e673d9d6c8d2.jpg,2,5.83,0,6
Roboflow_StorePics_train_IMG_20221013_153405_jpg.rf.d3a0e23ccb9e0b922db901cc4a6d5ac5.jpg,2,27.17,0,7
Roboflow_StorePics_train_IMG_20221013_153405_jpg.rf.e8924ae450409dc878f02960354bc0d0.jpg,2,22.52,0,5
Roboflow_StorePics_train_IMG_20221013_153407_jpg.rf.e31d09f1ba065cad171866bb7942ca28.jpg,1,1.21,0,9
Roboflow_StorePics_train_IMG_20221013_153407_jpg.rf.f096e42724e94d30387bf6eab5f38379.jpg,2,17.9,0,8
Roboflow_StorePics_train_IMG_20221013_153407_jpg.rf.f2bff4c0f21d92e1ace8ab5efe876de1.jpg,2,21.86,0,8
Roboflow_StorePics_train_IMG_20221013_153538_jpg.rf.2e1789b4103b795ef72be839db17db4c.jpg,1,29.14,0,2
Roboflow_StorePics_train_IMG_20221013_153538_jpg.rf.be78ffe51e598caefe364587f951fa54.jpg,3,10.48,0,6
Roboflow_StorePics_train_IMG_20221013_153538_jpg.rf.e316ee5a200e42b22bc022643b212ce3.jpg,2,10.55,0,8
Roboflow_StorePics_train_IMG_20221013_153545_jpg.rf.a3b5d322661ac0276820862d0ad8e3ac.jpg,2,4.03,0,3
Roboflow_StorePics_train_IMG_20221013_153545_jpg.rf.dfdaf0abdd2abd9e61c588d9ef78568e.jpg,0,4.03,0,0
Roboflow_StorePics_train_IMG_20221013_153545_jpg.rf.fd145049d70ed079a7d80bcb52687ae7.jpg,2,5.46,0,0
Roboflow_StorePics_train_IMG_20221013_153600_jpg.rf.46088b5885e4a7a129b89dc26e826b2f.jpg,0,23.67,0,2
Roboflow_StorePics_train_IMG_20221013_153600_jpg.rf.b83ac048974df1d7ab0cd0b18e61ddc9.jpg,2,2.15,0,9
Roboflow_StorePics_train_IMG_20221013_153600_jpg.rf.da4d4b09b927119442d26d95dd61a677.jpg,0,9.59,0,5
Roboflow_StorePics_train_IMG_20221013_153611_jpg.rf.0400f22a02e059b74451a04a689aee23.jpg,2,2.19,0,9
Roboflow_StorePics_train_IMG_20221013_153611_jpg.rf.097f81cca59d8f41ed133a0d77eeed5c.jpg,2,0.9,0,9
Roboflow_StorePics_train_IMG_20221013_153611_jpg.rf.7cc56d12e28ad9989b545a4e3f4f7c12.jpg,0,1.5,0,4
Roboflow_StorePics_train_IMG_20221013_153618_jpg.rf.05bc24a6ddd60236d3bbd49e3723848f.jpg,2,4.77,0,4
Roboflow_StorePics_train_IMG_20221013_153618_jpg.rf.12ad4e773bb36f3ad00b3a7e23bc157b.jpg,3,24.01,0,7
Roboflow_StorePics_train_IMG_20221013_153618_jpg.rf.e7fd0f0a15e6285b6cf20f9f9cb517e3.jpg,2,3.56,0,3
Roboflow_StorePics_train_IMG_20221013_153626_jpg.rf.15696fa478d86682b1699c1027d93798.jpg,1,26.6,0,7
Roboflow_StorePics_train_IMG_20221013_153626_jpg.rf.dfa9e0b866fe7906f53617e8fc1ba880.jpg,2,6.56,0,6
Roboflow_StorePics_train_IMG_20221013_153626_jpg.rf.f66d01fa999d0a72b40ea791434c0665.jpg,0,30.22,0,1
Roboflow_StorePics_train_IMG_20221013_153634_jpg.rf.26d782ab2745c45152a1a1bb525a387f.jpg,2,20.1,0,8
Roboflow_StorePics_train_IMG_20221013_153634_jpg.rf.2a2422fbdb36643714c9c8fae2406dcf.jpg,2,11.54,0,7
Roboflow_StorePics_train_IMG_20221013_153634_jpg.rf.ef9ecf3c8de0d33943863f0ad5ceeffd.jpg,2,1.91,0,9
Roboflow_StorePics_train_IMG_20221013_153703_jpg.rf.5bcd31707d38f9d9b552cf6168378fff.jpg,2,18.97,0,7
Roboflow_StorePics_train_IMG_20221013_153703_jpg.rf.78df1a930b11d15b32c1b18c04d80f40.jpg,2,5.0,0,5
Roboflow_StorePics_train_IMG_20221013_153703_jpg.rf.b727b627f9ca6998502aca6ad5713d93.jpg,2,23.46,0,7
Roboflow_StorePics_train_IMG_20221013_153707_jpg.rf.03a07960556a8e7d2d92dc818e85925a.jpg,2,5.0,0,6
Roboflow_StorePics_train_IMG_20221013_153707_jpg.rf.90a953be067935530262b254ce416e41.jpg,0,4.52,0,4
Roboflow_StorePics_train_IMG_20221013_153707_jpg.rf.93a80b2995d87305d6173c7526e32f15.jpg,1,1.59,0,3
Roboflow_StorePics_train_IMG_20221013_153711_jpg.rf.34e6e81092b21be16d61ab5c8e9e1b60.jpg,1,3.51,0,0
Roboflow_StorePics_train_IMG_20221013_153711_jpg.rf.98ca9ac479b36bb3c0214cb307bcc993.jpg,2,11.72,0,6
Roboflow_StorePics_train_IMG_20221013_153711_jpg.rf.f217e9242134948b68d7097c14ea64a3.jpg,1,23.1,0,1
Roboflow_StorePics_train_IMG_20221013_153734_jpg.rf.1a435dd9bbe4499eca2d63a00c6d5178.jpg,1,6.6,0,5
Roboflow_StorePics_train_IMG_20221013_153734_jpg.rf.45c5da52e8cb8cce6c97ba6c7cc2a444.jpg,0,60.98,0,2
Roboflow_StorePics_train_IMG_20221013_153734_jpg.rf.60a05ab088a3fba57626dae05cb521f8.jpg,2,14.12,0,5
Roboflow_StorePics_train_IMG_20221013_153745_jpg.rf.0575860c094c22dcf5360bd87d1c0c3f.jpg,2,3.87,0,0
Roboflow_StorePics_train_IMG_20221013_153745_jpg.rf.70a2896f98546052487d8ba37783f908.jpg,3,10.27,0,6
Roboflow_StorePics_train_IMG_20221013_153745_jpg.rf.82b768232c66ea63403dc1af84ad7641.jpg,2,39.86,0,2
Roboflow_StorePics_train_IMG_20221013_153750_jpg.rf.357bc0f393ddeea2a8878576bbd9c3b2.jpg,2,19.51,0,7
Roboflow_StorePics_train_IMG_20221013_153750_jpg.rf.b9ed0e054a78b9c5b56fb56c5c2b2cd5.jpg,0,6.66,0,0
Roboflow_StorePics_train_IMG_20221013_153750_jpg.rf.efeb1700603b0dc737a0cfc1da449d8b.jpg,0,18.31,0,8
Roboflow_StorePics_train_IMG_20221013_153758_jpg.rf.1ac8b0915e1bcdfcc596b29abef988a3.jpg,2,5.4,0,3
Roboflow_StorePics_train_IMG_20221013_153758_jpg.rf.22ad13938d71e38a9ea42af0819295bd.jpg,2,9.64,0,0
Roboflow_StorePics_train_IMG_20221013_153758_jpg.rf.65a691f22169972e5cddcf42ed4693a5.jpg,0,19.95,0,5
Roboflow_StorePics_train_IMG_20221013_153804_jpg.rf.9aa65e1c24ebeec1a0f89faaa0f0c123.jpg,3,35.94,0,1
Roboflow_StorePics_train_IMG_20221013_153804_jpg.rf.a5e535871e9eaf5266fa48b2c6c75812.jpg,1,20.29,0,8
Roboflow_StorePics_train_IMG_20221013_153804_jpg.rf.fff1f8d6a430c87e8765821586d0703d.jpg,1,8.0,0,8
Roboflow_StorePics_train_IMG_20221013_153825_jpg.rf.493ebda3d87e6db16a0cfad2015473e5.jpg,2,27.4,0,2
Roboflow_StorePics_train_IMG_20221013_153825_jpg.rf.83969560314412a02e203dc0ea53d8f8.jpg,0,27.51,0,1
Roboflow_StorePics_train_IMG_20221013_153825_jpg.rf.d478e2994743ba22a12559c045208403.jpg,2,2.67,0,3
Roboflow_StorePics_train_IMG_20221013_153925_jpg.rf.0aa2bea7425f1a20b8768855e2f828f4.jpg,3,31.45,0,2
Roboflow_StorePics_train_IMG_20221013_153925_jpg.rf.35c5a1caad5b0dc3519c09629f0eabe3.jpg,2,13.48,0,8
Roboflow_StorePics_train_IMG_20221013_153925_jpg.rf.9510ce67e3eef658c8a34b0997f624e7.jpg,3,3.72,0,3
Roboflow_StorePics_train_IMG_20221013_153933_jpg.rf.1d008492e4139286016ee899a8a0cc3b.jpg,2,5.67,0,0
Roboflow_StorePics_train_IMG_20221013_153933_jpg.rf.681158fde983aa3ff4bc38215eda1335.jpg,2,23.46,0,8
Roboflow_StorePics_train_IMG_20221013_153933_jpg.rf.83ec68e7f0b42694b6b95f581474a788.jpg,2,6.61,0,0
Roboflow_StorePics_train_IMG_20221013_153950_jpg.rf.0ebd7def6e65f38bc6916f037e334a19.jpg,2,8.1,0,0
Roboflow_StorePics_train_IMG_20221013_153950_jpg.rf.27b4276fbe059a741af4529f6dd61bda.jpg,2,29.53,0,8
Roboflow_StorePics_train_IMG_20221013_153950_jpg.rf.eacb88b3bf073fe9fc9be3abcd2be890.jpg,2,1.46,0,9
Roboflow_StorePics_train_IMG_20221013_153957_jpg.rf.7f573c6c5fe789bf56a7be6625b354e1.jpg,2,2.94,0,3
Roboflow_StorePics_train_IMG_20221013_153957_jpg.rf.865074a85e19722a414e42a4e88f28f6.jpg,3,2.51,0,4
Roboflow_StorePics_train_IMG_20221013_153957_jpg.rf.b0a2746215abbc98ecdabf10571da798.jpg,1,13.51,0,6
Roboflow_StorePics_train_IMG_20221013_154036_jpg.rf.1f0a528da74e279ef26f4a0e1e2ac421.jpg,0,13.72,0,5
Roboflow_StorePics_train_IMG_20221013_154036_jpg.rf.6fea2f0e0da2f6e9bf556fd3a90c66bc.jpg,2,5.0,0,6
Roboflow_StorePics_train_IMG_20221013_154036_jpg.rf.7dc2e979f2c44e4efcf1d3718f67f489.jpg,2,1.5,0,0
Roboflow_StorePics_train_IMG_20221013_154042_jpg.rf.19bd36fdab7a7930114464beca829734.jpg,2,42.82,0,2
Roboflow_StorePics_train_IMG_20221013_154042_jpg.rf.399f509d473ea6669d004c9431f32af8.jpg,1,1.5,0,4
Roboflow_StorePics_train_IMG_20221013_154042_jpg.rf.3e427627267c222dd77d795879068193.jpg,2,20.04,0,6
Roboflow_StorePics_train_IMG_20221013_154110_jpg.rf.1a9eda8c43be62b53192a0791bef06e5.jpg,3,12.12,0,6
Roboflow_StorePics_train_IMG_20221013_154110_jpg.rf.878a77b8d6e450cde7a80d64d89067e8.jpg,2,2.15,0,9
Roboflow_StorePics_train_IMG_20221013_154110_jpg.rf.fd6bda23cd0cbfb81085e46cbf50db55.jpg,2,0.98,0,9
Roboflow_StorePics_train_IMG_20221013_154117_jpg.rf.62155ae3016962206d29557cd2052b7f.jpg,2,4.86,0,0
Roboflow_StorePics_train_IMG_20221013_154117_jpg.rf.defe8da019db4b50dcb4630791d59d58.jpg,0,38.43,0,2
Roboflow_StorePics_train_IMG_20221013_154117_jpg.rf.f5f7d25cb4d94e69420c0cd829eadf91.jpg,1,2.54,0,3
Roboflow_StorePics_train_IMG_20221013_154234_jpg.rf.1387f5f8bcdcd52551203fa63de06009.jpg,2,6.76,0,3
Roboflow_StorePics_train_IMG_20221013_154234_jpg.rf.31187a5b805b7c85df641d3d4f4d0f1b.jpg,2,0.82,0,9
Roboflow_StorePics_train_IMG_20221013_154234_jpg.rf.c433c402f38dcebf5b5c345f424f1b08.jpg,2,40.42,0,1
Roboflow_StorePics_train_IMG_20221013_154238_jpg.rf.092f11b1d01113c2e7ddcaef7ba6ed78.jpg,0,47.42,0,2
Roboflow_StorePics_train_IMG_20221013_154238_jpg.rf.0b215241230c79ffe6be927c76917028.jpg,2,10.25,0,1
Roboflow_StorePics_train_IMG_20221013_154238_jpg.rf.478ddaa0741ba788dc57bceb87d3b4b0.jpg,2,4.7,0,4
Roboflow_StorePics_train_IMG_20221013_154244_jpg.rf.589fb2b9260cba5944355e9bd6446597.jpg,2,13.13,0,5
Roboflow_StorePics_train_IMG_20221013_154244_jpg.rf.5d2ab3456c926d404cac84f468266ff0.jpg,0,2.7,0,9
Roboflow_StorePics_train_IMG_20221013_154244_jpg.rf.d12060d0a6e3348a10849483adebb06b.jpg,2,3.65,0,4
Roboflow_StorePics_train_IMG_20221013_154249_jpg.rf.3cc62063ec2061e624cc41c1670ba44f.jpg,1,3.91,0,3
Roboflow_StorePics_train_IMG_20221013_154249_jpg.rf.7ea36f00982214d6217d0a725fb4f21a.jpg,2,32.89,0,7
Roboflow_StorePics_train_IMG_20221013_154249_jpg.rf.fc4a31cc15154f6e7a28e16f244b280e.jpg,2,34.11,0,2
Roboflow_StorePics_train_IMG_20221013_154256_jpg.rf.1206e4f1fbf2a8442a7fad1ec076e505.jpg,3,14.25,0,5
Roboflow_StorePics_train_IMG_20221013_154256_jpg.rf.27bedb03f67aa6477d82653de6932be0.jpg,2,1.43,0,9
Roboflow_StorePics_train_IMG_20221013_154256_jpg.rf.c0dc44a64be0420be309f7b76ec864b8.jpg,2,17.25,0,7
Roboflow_StorePics_train_IMG_20221013_154301_jpg.rf.69f18aa6795355722897e6b520f6a401.jpg,2,34.81,0,1
Roboflow_StorePics_train_IMG_20221013_154301_jpg.rf.70bf5304b7f4cc0694c7440aef9cf4f2.jpg,2,21.9,0,6
Roboflow_StorePics_train_IMG_20221013_154301_jpg.rf.dd526bcb3dbb9ef286bd90a57bfa2223.jpg,3,37.94,0,2
Roboflow_StorePics_train_IMG_20221013_154307_jpg.rf.4d47f15c2008bbbe1105d7c5892548df.jpg,2,24.71,0,7
Roboflow_StorePics_train_IMG_20221013_154307_jpg.rf.883ade3f90aaa5a43b23d8e023d2b4a7.jpg,1,10.0,0,7
Roboflow_StorePics_train_IMG_20221013_154307_jpg.rf.b1b715a334d7a0a4765ea5bb5c38aee0.jpg,3,12.99,0,5
Roboflow_StorePics_train_IMG_20221013_154311_jpg.rf.49677d14a15ca2d0463bfbb89ca94874.jpg,2,17.02,0,8
Roboflow_StorePics_train_IMG_20221013_154311_jpg.rf.548c14c20c594ba0f1d77f761f631e43.jpg,2,22.51,0,8
Roboflow_StorePics_train_IMG_20221013_154311_jpg.rf.86f3624203ca7072481f6876d82d18aa.jpg,2,5.71,0,0
Roboflow_StorePics_train_IMG_20221013_154320_jpg.rf.656489be09da43ddf463981e88c71298.jpg,2,4.54,0,3
Roboflow_StorePics_train_IMG_20221013_154320_jpg.rf.db72f57323336559ac9e365dac94c333.jpg,2,5.04,0,3
Roboflow_StorePics_train_IMG_20221013_154320_jpg.rf.f27b22b472a8c0ccf50e297a7927051b.jpg,2,16.33,0,8
Roboflow_StorePics_train_IMG_20221013_154338_jpg.rf.188dfadac6a9f0f4984321200c5b1233.jpg,0,24.73,0,7
Roboflow_StorePics_train_IMG_20221013_154338_jpg.rf.aa72c4f9f7968bcb4c31643506b1abff.jpg,2,5.56,0,3
Roboflow_StorePics_train_IMG_20221013_154338_jpg.rf.c6fa3ace72190b1f9711eb9d2155ba28.jpg,2,1.14,0,9
Roboflow_StorePics_train_IMG_20221013_154343_jpg.rf.34c643096be7f5b5160d8a50a28d50e6.jpg,3,25.58,0,1
Roboflow_StorePics_train_IMG_20221013_154343_jpg.rf.f0d3a3890794796b2158a2b82f43fd43.jpg,2,5.0,0,6
Roboflow_StorePics_train_IMG_20221013_154343_jpg.rf.f1db0ab559fea9cd4d73b36e225b5fb5.jpg,1,28.9,0,2
Roboflow_StorePics_train_IMG_20221013_154418_jpg.rf.24d20d3731c64b6b33cbf899944c51a8.jpg,3,5.49,0,3
Roboflow_StorePics_train_IMG_20221013_154418_jpg.rf.6f8a6466d755e1fb47fea028ae595465.jpg,2,32.2,0,1
Roboflow_StorePics_train_IMG_20221013_154418_jpg.rf.7ba6ac423d7daa9ea8b4660330d7a921.jpg,2,27.36,0,8
Roboflow_StorePics_train_IMG_20221013_154426_jpg.rf.236a8d92ac7fc54ac25a322121fa86af.jpg,1,3.55,0,0
Roboflow_StorePics_train_IMG_20221013_154426_jpg.rf.46af0daa251d8162f96beaffdbfa1780.jpg,3,5.0,0,6
Roboflow_StorePics_train_IMG_20221013_154426_jpg.rf.cef5af332232df9838535fc6e6d5ac61.jpg,1,11.04,0,5
Roboflow_StorePics_train_IMG_20221013_154438_jpg.rf.43e02f42fd9701869316c1f0caf9d2e1.jpg,2,1.62,0,9
Roboflow_StorePics_train_IMG_20221013_154438_jpg.rf.9154aaa6754c80cfc200a840bb3234f3.jpg,2,1.24,0,3
Roboflow_StorePics_train_IMG_20221013_154438_jpg.rf.d2b21bf07ad1152cc7915a2ff08374f7.jpg,2,16.55,0,6
Roboflow_StorePics_train_IMG_20221013_154503_jpg.rf.025e83c4552abebaf8faee298fb3ff5a.jpg,2,54.19,0,2
Roboflow_StorePics_train_IMG_20221013_154503_jpg.rf.717e127499b3c68d62848fc6fd80b961.jpg,1,4.07,0,4
Roboflow_StorePics_train_IMG_20221013_154503_jpg.rf.d4c15131abb2794a14752da2618b9bcd.jpg,3,1.19,0,9
Roboflow_StorePics_train_IMG_20221013_154525_jpg.rf.35f7acf991a64e78fec29f1e7b47595a.jpg,2,5.79,0,4
Roboflow_StorePics_train_IMG_20221013_154525_jpg.rf.74a91228d2c5d9df59d029aea98fbc8d.jpg,1,19.74,0,7
Roboflow_StorePics_train_IMG_20221013_154525_jpg.rf.762fa5bd64a795f6d5b16094cc89197d.jpg,1,37.36,0,2
Roboflow_StorePics_train_IMG_20221013_154530_jpg.rf.5858c7306cab71943b30a7df7fee32dc.jpg,1,17.02,0,5
Roboflow_StorePics_train_IMG_20221013_154530_jpg.rf.bbf8bc87027c44df45c47fb08f8d3233.jpg,2,12.49,0,1
Roboflow_StorePics_train_IMG_20221013_154530_jpg.rf.d1d3705f77887f2f50a274b91446eced.jpg,1,2.13,0,0
Roboflow_StorePics_train_IMG_20221013_154548_jpg.rf.41e39b51c88339c6f2f7782f7b2fd130.jpg,1,29.09,0,1
Roboflow_StorePics_train_IMG_20221013_154548_jpg.rf.db75ca36aae805c1463d33a90fa07af8.jpg,1,32.59,0,1
Roboflow_StorePics_train_IMG_20221013_154548_jpg.rf.e2b95d3c47875df4fb8afa0cd1ae1de2.jpg,1,4.66,0,0
Roboflow_StorePics_train_IMG_20221013_154601_jpg.rf.631985d6dba135e3f5305d8323f7f6e3.jpg,2,42.11,0,2
Roboflow_StorePics_train_IMG_20221013_154601_jpg.rf.76d311b0306acd6d03f33c9eb1fe1401.jpg,2,68.2,0,2
Roboflow_StorePics_train_IMG_20221013_154601_jpg.rf.83774da142fe48ba19460cd38036d9e4.jpg,2,23.77,0,7
Roboflow_StorePics_train_IMG_20221013_154623_jpg.rf.438c647585f0162e6563dd3dabf48750.jpg,3,24.0,0,8
Roboflow_StorePics_train_IMG_20221013_154623_jpg.rf.69c1b9f2da664771fe82cb53e0b4654e.jpg,3,4.48,0,4
Roboflow_StorePics_train_IMG_20221013_154623_jpg.rf.99f044339fe2fc9ab1f91dfd45547cdc.jpg,2,4.31,0,0
Roboflow_StorePics_train_IMG_20221013_154630_jpg.rf.25ef21ce9e2d314795b1f064ffcff2b5.jpg,3,1.3,0,9
Roboflow_StorePics_train_IMG_20221013_154630_jpg.rf.bdf045dcc079b578a5c4d76d2b3cc180.jpg,1,12.64,0,2
Roboflow_StorePics_train_IMG_20221013_154630_jpg.rf.c5e580b7c10115de4fd702600f4ecf6c.jpg,3,9.31,0,5
Roboflow_StorePics_train_IMG_20221013_154633_jpg.rf.63079e8c8e4b76c76a9a5323fb7ba1a0.jpg,2,1.78,0,9
Roboflow_StorePics_train_IMG_20221013_154633_jpg.rf.b3aed615de988d733e56f66709540e4f.jpg,1,5.0,0,6
Roboflow_StorePics_train_IMG_20221013_154633_jpg.rf.e95394f7710e7b0583e9a419ed1dcad1.jpg,1,1.69,0,9
Roboflow_StorePics_train_IMG_20221013_154638_jpg.rf.382a23dbe229ce2cc39d6426239bffa3.jpg,0,3.82,0,3
Roboflow_StorePics_train_IMG_20221013_154638_jpg.rf.39b9881df43e022187845b371303613e.jpg,2,7.81,0,6
Roboflow_StorePics_train_IMG_20221013_154638_jpg.rf.8e3d1cb3a73703d0c1223539163da88d.jpg,3,44.13,0,2
Roboflow_StorePics_train_IMG_20221013_154640_jpg.rf.22c18f88d67dd15497efde3f6a0e10db.jpg,1,52.25,0,2
Roboflow_StorePics_train_IMG_20221013_154640_jpg.rf.568d8149bae23f6fa020e931b3ec494f.jpg,1,3.35,0,3
Roboflow_StorePics_train_IMG_20221013_154640_jpg.rf.9af9d079f17f10e4b07b1852a7e6bccd.jpg,2,34.16,0,1
Roboflow_StorePics_train_IMG_20221013_154646_jpg.rf.3ad4ac52d56fb7e1948e81a718bfc9c5.jpg,1,13.39,0,5
Roboflow_StorePics_train_IMG_20221013_154646_jpg.rf.7b66b66f24c8e3a227717040ef0faf9b.jpg,1,3.97,0,3
Roboflow_StorePics_train_IMG_20221013_154646_jpg.rf.b5ab6438c4ed8c3d378bd88088e05381.jpg,2,9.73,0,5
Roboflow_StorePics_train_IMG_20221013_154650_jpg.rf.763b8aceae655a06e172c400268b0e95.jpg,2,1.5,0,0
Roboflow_StorePics_train_IMG_20221013_154650_jpg.rf.83fdeba6ddbbbcc05c93e0b0d145a532.jpg,1,12.3,0,5
Roboflow_StorePics_train_IMG_20221013_154650_jpg.rf.89dfa20f0988c03265ff88aefb57a078.jpg,1,4.24,0,0
Roboflow_StorePics_train_IMG_20221013_154702_jpg.rf.690b298f96f50b1b776ae9412c9e7d46.jpg,2,27.11,0,2
Roboflow_StorePics_train_IMG_20221013_154702_jpg.rf.7930271b872aef4bcec878e83bd58de8.jpg,2,14.54,0,8
Roboflow_StorePics_train_IMG_20221013_154702_jpg.rf.de71ba57e673fc7cb3f945aee02e7c14.jpg,2,4.04,0,3
Roboflow_StorePics_train_IMG_20221013_154704_jpg.rf.6ae3332cbc7cc3c3a7d1c7fbe2f003ce.jpg,3,24.58,0,7
Roboflow_StorePics_train_IMG_20221013_154704_jpg.rf.940a630f511e02d279771f29657645d1.jpg,3,6.41,0,0
Roboflow_StorePics_train_IMG_20221013_154704_jpg.rf.b4eaf433694cd6a3884f0e5728b3488d.jpg,2,3.97,0,4
Roboflow_StorePics_train_IMG_20221013_154709_jpg.rf.aa5c30a00a7937c1321dcd5610f6c2c6.jpg,1,26.53,0,7
Roboflow_StorePics_train_IMG_20221013_154709_jpg.rf.b4f678c6a0cf19fc73d1e3cd99566818.jpg,2,10.11,0,6
Roboflow_StorePics_train_IMG_20221013_154709_jpg.rf.b7d13242977529f7448ee3052ea828fd.jpg,2,11.82,0,8
Roboflow_StorePics_train_IMG_20221013_154720_jpg.rf.1b2266157580fd68f3c6622eb33c5d99.jpg,2,27.48,0,7
Roboflow_StorePics_train_IMG_20221013_154720_jpg.rf.5b125b03758995540e8a874ba21293b3.jpg,2,1.5,0,0
Roboflow_StorePics_train_IMG_20221013_154720_jpg.rf.cdb1d2e0acdd104ae9171c4eb6f1eb79.jpg,1,17.87,0,6
Roboflow_StorePics_train_IMG_20221013_154742_jpg.rf.54f12b662815af12d6086a3684a55ba4.jpg,2,1.3,0,9
Roboflow_StorePics_train_IMG_20221013_154742_jpg.rf.6411a349668cf60014f45d73f90554bc.jpg,2,12.53,0,5
Roboflow_StorePics_train_IMG_20221013_154742_jpg.rf.9fd5fedc518a7f72a39bc5cff88c7cb3.jpg,3,5.48,0,3
Roboflow_StorePics_train_IMG_20221013_154753_jpg.rf.988f657a24fb721ed7db3be54ea6785c.jpg,2,10.0,0,7
Roboflow_StorePics_train_IMG_20221013_154753_jpg.rf.9f864ad26670123446cc2e6d34a37bc4.jpg,2,18.69,0,5
Roboflow_StorePics_train_IMG_20221013_154753_jpg.rf.f0e9bb45617bdf418f5a638cc8402c88.jpg,1,11.01,0,8
Roboflow_StorePics_train_IMG_20221013_154756_jpg.rf.915066052d9c6c74e85c45e7d2e30519.jpg,1,3.57,0,3
Roboflow_StorePics_train_IMG_20221013_154756_jpg.rf.9b840ce77dbf8f72f6b93d6c29872feb.jpg,2,12.18,0,8
Roboflow_StorePics_train_IMG_20221013_154756_jpg.rf.f7cf7848c6fa0656bef2b9b2bb3abe14.jpg,2,31.92,0,2
Roboflow_StorePics_train_IMG_20221013_154758_jpg.rf.1059a6c48abc55b7e098ddfe5f7cd81b.jpg,1,19.35,0,6
Roboflow_StorePics_train_IMG_20221013_154758_jpg.rf.34d180a1d05e994e395461ac5ba4cd6b.jpg,2,3.74,0,0
Roboflow_StorePics_train_IMG_20221013_154758_jpg.rf.9ececfc92a521783d4195f2dcfae1cd2.jpg,1,10.6,0,6
Roboflow_StorePics_train_IMG_20221013_154808_jpg.rf.07cf024391778c4bd58dfeb6cea83797.jpg,2,3.7,0,4
Roboflow_StorePics_train_IMG_20221013_154808_jpg.rf.45a4d8737ba877e459416d9339382222.jpg,3,4.62,0,3
Roboflow_StorePics_train_IMG_20221013_154808_jpg.rf.a8174e37f4bed1f0dabef4b0744fba6d.jpg,1,3.67,0,0
Roboflow_StorePics_train_IMG_20221013_154819_jpg.rf.45a925c8445dc3366588d5d22403c122.jpg,2,5.0,0,6
Roboflow_StorePics_train_IMG_20221013_154819_jpg.rf.a2ce166ebf89fd98fbc031bb75000456.jpg,2,10.11,0,7
Roboflow_StorePics_train_IMG_20221013_154819_jpg.rf.eecd67d4189c910fceb1a8df49fee394.jpg,3,26.51,0,8
Roboflow_StorePics_train_IMG_20221013_154827_jpg.rf.029c24b8d3a60858b39dc250e6aee92d.jpg,3,30.84,0,1
Roboflow_StorePics_train_IMG_20221013_154827_jpg.rf.8fb4c26a1f84fc0a15d008a5ccce18c4.jpg,2,8.15,0,0
Roboflow_StorePics_train_IMG_20221013_154827_jpg.rf.f95aba05cfdfda882806a3482069ac14.jpg,2,43.14,0,2
Roboflow_StorePics_train_IMG_20221013_154833_jpg.rf.8e3f36d1557816d6a75a4237c1b52f9b.jpg,3,26.48,0,6
Roboflow_StorePics_train_IMG_20221013_154833_jpg.rf.aad8848c4ac21c951d5668d1a0932e14.jpg,1,4.22,0,0
Roboflow_StorePics_train_IMG_20221013_154833_jpg.rf.cafa47a92010beac1e5e6e9bf6b1bc54.jpg,1,29.94,0,1
Roboflow_StorePics_train_IMG_20221013_155032_jpg.rf.0215f254fee3d6b2690071c0a70226a8.jpg,3,30.31,0,2
Roboflow_StorePics_train_IMG_20221013_155032_jpg.rf.06456e6287b7114ef711a0539f4df303.jpg,2,1.75,0,0
Roboflow_StorePics_train_IMG_20221013_155032_jpg.rf.7e88ab93e55c7f61ef7648dc8f3fdf46.jpg,1,10.0,0,1
Roboflow_StorePics_train_IMG_20221013_155058_jpg.rf.3d52181200f06be95aae78ecb91a9184.jpg,2,31.42,0,2
Roboflow_StorePics_train_IMG_20221013_155058_jpg.rf.3f7740bbe66774b19e88825e34a1122f.jpg,0,26.38,0,7
Roboflow_StorePics_train_IMG_20221013_155058_jpg.rf.4bf23e9198ab5a9c93ee202632d89c27.jpg,1,3.46,0,3
Roboflow_StorePics_train_IMG_20221013_155102_jpg.rf.476e9ec6e23abb45e56f810c4c2feb03.jpg,0,18.91,0,1
Roboflow_StorePics_train_IMG_20221013_155102_jpg.rf.79d49073ea6692ef4b88034bd705cbdb.jpg,0,16.49,0,8
Roboflow_StorePics_train_IMG_20221013_155102_jpg.rf.de38ea5d87d1dbb8fb72a8f619f2ec91.jpg,2,20.02,0,8
Roboflow_StorePics_train_IMG_20221013_155106_jpg.rf.0270996bca68814b534f623860f55475.jpg,2,1.74,0,3
Roboflow_StorePics_train_IMG_20221013_155106_jpg.rf.12d1987c6d697d2a13e1ad16387e2887.jpg,2,2.22,0,9
Roboflow_StorePics_train_IMG_20221013_155106_jpg.rf.a3d6ad3e688ed3ca0fc76f81f91bb38c.jpg,2,19.39,0,8
Roboflow_StorePics_train_IMG_20221013_155111_jpg.rf.6857b84af871c4dd0f35936c29a110a3.jpg,2,30.17,0,1
Roboflow_StorePics_train_IMG_20221013_155111_jpg.rf.6b4d7c3529afb5136b459b2bbffbadea.jpg,3,4.95,0,4
Roboflow_StorePics_train_IMG_20221013_155111_jpg.rf.a47c109a4a0550118fb718600c942720.jpg,1,2.23,0,9
Roboflow_StorePics_train_IMG_20221013_155114_jpg.rf.0d3cf52f15792b10957b29cd365f5f50.jpg,2,18.07,0,7
Roboflow_StorePics_train_IMG_20221013_155114_jpg.rf.0d601e4ab8844feedd5f43551e7312dd.jpg,2,1.91,0,4
Roboflow_StorePics_train_IMG_20221013_155114_jpg.rf.9ba270b0d1fb7afd70d06d840a56a245.jpg,3,0.89,0,9
Roboflow_StorePics_train_IMG_20221013_155121_jpg.rf.0ba6a4c04ac83041068101bc6ffe1fea.jpg,3,6.35,0,3
Roboflow_StorePics_train_IMG_20221013_155121_jpg.rf.203a839c24fb64d6f63098f5f24a7e48.jpg,2,2.51,0,9
Roboflow_StorePics_train_IMG_20221013_155121_jpg.rf.cb71d34599c75f4e490186a784a305cd.jpg,2,43.35,0,2
Roboflow_StorePics_train_IMG_20221013_155144_jpg.rf.3468fab6fa2eb6ef3951061749c41913.jpg,2,14.01,0,6
Roboflow_StorePics_train_IMG_20221013_155144_jpg.rf.6c5f43595c3b9900f2dd6bcaadf40dfc.jpg,1,1.5,0,0
Roboflow_StorePics_train_IMG_20221013_155144_jpg.rf.87b637cb0fbc92da5732603069c0bd95.jpg,2,26.01,0,7
Roboflow_StorePics_train_IMG_20221013_155147_jpg.rf.2578711b0bbe8a1dcfc591dca0be8c27.jpg,2,30.85,0,2
Roboflow_StorePics_train_IMG_20221013_155147_jpg.rf.490fe43d4cc1a4f549cd1550e6badbd6.jpg,3,4.57,0,3
Roboflow_StorePics_train_IMG_20221013_155147_jpg.rf.d2db95036e23bb6405bac438ddf23f50.jpg,2,1.35,0,9
Roboflow_StorePics_train_IMG_20221013_155152_jpg.rf.24a36d814a5e14b7172b0d58607167a1.jpg,2,7.17,0,3
Roboflow_StorePics_train_IMG_20221013_155152_jpg.rf.45a2e8aba78fbb570a7ff9b2fbe9ade2.jpg,2,8.2,0,6
Roboflow_StorePics_train_IMG_20221013_155152_jpg.rf.90e9b989f69a9afc5e164c86715454bb.jpg,1,1.46,0,9
Roboflow_StorePics_train_IMG_20221013_155217_jpg.rf.18879852386b903c999c0e5b29fbc19a.jpg,1,1.07,0,9
Roboflow_StorePics_train_IMG_20221013_155217_jpg.rf.2380fe5a9438d5c6da7c4584f1394ec2.jpg,2,18.52,0,8
Roboflow_StorePics_train_IMG_20221013_155217_jpg.rf.47e9adf7b6ce5aeb8b135efde9dbc4d4.jpg,2,8.0,0,8
Roboflow_StorePics_train_IMG_20221013_155223_jpg.rf.58a900af18ff386d5c897f497bb964ac.jpg,2,1.85,0,9
Roboflow_StorePics_train_IMG_20221013_155223_jpg.rf.909ccfc692b5680bd185bf1049703de3.jpg,2,21.4,0,8
Roboflow_StorePics_train_IMG_20221013_155223_jpg.rf.fa35c34953be3eef37cdd4581343af6d.jpg,2,16.0,0,1
Roboflow_StorePics_train_IMG_20221013_155227_jpg.rf.58bbc12e8853f281407e84b4886c6e84.jpg,2,2.89,0,4
Roboflow_StorePics_train_IMG_20221013_155227_jpg.rf.b9e3f28d999b481e4428b6bd60c95ac9.jpg,2,36.77,0,2
Roboflow_StorePics_train_IMG_20221013_155227_jpg.rf.fa2b90b666fcfe93b641b1fe28370db7.jpg,2,14.19,0,5
Roboflow_StorePics_train_IMG_20221013_155233_jpg.rf.0a19f4b1d23966e5b5820dc7b2da9f55.jpg,2,1.1,0,9
Roboflow_StorePics_train_IMG_20221013_155233_jpg.rf.15a7d8430b069b4a1a1b94d840c74ada.jpg,3,19.74,0,8
Roboflow_StorePics_train_IMG_20221013_155233_jpg.rf.97cbd8612e22d07f27e643fd9ba2fa88.jpg,2,4.71,0,0
Roboflow_StorePics_train_IMG_20221013_155523_jpg.rf.0611dfef0e92e88c3c21989a511250a9.jpg,1,1.53,0,0
Roboflow_StorePics_train_IMG_20221013_155523_jpg.rf.2b9534c479fdf7af67786c71bf8a4dcf.jpg,2,1.88,0,3
Roboflow_StorePics_train_IMG_20221013_155523_jpg.rf.57fce5a67abed38c30d032e2ab7ca749.jpg,2,9.98,0,6
Roboflow_StorePics_train_IMG_20221013_155534_jpg.rf.982217f685066ea91dbf71bc1193cee9.jpg,2,4.89,0,3
Roboflow_StorePics_train_IMG_20221013_155534_jpg.rf.e8473f19c3461797e4ba4b262212aa21.jpg,1,3.92,0,3
Roboflow_StorePics_train_IMG_20221013_155534_jpg.rf.f2f5c325c84dc9163e222fc91253d872.jpg,3,35.93,0,1
Roboflow_StorePics_valid_IMG_20221013_153022_jpg.rf.cb2860d767a32d489412504465964fe1.jpg,2,30.99,0,1
Roboflow_StorePics_valid_IMG_20221013_153055_jpg.rf.cca495c33ca76e363f457ec2171060d8.jpg,0,2.32,0,0
Roboflow_StorePics_valid_IMG_20221013_153528_jpg.rf.3d44ae9fe0690360ef4b927b10e4066b.jpg,3,1.0,0,3
Roboflow_StorePics_valid_IMG_20221013_153550_jpg.rf.434c8ee45bf6443d761ba2ca33365ef1.jpg,2,14.82,0,7
Roboflow_StorePics_valid_IMG_20221013_153607_jpg.rf.34be30a37a1e1f5b2671bc5e346c64e6.jpg,0,35.37,0,1
Roboflow_StorePics_valid_IMG_20221013_153623_jpg.rf.1e827ec42a75eb03edabf3ff40c3c162.jpg,0,11.18,0,5
Roboflow_StorePics_valid_IMG_20221013_153849_jpg.rf.c973152327d3e7dae0d3e8302d16118f.jpg,2,2.35,0,4
Roboflow_StorePics_valid_IMG_20221013_154326_jpg.rf.109db8c09e6c93baaee35e5ddf99edbb.jpg,2,9.8,0,6
Roboflow_StorePics_valid_IMG_20221013_154334_jpg.rf.0694173e43226681ca21d1cad794fd5f.jpg,1,3.92,0,4
Roboflow_StorePics_valid_IMG_20221013_154435_jpg.rf.f97685e8ab6552b13b0212abe1576e9f.jpg,2,33.72,0,7
Roboflow_StorePics_valid_IMG_20221013_154441_jpg.rf.64a0852d181fca59e4638a787e24670b.jpg,2,10.07,0,8
Roboflow_StorePics_valid_IMG_20221013_154611_jpg.rf.2e4c0f4059c0c6b1d530a5f6ea83f879.jpg,2,0.96,0,9
Roboflow_StorePics_valid_IMG_20221013_154644_jpg.rf.d091bc572a6d461825982595ded90f7d.jpg,2,4.52,0,4
Roboflow_StorePics_valid_IMG_20221013_154715_jpg.rf.14d7d21cd7747868852f7a4d69ec4097.jpg,2,4.11,0,3
Roboflow_StorePics_valid_IMG_20221013_154723_jpg.rf.1ddfa2b27e5ad201d892ac1100d2e109.jpg,2,10.0,0,2
Roboflow_StorePics_valid_IMG_20221013_154731_jpg.rf.63ddf2ac39b465342476d5282268254a.jpg,2,3.31,0,4
Roboflow_StorePics_valid_IMG_20221013_154750_jpg.rf.feb422edc40a92e50d7fa3f4edf80ec0.jpg,2,22.1,0,5
Roboflow_StorePics_valid_IMG_20221013_154830_jpg.rf.fb798f149b4e756f1f265e220aa75906.jpg,1,8.0,0,8
Roboflow_StorePics_valid_IMG_20221013_155149_jpg.rf.242ad371dd419bb0910f9a6868f5bd0d.jpg,1,2.34,0,0
Roboflow_StorePics_valid_IMG_20221013_155213_jpg.rf.1584b0a263d5bbc68bba3e18001a9119.jpg,2,31.06,0,2
Roboflow_StorePics_valid_IMG_20221013_155855_jpg.rf.91dbdac3cbb0182e704cdea527fa264b.jpg,1,22.73,0,7
Roboflow_ValuableObj_train_03WI4QOA9EUK_jpg.rf.087cc3ec543517f082fa446c0dc13077.jpg,2,1.0,0,3
Roboflow_ValuableObj_train_077K4K2JBEWE_jpg.rf.517bba85f3c93103167a96860164c159.jpg,2,5.36,0,3
Roboflow_ValuableObj_train_09T1R2G1IRZ0_jpg.rf.ac2532e04f5bba77df20f1caa875124c.jpg,2,7.33,0,0
Roboflow_ValuableObj_train_0C8OYHSCWVP4_jpg.rf.5d3de360a4d5d7e365e99c76199815b3.jpg,2,3.4,0,9
Roboflow_ValuableObj_train_0HY202YHVGVV_jpg.rf.efa24a8b1f76545369845ffec9fb8fff.jpg,2,15.93,0,7
Roboflow_ValuableObj_train_0SUZCTJHT9DA_jpg.rf.b999f67405c50fdc06d7f0865acbd4cb.jpg,1,44.04,0,7
Roboflow_ValuableObj_train_0VBIH4H4UERP_jpg.rf.ca82f0163ffd55754897cd7fb8583280.jpg,1,16.93,0,5
Roboflow_ValuableObj_train_0VK2R6ZG0OVC_jpg.rf.942a1403428d3d273eefb6e51dde08b4.jpg,1,15.13,0,6
Roboflow_ValuableObj_train_0XKKD5PS77UE_jpg.rf.b838957890911c6b9e511e47ba6fb6a4.jpg,2,18.64,0,6
Roboflow_ValuableObj_train_154F0ZI90Y2R_jpg.rf.eff111519dc6f6503198210b037f2833.jpg,1,21.32,0,1
Roboflow_ValuableObj_train_15BIKTW9LRLE_jpg.rf.cfb541b63b7d2e1bf15f26f454525a52.jpg,0,22.6,0,5
Roboflow_ValuableObj_train_1KIFE52BJF2M_jpg.rf.670de38dcc1b6e4212c84facf3f3824e.jpg,3,5.0,0,6
Roboflow_ValuableObj_train_1KN3NNCZUKM9_jpg.rf.0a8b177f88ca0b5434b3216c6329de18.jpg,2,32.75,0,8
Roboflow_ValuableObj_train_1MZ0XZ1HOZ70_jpg.rf.946ae9fec6e83eb2eec081936465d102.jpg,1,6.37,0,0
Roboflow_ValuableObj_train_1P5JLEPLXZZM_jpg.rf.ba2256fe3b37e55a44d1436853655d5c.jpg,0,21.69,0,7
Roboflow_ValuableObj_train_1SQKQAXX4RE7_jpg.rf.5797266915764402426c8397e844ed60.jpg,1,4.64,0,0
Roboflow_ValuableObj_train_21IWBZI4BZEC_jpg.rf.013ed4a070ec8344112227fa8a1238aa.jpg,3,16.29,0,5
Roboflow_ValuableObj_train_2BVC25XHGRNY_jpg.rf.56a2d71f02558149155261fab9c433dd.jpg,1,12.5,0,5
Roboflow_ValuableObj_train_2CHQBE3GFGOS_jpg.rf.4623f99fdaf90da75a88459523cc2a69.jpg,1,4.74,0,4
Roboflow_ValuableObj_train_2DDDCOBDYJV4_jpg.rf.4166fae71b9ea4df3968dac7b76e7956.jpg,2,3.56,0,3
Roboflow_ValuableObj_train_2JHIRBNXUYR7_jpg.rf.4782bea993532ead03d6b1edbfb8e6f9.jpg,0,1.56,0,9
Roboflow_ValuableObj_train_2JL7HZTOQKYV_jpg.rf.97a80af4f36fbac401dd432a3adeca54.jpg,2,12.42,0,5
Roboflow_ValuableObj_train_2LF86H49LZEK_jpg.rf.a5a3b1d17801eae1c89abe9e8b3e24cc.jpg,2,21.56,0,2
Roboflow_ValuableObj_train_2W9LE732P2LD_jpg.rf.00370b54269567f4d0be3b832bcb6b2a.jpg,2,5.0,0,6
Roboflow_ValuableObj_train_2WGZHVH8O1V3_jpg.rf.7372eeeeea0b8775287357736ab55fda.jpg,0,1.5,0,4
Roboflow_ValuableObj_train_2YRWS5S7U0W0_jpg.rf.6d6bfd71997680c7942e49baaea77562.jpg,3,9.59,0,8
Roboflow_ValuableObj_train_33JGEPP91FKE_jpg.rf.b93a621a577a92f24ebc6b5676e26646.jpg,1,20.18,0,6
Roboflow_ValuableObj_train_33K0A64XMLOE_jpg.rf.87cbd098759d09f025298a9a48bb7c29.jpg,2,18.5,0,5
Roboflow_ValuableObj_train_38K6GYXUXK29_jpg.rf.9dcf2585508c88763da6a8ed0a786308.jpg,3,51.42,0,2
Roboflow_ValuableObj_train_3R2NGCF8FC8V_jpg.rf.884c88831aab9dddb2284376679268c4.jpg,1,1.9,0,9
Roboflow_ValuableObj_train_3TD2JVMZX8FZ_jpg.rf.f9cb4fea2bbecf1a5a9b4104e7d83b6b.jpg,1,19.24,0,7
Roboflow_ValuableObj_train_3Y9A17V1NMUQ_jpg.rf.4af7d4cbf57868dd897260804e5d2a68.jpg,2,3.58,0,3
Roboflow_ValuableObj_train_43DOTJXD75JE_jpg.rf.20e68a2764c83c0b1912e5677b41487a.jpg,1,10.39,0,5
Roboflow_ValuableObj_train_46NWRDMSIN2O_jpg.rf.e302ad0946f8bd5a18dcb3a444ccdb71.jpg,2,17.77,0,6
Roboflow_ValuableObj_train_47CAM4QJOXBJ_jpg.rf.694916c19d9d333f6a4b9415446e33c8.jpg,2,16.17,0,6
Roboflow_ValuableObj_train_4B38GMW6UUV8_jpg.rf.1870d34f6d46c6d7e73e117fcb6e1a07.jpg,2,12.8,0,1
Roboflow_ValuableObj_train_4D47UJ8HEUHZ_jpg.rf.9e238a91d3f72b1a2ad3f0b03d1a35d0.jpg,3,5.85,0,4
Roboflow_ValuableObj_train_4J7TQ6OA8KPH_jpg.rf.3f6d8b484304fa1d820a764e8f065acd.jpg,2,18.08,0,8
Roboflow_ValuableObj_train_4K74L13CJ6LF_jpg.rf.a7c95b5905643852fe77e463e6290458.jpg,2,2.7,0,4
Roboflow_ValuableObj_train_4LFMGTFGNSHB_jpg.rf.dd0caa2392e37cf6dbbf38121b5707e5.jpg,3,24.53,0,1
Roboflow_ValuableObj_train_4RLVOJI319AX_jpg.rf.d4894a2963c10565f716a1f252f7754d.jpg,0,5.48,0,3
Roboflow_ValuableObj_train_4V5CB01ALGLG_jpg.rf.805eb4d87e9b1b1b04380ffad5baf61a.jpg,2,1.06,0,9
Roboflow_ValuableObj_train_4Y6ZD9C8S0GD_jpg.rf.43140f4065dcc19f6b2508e588ae282e.jpg,1,10.0,0,7
Roboflow_ValuableObj_train_50079ABYVKED_jpg.rf.4ac83b8d8063f9df6d08c9c211d2c666.jpg,2,1.18,0,9
Roboflow_ValuableObj_train_51W6O3XH8PTC_jpg.rf.481c6375d5300296b6e75967a7cebd77.jpg,2,1.31,0,9
Roboflow_ValuableObj_train_53WY8QXI5ULW_jpg.rf.dc53bc183f8cdcd7f6449065cdff689e.jpg,1,1.42,0,9
Roboflow_ValuableObj_train_545EKCT56U9P_jpg.rf.4b9ae11460ad52404c299ca8337b11f8.jpg,1,20.65,0,8
Roboflow_ValuableObj_train_55CE36NV1A66_jpg.rf.20394efa13d5de7432064db07789c39d.jpg,2,18.54,0,1
Roboflow_ValuableObj_train_55JTBANU5HO4_jpg.rf.04ea9e3108f0fbf6bd0038815419f801.jpg,2,1.88,0,0
Roboflow_ValuableObj_train_57YSC3KG9625_jpg.rf.ec004180055327acb086183b15408451.jpg,2,25.19,0,8
Roboflow_ValuableObj_train_58XQDU0Y9335_jpg.rf.2b470fe84fdbff2bc5193be99e845827.jpg,1,1.69,0,9
Roboflow_ValuableObj_train_599DAIPL3A64_jpg.rf.5316887cd276bb3450068b8b0d169c04.jpg,3,3.24,0,4
Roboflow_ValuableObj_train_5CNFIIXUTY2K_jpg.rf.3395ca7674fe496727554b215df1f114.jpg,0,16.29,0,8
Roboflow_ValuableObj_train_5GNWOHTQS771_jpg.rf.58f33bf25162e9d220c3b5dd028a2c47.jpg,2,21.26,0,7
Roboflow_ValuableObj_train_5J7UTHWI5OQS_jpg.rf.46bead76f19853cbc4125d2366d793b6.jpg,1,23.79,0,7
Roboflow_ValuableObj_train_5JB47ZDA3SS0_jpg.rf.4fcec7bc2de984bd8f274169cdf9e9db.jpg,2,0.65,0,9
Roboflow_ValuableObj_train_5N3SEXCWVGVB_jpg.rf.9ddb695f42267b9d8e69a7ca5ab4d894.jpg,0,4.87,0,0
Roboflow_ValuableObj_train_5SD7OA9SW2AY_jpg.rf.b1c493fd6c5ec144bc6f4ad51dcc8c77.jpg,2,4.12,0,4
Roboflow_ValuableObj_train_5TC59HQH6UW9_jpg.rf.8b5e5b5b635ed16f23879300d5af571f.jpg,2,12.53,0,8
Roboflow_ValuableObj_train_617CIVUG5Y7T_jpg.rf.355f070fffad0887cd190039b373fb75.jpg,1,27.16,0,1
Roboflow_ValuableObj_train_64GIYLD799J0_jpg.rf.32125e44bec8460f89a67b3a1cdadb1b.jpg,1,18.15,0,1
Roboflow_ValuableObj_train_66Z6Q4HVXVIP_jpg.rf.cb444f385cebe97080babd2c4d5476ea.jpg,1,3.43,0,3
Roboflow_ValuableObj_train_6DZBJKZL4MII_jpg.rf.bee91af1bb1315c5e6011cec149bc0fa.jpg,2,1.95,0,9
Roboflow_ValuableObj_train_6HKBF8SW8E9C_jpg.rf.ca7b1fe9c7fcd5c62089b23bca6ef536.jpg,0,1.76,0,9
Roboflow_ValuableObj_train_6IRGQLMBGG9M_jpg.rf.b2ae4be50e90efef24ddf7495d16bbb7.jpg,0,42.02,0,1
Roboflow_ValuableObj_train_71231J53MMUD_jpg.rf.e1de3fb015ef9cb64e53c2344d99ae2d.jpg,3,2.62,0,3
Roboflow_ValuableObj_train_7J37UE2RM37Z_jpg.rf.15dc40417f516eb66a01c47c86860982.jpg,2,21.2,0,7
Roboflow_ValuableObj_train_7UCK2SJYQSN5_jpg.rf.647d28bb0dc856b4c62c177a3d9e04a1.jpg,3,10.07,0,5
Roboflow_ValuableObj_train_827B20NKET39_jpg.rf.44ea4e901899d002d17e662ebdaf029a.jpg,1,3.01,0,4
Roboflow_ValuableObj_train_87JYZJ9WVFDB_jpg.rf.b90e1b32d0e34cbc83b143014c696511.jpg,2,13.31,0,6
Roboflow_ValuableObj_train_87Q6DHAYVGNY_jpg.rf.51b51f849e4a55a6f112e30ff7169e4a.jpg,2,5.0,0,6
Roboflow_ValuableObj_train_89LD2BZEBX6Q_jpg.rf.ab6d096bfb9839142c320015cfc1d965.jpg,2,2.33,0,3
Roboflow_ValuableObj_train_8DL47EFK7XAQ_jpg.rf.978b3a90b161f0a2a3ec5536aa4a020c.jpg,1,5.0,0,6
Roboflow_ValuableObj_train_8DRF55QRJ9Q9_jpg.rf.3d00da22f4ce3390fb1d21239666223d.jpg,2,5.99,0,6
Roboflow_ValuableObj_train_8EE52G0HH5PA_jpg.rf.2c811b0c0921cdbc4bb436d1ba3c8cc9.jpg,2,1.5,0,0
Roboflow_ValuableObj_train_8ERW1F73EFV5_jpg.rf.0c2579eaf7ef546791d1b46560fed387.jpg,1,9.6,0,5
Roboflow_ValuableObj_train_8IMTU04CT7LM_jpg.rf.bb7f2985f5c2e1bd2371cf2525dfd1d9.jpg,2,28.07,0,7
Roboflow_ValuableObj_train_8OIWBS1TBN68_jpg.rf.a40061b008cf040f8530caee6bc9adfe.jpg,2,21.06,0,1
Roboflow_ValuableObj_train_8PRNF4OSMZ2S_jpg.rf.671a749779e1d31150488e2e3b37b247.jpg,2,4.11,0,4
Roboflow_ValuableObj_train_92XG9XMRDY5Q_jpg.rf.7c37b239f4b6777a0e453d47b537de21.jpg,2,13.98,0,6
Roboflow_ValuableObj_train_9EUZ28EH7I4D_jpg.rf.d2956dd65d68451dbf11301cc57ea8eb.jpg,2,5.0,0,5
Roboflow_ValuableObj_train_9J4WQHTU4MFO_jpg.rf.c38d51024de7fa1dfe83ae313161f3b2.jpg,1,11.23,0,6
Roboflow_ValuableObj_train_9KQ0TBCJQOB2_jpg.rf.2dab1bb04a1e9ca32f1294ac0848d3ba.jpg,1,1.37,0,9
Roboflow_ValuableObj_train_9LOL5CHV1UPP_jpg.rf.bd4bf572b8c58513c5f39789cc3c0aa3.jpg,2,25.3,0,7
Roboflow_ValuableObj_train_9QPU8VYSMK29_jpg.rf.32c9f8393f266a0ac4d2cbff5c823481.jpg,0,23.35,0,7
Roboflow_ValuableObj_train_9WO6XQY09HFN_jpg.rf.bf5b71e02f92681a94a6390a38b5c19d.jpg,1,19.27,0,8
Roboflow_ValuableObj_train_9ZX563LRG3T6_jpg.rf.1dc91aefeaa65e87de105f8795bd1b75.jpg,2,20.43,0,5
Roboflow_ValuableObj_train_A26BIM89YQCH_jpg.rf.c743f4f3d14e592b040ffc1043d569cb.jpg,2,5.39,0,4
Roboflow_ValuableObj_train_A7DKU1IYQNDN_jpg.rf.70e400ea2f1a09bdb72acc900cb08b19.jpg,2,28.02,0,2
Roboflow_ValuableObj_train_ABLVNDSFP6UN_jpg.rf.78bd0550da1f362271d0f09823b67a22.jpg,3,34.42,0,2
Roboflow_ValuableObj_train_ABMU8FJ5B0BA_jpg.rf.322f2fdbc9830eccb6d8e5c14e51cebc.jpg,1,10.75,0,5
Roboflow_ValuableObj_train_AC7FCQLS13O0_jpg.rf.eb1d17c77ce72c9da879f4dce35d6ce8.jpg,1,15.43,0,5
Roboflow_ValuableObj_train_ACXISNDUW3ZA_jpg.rf.8a9e72b421c720886283749d00bbb173.jpg,3,4.35,0,0
Roboflow_ValuableObj_train_AEO59RNMVR61_jpg.rf.3e56ff6da85ddd3d7bd3d289cbd0db64.jpg,2,2.8,0,3
Roboflow_ValuableObj_train_AJAVA6GTR0JB_jpg.rf.05054cfdfe818371e1a40728649a0c1a.jpg,2,1.58,0,9
Roboflow_ValuableObj_train_AKHW4WUMMF14_jpg.rf.8cff7eaa4950b660df9e1396873ae52d.jpg,2,32.73,0,1
Roboflow_ValuableObj_train_AKQ61AJ8UMRB_jpg.rf.d5bad9fafcf6248da359e15dcaef53fa.jpg,0,20.72,0,8
Roboflow_ValuableObj_train_AL5LD74IM0MV_jpg.rf.7ec073e49d05efdd4b522990f07e396e.jpg,3,7.29,0,3
Roboflow_ValuableObj_train_AT7UEIBJFXQH_jpg.rf.1f1d0ee25f402774cf5a4199c1566ecb.jpg,0,1.17,0,9
Roboflow_ValuableObj_train_B0GRMA7K4OLT_jpg.rf.06eb3366a640af1e51441b9dbb187f4b.jpg,2,1.64,0,9
Roboflow_ValuableObj_train_B5W664DRUSDN_jpg.rf.50a524c79e06567033d79df5ca972db7.jpg,2,25.47,0,7
Roboflow_ValuableObj_train_B95EY07UPC0F_jpg.rf.035e3a1002ab14124d1b5c7d1c489750.jpg,2,10.0,0,7
Roboflow_ValuableObj_train_BEO8V1UY8JAY_jpg.rf.e302f9a82e3e76031ebba0f0fdb5215e.jpg,2,17.34,0,5
Roboflow_ValuableObj_train_BGA7RLHIV2N1_jpg.rf.c8e65f3a3f20a813eb0a698828091294.jpg,2,10.78,0,2
Roboflow_ValuableObj_train_BL3OA9M8836P_jpg.rf.ecbeb042eaee3db926005a5305cb7985.jpg,2,36.6,0,1
Roboflow_ValuableObj_train_BNWP3PWGZAY5_jpg.rf.d1a0d78fe86ad15ed9f1c8fe895f0c80.jpg,3,35.11,0,1
Roboflow_ValuableObj_train_BNYWFGORBK5P_jpg.rf.37844f4ccb81ff166eade6a8421c881f.jpg,1,1.76,0,9
Roboflow_ValuableObj_train_BV47SFUVZEAL_jpg.rf.2fde053eac07f627a623b1f0e0058438.jpg,0,1.5,0,0
Roboflow_ValuableObj_train_BX7KRSN61T2O_jpg.rf.be49794aba95c19b55c341bc0eef1be7.jpg,2,5.49,0,3
Roboflow_ValuableObj_train_BXR0MNLVFR9I_jpg.rf.b29aaecdca8671579a8fbbd1173536c6.jpg,1,20.84,0,7
Roboflow_ValuableObj_train_BZPDSX7HBW47_jpg.rf.360075e6c0f7aa847b5a39f54a92a2aa.jpg,2,12.39,0,1
Roboflow_ValuableObj_train_C7MBRJNOFTTK_jpg.rf.0911c34a9ac15b700810e6a947a5f59e.jpg,1,15.37,0,5
Roboflow_ValuableObj_train_CDO8I1VZHH2I_jpg.rf.050c95c48d48840f7dccdf3ff3fa0664.jpg,2,1.98,0,9
Roboflow_ValuableObj_train_CKDM3D1592G6_jpg.rf.3de2c4071ec5f975a06a598c9487e3b8.jpg,0,12.43,0,5
Roboflow_ValuableObj_train_CLM8G3BB6NRD_jpg.rf.0e9caffcab2f40225462ece594b511b3.jpg,1,9.22,0,6
Roboflow_ValuableObj_train_CPDJUIW287TO_jpg.rf.b7e8729aece916bfaa88c7527a6f4cdc.jpg,2,3.39,0,3
Roboflow_ValuableObj_train_CSHAGDX4CVCV_jpg.rf.16608e6d1b04d83d67dceb44f50bdbcb.jpg,2,5.06,0,4
Roboflow_ValuableObj_train_CTI8206Q565C_jpg.rf.fa66948f9ab40d63d5c664a05a0f468d.jpg,2,24.48,0,6
Roboflow_ValuableObj_train_D2C8KKORKPZ6_jpg.rf.98742221f0253f4c531fc6814b193714.jpg,2,0.93,0,9
Roboflow_ValuableObj_train_D5HHT3NS109E_jpg.rf.7f3d337e608d159521fe05abffc6d80e.jpg,2,13.37,0,6
Roboflow_ValuableObj_train_DA0MGVUB0YDL_jpg.rf.0457f719fb240953eecf66808a2fd438.jpg,2,19.24,0,5
Roboflow_ValuableObj_train_DALA8MOA17B4_jpg.rf.2ee7d8d0a95e90f6410bce613e1c6c52.jpg,0,28.58,0,2
Roboflow_ValuableObj_train_DH1JN46NFUGN_jpg.rf.a0358e76bbdea5c400a9b0707ba1b097.jpg,2,1.64,0,9
Roboflow_ValuableObj_train_DIUJJQ2O6DL7_jpg.rf.8c9908747dfe5331460faaa54108f4b7.jpg,2,10.72,0,6
Roboflow_ValuableObj_train_DNM3FG0ZDRWK_jpg.rf.2252672325ed8e20ee012c3d2fa9e0c9.jpg,1,22.24,0,8
Roboflow_ValuableObj_train_DRB65CCNAYW1_jpg.rf.e51ff5188ab3c4f9fb0b68543b2b4931.jpg,2,7.18,0,3
Roboflow_ValuableObj_train_DU0S4WQTT1N3_jpg.rf.c775304bac3c9fdd9ec607fa71935894.jpg,2,1.23,0,9
Roboflow_ValuableObj_train_DYCMNMOH4VKI_jpg.rf.25844dfed5800ac7ba08602a2c093823.jpg,2,27.98,0,2
Roboflow_ValuableObj_train_DZ1XYVV2FJVC_jpg.rf.32723cddf34426518d25c4e68bc44c46.jpg,2,15.59,0,7
Roboflow_ValuableObj_train_E0GKXU21NVHK_jpg.rf.a6a9fa17ddd36d915de8860d7d4310e5.jpg,3,0.75,0,9
Roboflow_ValuableObj_train_E28SAXYQ7HY8_jpg.rf.b6dfd72499e56f139727d95a044f2d44.jpg,2,41.98,0,2
Roboflow_ValuableObj_train_E6OW3GW19GPC_jpg.rf.136ff69cf3260c52a497dec5349429f4.jpg,2,3.98,0,4
Roboflow_ValuableObj_train_E7V9SJP9ZZMD_jpg.rf.8ec4daa048aee04c7149f1bdea85d384.jpg,2,5.24,0,3
Roboflow_ValuableObj_train_E9TXFN8ZKWNK_jpg.rf.da08746a00c120d739a9129fbb632923.jpg,2,4.01,0,0
Roboflow_ValuableObj_train_EHSMA0BUU6XU_jpg.rf.ded3d13577e71d257b0239b6538bd254.jpg,1,2.08,0,4
Roboflow_ValuableObj_train_EJ2T804P9UHN_jpg.rf.1e1bfdcba69f2e4382c6817342386127.jpg,2,10.05,0,8
Roboflow_ValuableObj_train_EJSYRPEBFVN7_jpg.rf.28b0e322b55911019f3e2bf6313ee517.jpg,1,24.36,0,7
Roboflow_ValuableObj_train_ENXWOGDGOER1_jpg.rf.4f4f4b8dc34adadf17755511c39275a2.jpg,2,19.26,0,5
Roboflow_ValuableObj_train_EP2HK9CXBMYG_jpg.rf.0fe978a1e8deec178e170fbdc702db58.jpg,0,4.2,0,4
Roboflow_ValuableObj_train_EQGE89GXOCNF_jpg.rf.339c5e3ab1f9d171aad3ceefe68592bb.jpg,3,4.74,0,4
Roboflow_ValuableObj_train_EUETWO4ZFI1P_jpg.rf.16b1dbf428e5f7ff35ef37c068a735b6.jpg,0,2.13,0,9
Roboflow_ValuableObj_train_EYP4OXSOWEUU_jpg.rf.7293763c6c7237b2b641a3211436d4ca.jpg,2,5.39,0,0
Roboflow_ValuableObj_train_F1GQ0BBQFSZ0_jpg.rf.cfe12ac6b9b03115e7b8d25e6c7bb8f1.jpg,3,6.57,0,0
Roboflow_ValuableObj_train_F3XWRKIP7UN5_jpg.rf.fdbf7ade537e6472eafbbfc068d7947f.jpg,2,5.0,0,6
Roboflow_ValuableObj_train_F41UL7C5Q9HI_jpg.rf.efa450834fc947dd8a3a04a3a4e7c7f7.jpg,2,6.38,0,6
Roboflow_ValuableObj_train_F7SRO4PJF7I9_jpg.rf.4a38b5168d852fae752d533598a39b55.jpg,0,30.57,0,7
Roboflow_ValuableObj_train_FA1Y55LWW8LF_jpg.rf.de1afd0429bdcdfbb95d395411ef881c.jpg,2,3.78,0,3
Roboflow_ValuableObj_train_FA4JJ4V7I1S2_jpg.rf.3413b47879493dd784e388c5b44dff43.jpg,2,17.67,0,5
Roboflow_ValuableObj_train_FM066DUA82FM_jpg.rf.c1969f372838d361628ac670d3b62e0b.jpg,1,12.55,0,2
Roboflow_ValuableObj_train_FSQG7Z1CR7G8_jpg.rf.d2d0bc7af0ad219f96e710b87feea2ee.jpg,2,0.61,0,9
Roboflow_ValuableObj_train_FW6KF480DLMZ_jpg.rf.97ac69efcbac5bb0a501fc48b04b625b.jpg,2,13.21,0,1
Roboflow_ValuableObj_train_G4HFDZYF0A4O_jpg.rf.ca32da75b00e032d19c55da225235741.jpg,2,5.28,0,0
Roboflow_ValuableObj_train_G4K1MQOBOYAK_jpg.rf.f814e38f64885b90585952b9060b07a4.jpg,1,21.39,0,6
Roboflow_ValuableObj_train_G7U1AA4U9AKY_jpg.rf.9a331f67e328be8da57a7853bc110e63.jpg,2,1.59,0,3
Roboflow_ValuableObj_train_G894DCNFJMQ9_jpg.rf.68945579da5f9517dd9bd0679150de85.jpg,2,32.0,0,7
Roboflow_ValuableObj_train_G8HK9LWXWBLX_jpg.rf.3b9bed462ad1a91fe71388dd5bc592d5.jpg,1,9.86,0,5
Roboflow_ValuableObj_train_GLOL0VZ8T0VV_jpg.rf.90ed8a23acbbff667d60230ceadafc7a.jpg,2,1.56,0,9
Roboflow_ValuableObj_train_GOKMBZXGB37U_jpg.rf.c0c0770f7bd196c72d1bce5267d7ac73.jpg,0,20.87,0,1
Roboflow_ValuableObj_train_GQ4T48K26JJV_jpg.rf.e529459da0189c37cd0c7154b162683d.jpg,2,10.67,0,1
Roboflow_ValuableObj_train_GVHVI7I4JMTE_jpg.rf.e7237d4a94d2de14466f3fac4c8d1b69.jpg,1,25.5,0,1
Roboflow_ValuableObj_train_H05Q4AB2T91S_jpg.rf.04ffbe2012f08d7a25fcb22e14106f0a.jpg,2,26.06,0,5
Roboflow_ValuableObj_train_H0NMNZ2BTT52_jpg.rf.27781ae5ed890f33943f2dcbf592dfa8.jpg,2,39.37,0,2
Roboflow_ValuableObj_train_H7I8N2HC6P90_jpg.rf.ea313064403e0927635c2aa2a67c20b1.jpg,2,4.19,0,4
Roboflow_ValuableObj_train_H91CYQHY2LV9_jpg.rf.68432b422f3117bf0c7b8947bf41a213.jpg,1,11.25,0,6
Roboflow_ValuableObj_train_HEDQUMY3SX2A_jpg.rf.9ad9d671c2ec933624e254aadba09539.jpg,2,0.5,0,9
Roboflow_ValuableObj_train_HIYKRD75YUKY_jpg.rf.1e1fd28ed83a1d7ec22ac750358ed182.jpg,1,18.92,0,5
Roboflow_ValuableObj_train_HJ2H6POG0CEO_jpg.rf.1b628fa453bd9b489b980a26b3cc095b.jpg,2,17.44,0,8
Roboflow_ValuableObj_train_HM11XH02R6GR_jpg.rf.229ce2b52509ab3ab91d390c1eab5368.jpg,1,5.0,0,6
Roboflow_ValuableObj_train_HS0CSZF6AXKQ_jpg.rf.8859cf78d31e9d67ad8d1ccc320be513.jpg,1,1.98,0,9
Roboflow_ValuableObj_train_HTWM2LW3L05P_jpg.rf.1ab1fffbedf4277aa54c7b5696092056.jpg,3,43.89,0,2
Roboflow_ValuableObj_train_HUNO0OCDOCMV_jpg.rf.91bc861efea23b5c612c8c07f02bd187.jpg,2,1.72,0,9
Roboflow_ValuableObj_train_HZ0B0IJB4FKD_jpg.rf.8cff9a129ff476ab02ef06b2e1a6cf19.jpg,2,14.9,0,5
Roboflow_ValuableObj_train_IBZE2L9Y4YVH_jpg.rf.9c344326d13f715e70307e02009d52ad.jpg,2,7.31,0,0
Roboflow_ValuableObj_train_ITA85BGBJPEB_jpg.rf.25642744db8f01ca8ae4e1072b15ebb3.jpg,1,3.43,0,4
Roboflow_ValuableObj_train_IWRYJ79YYEUH_jpg.rf.ec57fb2191fff7334e1f5ca1955ddb0e.jpg,2,1.08,0,9
Roboflow_ValuableObj_train_IZ3P9WWEEY5I_jpg.rf.142e87b25820258e9b4d3350a5f5f334.jpg,1,40.01,0,2
Roboflow_ValuableObj_train_J02NP6V3IICM_jpg.rf.7c46dc08e6678359bf82109b53aa9c8a.jpg,1,1.17,0,9
Roboflow_ValuableObj_train_J4XLD0EL5LRK_jpg.rf.2576bedbaa66ec2f48e25936025d6a3d.jpg,2,1.68,0,9
Roboflow_ValuableObj_train_J5AV8BMHDL1Y_jpg.rf.c3c0b659a722937c1ec3293b876db596.jpg,3,11.64,0,5
Roboflow_ValuableObj_train_JA479G46R5PB_jpg.rf.e8cd4b4dd4b744c18faea19ca614fef1.jpg,3,2.29,0,0
Roboflow_ValuableObj_train_JDOY7NLI8DK6_jpg.rf.b76374679da2aadffa650437f3bb7016.jpg,1,4.3,0,4
Roboflow_ValuableObj_train_JFFYFYN7NMRA_jpg.rf.9365ee4849a39aaacdbd1c56b2db9351.jpg,0,34.81,0,1
Roboflow_ValuableObj_train_JK4BOVGIMG6E_jpg.rf.eed1ae54a1e484e5f48d86a510877f3a.jpg,2,32.99,0,2
Roboflow_ValuableObj_train_JVM6J1K7R9Z1_jpg.rf.a49ec8ce9a3a741a0959b63a80ae922a.jpg,1,30.71,0,1
Roboflow_ValuableObj_train_JZ06GMA00ANY_jpg.rf.4189fc0af4ce761dc93a01fddc7f6333.jpg,3,6.26,0,0
Roboflow_ValuableObj_train_K199ABG4XIXR_jpg.rf.25a9b7eb4809d3788736135aa9dad19c.jpg,2,8.79,0,5
Roboflow_ValuableObj_train_K2YR5SDYK199_jpg.rf.78f2e5c489a59ac12326a869953111e5.jpg,3,8.69,0,0
Roboflow_ValuableObj_train_K7K2SD0YMKG6_jpg.rf.f2b3ff23cea65a162dabe8512f6bfd7c.jpg,2,25.11,0,7
Roboflow_ValuableObj_train_K7NHKIL2A03N_jpg.rf.0c7ffd31601de45e32ecad2c964a8ad7.jpg,2,32.01,0,7
Roboflow_ValuableObj_train_KBF25GPLCK4Q_jpg.rf.a8e349f5939359e2612952149c8789d5.jpg,0,35.72,0,7
Roboflow_ValuableObj_train_KGXHPHZ343KB_jpg.rf.91d1a7a083c555f9eaefa54937c5537e.jpg,0,20.67,0,7
Roboflow_ValuableObj_train_KHSMDNFPUSSK_jpg.rf.55e5a365d5958721102e6ace751df0de.jpg,2,2.5,0,9
Roboflow_ValuableObj_train_KOV1N71KM4IS_jpg.rf.42d37c9f6763e5bae61c6668ef5378d4.jpg,2,32.64,0,2
Roboflow_ValuableObj_train_L7F1FOHURJTP_jpg.rf.5eac261f648e1bae09840689c7781072.jpg,2,21.8,0,8
Roboflow_ValuableObj_train_L8COZ0KASW3Q_jpg.rf.afdad8302f33e14ae8736f1af11c80f3.jpg,1,54.63,0,2
Roboflow_ValuableObj_train_L8E89E9P8R91_jpg.rf.7a0e3333ae86cdbb05148eaf4f2c45b9.jpg,2,10.0,0,7
Roboflow_ValuableObj_train_LJRU2B4S0L4R_jpg.rf.635a888e67df4d6bce855273517a1192.jpg,2,18.48,0,1
Roboflow_ValuableObj_train_LSDSCHBWFOIM_jpg.rf.817eef8950d9ff120d901e80a9b1c06d.jpg,2,9.64,0,5
Roboflow_ValuableObj_train_M02Z38TKK4NH_jpg.rf.296c2dab3f73cfba2ef52fa5107aa541.jpg,1,36.02,0,2
Roboflow_ValuableObj_train_M48MV8ZHE5EF_jpg.rf.2c3b3ecaca7736d3b397990c9e8a9ef9.jpg,2,24.56,0,7
Roboflow_ValuableObj_train_M6I5E1Z0Q5OI_jpg.rf.87786726be5c6c5c1b12c264ccbb89d4.jpg,1,6.77,0,6
Roboflow_ValuableObj_train_M7825GDD37Q9_jpg.rf.39f7f97d281aafd7ee48dddf7e28af56.jpg,3,8.0,0,8
Roboflow_ValuableObj_train_M87HB7K0C040_jpg.rf.fdcbbe65d51db99d6df4ac0438c05ed1.jpg,0,4.67,0,3
Roboflow_ValuableObj_train_MB4OQ2OC6SKK_jpg.rf.7b1e6b54a8e44c8a5ce552542686eab9.jpg,2,1.78,0,4
Roboflow_ValuableObj_train_MIN6E46PMR5V_jpg.rf.fccc32a34d4bd9e2821db1a3045eb8d5.jpg,1,23.65,0,7
Roboflow_ValuableObj_train_MJCWI7U02J92_jpg.rf.7f34123f0ecec0c8b0448b240853ecd7.jpg,2,37.62,0,2
Roboflow_ValuableObj_train_MOH82UOZO1GQ_jpg.rf.63a6ea99fca50b5b38371eece93834ef.jpg,2,18.11,0,1
Roboflow_ValuableObj_train_MOK46RGEU6A4_jpg.rf.79666e68e239e5dec8ebee42efb9c2e9.jpg,2,1.18,0,9
Roboflow_ValuableObj_train_N1GE6ZX8M49A_jpg.rf.7fde4256227f769af763da9d8db99630.jpg,2,4.72,0,4
Roboflow_ValuableObj_train_N76W91HTMH3G_jpg.rf.a4785ac31aaa483dfdfb84c8bb320b06.jpg,3,11.95,0,6
Roboflow_ValuableObj_train_N945GD73F8LY_jpg.rf.64f5f538f6148732129b84476e07f59b.jpg,1,17.75,0,8
Roboflow_ValuableObj_train_NBI7HR11VQTJ_jpg.rf.fd4ee9570575657fd527106625af0e4f.jpg,2,22.14,0,7
Roboflow_ValuableObj_train_NGQ4KIQLUGXE_jpg.rf.fdf19c92b32b625e361fb8a807f72f2e.jpg,1,29.6,0,1
Roboflow_ValuableObj_train_NLOK0M86ZH0A_jpg.rf.a425d36606e588e0b7d52992ac6d1c32.jpg,2,16.27,0,6
Roboflow_ValuableObj_train_NOXBFE016CN0_jpg.rf.beb74eff3f1cb6c1b178af6ebbb4d179.jpg,2,20.12,0,7
Roboflow_ValuableObj_train_NQEF70QVXALZ_jpg.rf.4dca436a7c4355d765d88c596bc1c860.jpg,1,22.91,0,8
Roboflow_ValuableObj_train_NR3D6FKTBMYR_jpg.rf.e9d842346b02c96d7c78e34c3cb6b4ef.jpg,0,4.18,0,0
Roboflow_ValuableObj_train_NZXJL41UFBYI_jpg.rf.87339aac3ec3d1f39368c305b733d2e5.jpg,3,3.2,0,4
Roboflow_ValuableObj_train_O8ME77B6V52B_jpg.rf.9dd089d577bab5d24caa1ceb32ba53d6.jpg,1,23.72,0,8
Roboflow_ValuableObj_train_ODZYBYOSD7OM_jpg.rf.5b655b92fd2c145b1b0cd760bf159a16.jpg,2,3.42,0,4
Roboflow_ValuableObj_train_OMU70CUVX6CL_jpg.rf.7bc804b32f2d61c751aa0ec95e6725b1.jpg,2,4.16,0,0
Roboflow_ValuableObj_train_OO1F9MRKAV1Y_jpg.rf.fabfdd7a1cc697cfdf129aa7ff62bf91.jpg,1,16.05,0,1
Roboflow_ValuableObj_train_OWGE9VTBFUV7_jpg.rf.068c905f7905ea3423b0ec9f492e51c6.jpg,1,11.89,0,7
Roboflow_ValuableObj_train_OWQ00ZVKICW5_jpg.rf.698592240f327c13665cf7887c2ddf41.jpg,3,2.11,0,3
Roboflow_ValuableObj_train_P5XYFN465RKC_jpg.rf.01d67ba3d5e931518fe4005e83692fd5.jpg,3,5.14,0,0
Roboflow_ValuableObj_train_P6088V5P5X55_jpg.rf.5f26e7eadb6e9e4425d824684b4d514b.jpg,1,2.75,0,0
Roboflow_ValuableObj_train_P6MYWCFUYZVO_jpg.rf.6188d769ca0c93afea744bfba341fb91.jpg,3,16.65,0,5
Roboflow_ValuableObj_train_PCWSK41L0NI9_jpg.rf.f57030dede677bbb64db984769a9a083.jpg,2,4.44,0,3
Roboflow_ValuableObj_train_PEAGVY88OD54_jpg.rf.ca756e1cb8184541dcb349f8188a8d4e.jpg,2,10.0,0,7
Roboflow_ValuableObj_train_PF760KHZ8XBA_jpg.rf.a4665c2036cc89fc10d4f2626e4a7f7d.jpg,2,20.16,0,5
Roboflow_ValuableObj_train_PFYSL8X9ZRSE_jpg.rf.cfacef87aba9ec733c664cbc8418cd41.jpg,2,14.67,0,7
Roboflow_ValuableObj_train_PKKSV1P7VZ6Y_jpg.rf.1d23bc70489298413c17ffa87e664296.jpg,2,6.47,0,3
Roboflow_ValuableObj_train_PW9324OQTTB2_jpg.rf.dce73dd553be9a5a8fb8cfe9f7f12556.jpg,2,21.44,0,1
Roboflow_ValuableObj_train_PYJAIDIDVSI2_jpg.rf.e8dfaa0166acbebece60b5fd786dcaa3.jpg,2,29.11,0,1
Roboflow_ValuableObj_train_Q3D9LJHKZ4M5_jpg.rf.b0a8c37f3837458fc0092e1aea3a4312.jpg,2,11.14,0,7
Roboflow_ValuableObj_train_Q9XVT4HTVIEC_jpg.rf.2f6a05147cee6d7288dda02b9ae94c53.jpg,1,45.0,0,2
Roboflow_ValuableObj_train_QB7DXXO3NEMH_jpg.rf.388e1ae3724dd580dc6d786574328707.jpg,2,10.3,0,5
Roboflow_ValuableObj_train_QF1GLF87V2BI_jpg.rf.778e853be1bb0293712683a576d0df29.jpg,2,1.5,0,0
Roboflow_ValuableObj_train_QFZLY0PA1JVS_jpg.rf.813bbf2319a834a263f854c881d41907.jpg,0,10.13,0,8
Roboflow_ValuableObj_train_QHTEUZH7ZN1X_jpg.rf.7de25b9238be6e148cd3d303b435c480.jpg,3,1.13,0,9
Roboflow_ValuableObj_train_QJKJOK0IKF5T_jpg.rf.fac6ebf29fad8d9514fc43e26e4f28b6.jpg,2,20.87,0,1
Roboflow_ValuableObj_train_QKDFWOPCTWH9_jpg.rf.b4b39134f1275f26811432b9d2190821.jpg,0,6.47,0,0
Roboflow_ValuableObj_train_QNITS52MVBCO_jpg.rf.a7ad9b7b26fd68efb566445164786b11.jpg,3,17.72,0,2
Roboflow_ValuableObj_train_QREN0GNVPLXO_jpg.rf.44b8dca309d67029b5bdb1cf863ca47c.jpg,2,3.69,0,4
Roboflow_ValuableObj_train_R13O5HME2DJE_jpg.rf.c4271ae6139cd4cfe7aa37e964cb89f2.jpg,0,13.25,0,5
Roboflow_ValuableObj_train_R2FP1MMPUV39_jpg.rf.b1d6c67c07c134619d1f8590f03b2a36.jpg,0,22.59,0,7
Roboflow_ValuableObj_train_R3RVQTX3KB8V_jpg.rf.54113c3a54ac9466f40359a9bb4c4b0d.jpg,1,25.66,0,2
Roboflow_ValuableObj_train_R4GFM2MSAEVD_jpg.rf.c248697bac83fcd672d435d27471f96f.jpg,0,5.82,0,6
Roboflow_ValuableObj_train_R65TOO9AXUVA_jpg.rf.ac8594629beca4c5c11b7184b06d3b47.jpg,2,3.82,0,4
Roboflow_ValuableObj_train_R6OZ4AXAY7FH_jpg.rf.65e62837ea335d18f2411f6a431ee146.jpg,2,7.27,0,0
Roboflow_ValuableObj_train_RB8AIF62S06C_jpg.rf.e53af46c6a477cc62ca67ed5ee2a847b.jpg,1,13.36,0,7
Roboflow_ValuableObj_train_RCDRLFRVPP74_jpg.rf.66534e3cc248bf35e2d2fa6fe4249fd0.jpg,2,16.92,0,8
Roboflow_ValuableObj_train_RGC06VBIWZ7X_jpg.rf.2e556f0335b5f5484bd34bf373470609.jpg,2,21.16,0,8
Roboflow_ValuableObj_train_RN47X3GBAW6I_jpg.rf.ca0466007bcf6d98310a90671dda2b45.jpg,2,36.13,0,7
Roboflow_ValuableObj_train_RPIGX77U0MUX_jpg.rf.8210176612a0cdebca9f1b87f72984fa.jpg,2,15.2,0,8
Roboflow_ValuableObj_train_RQB1UMG8PTHL_jpg.rf.608099e0fd0841817c8a969c806cf70a.jpg,2,4.61,0,4
Roboflow_ValuableObj_train_S9J4YH41HM2K_jpg.rf.61a2ae2f67de422359b0a44bf1127c0b.jpg,2,3.6,0,3
Roboflow_ValuableObj_train_SB2DMLSQANID_jpg.rf.24d9f401150b6cae9eaf6cd288b54411.jpg,2,0.5,0,9
Roboflow_ValuableObj_train_SDW9U7QPDMOW_jpg.rf.12a84b8249f5fc44e7f93b857aeeaee2.jpg,2,12.93,0,5
Roboflow_ValuableObj_train_ST0TJTQRMNAU_jpg.rf.9bf804e7cb66d9efa7aa4bd83d8fe1d9.jpg,1,5.41,0,0
Roboflow_ValuableObj_train_SYT1KV59VV21_jpg.rf.df2a4ddb5881779a147de0355b015ce9.jpg,1,6.29,0,3
Roboflow_ValuableObj_train_T623WTRWFI9G_jpg.rf.917f27b220aa05f2eddc6318d0897100.jpg,1,24.51,0,5
Roboflow_ValuableObj_train_TF44MQQFYURQ_jpg.rf.bd9b435bd4ffd9a13efb5ea96c117a49.jpg,1,31.34,0,7
Roboflow_ValuableObj_train_TVL2CP23E4QP_jpg.rf.21f914cf6d7e970073bfe7db92b935c6.jpg,3,14.29,0,5
Roboflow_ValuableObj_train_TXM0LW6LKQ9Q_jpg.rf.e94d48d16b1a582fd846d4c31f2fb530.jpg,1,13.28,0,5
Roboflow_ValuableObj_train_TZZ89X6WBHSD_jpg.rf.c3ff9a4bd7f43abc44d296b84cb8eadc.jpg,1,41.15,0,1
Roboflow_ValuableObj_train_U3GKXBCVP1SV_jpg.rf.6dcd802e00bf17755425016f9fb3f828.jpg,1,4.34,0,0
Roboflow_ValuableObj_train_U4VCT35UMPBT_jpg.rf.f61b80559b4d9020017d60cf095ec236.jpg,2,16.78,0,6
Roboflow_ValuableObj_train_U79I35MWPJLB_jpg.rf.6c92a55de9076cf26c8fc919e2c5f2f3.jpg,1,4.38,0,4
Roboflow_ValuableObj_train_UH0DF3Y1EIYY_jpg.rf.e8865a153483fe2aad4eea1b2d466184.jpg,1,30.99,0,1
Roboflow_ValuableObj_train_UIIEZOOZ78MJ_jpg.rf.2c2dfb53d054ddf760f151fc027a21b1.jpg,2,3.0,0,3
Roboflow_ValuableObj_train_UIU4NIDQ5Q3L_jpg.rf.0ffda9e65a80af6070dd374aa337ead1.jpg,1,3.51,0,4
Roboflow_ValuableObj_train_UJ9QQFZQT703_jpg.rf.10071a0d5f6d3ec5c346e7a109d07433.jpg,2,22.05,0,6
Roboflow_ValuableObj_train_UOFUGYY1WKKY_jpg.rf.f4d0958b90dc1787a317ee9b60ca8237.jpg,2,29.21,0,2
Roboflow_ValuableObj_train_UPVRFYDADNJ4_jpg.rf.eb26d678494b69b9c9f9fdb0be50ec58.jpg,1,10.41,0,6
Roboflow_ValuableObj_train_UVFMBMR1LIIM_jpg.rf.3d3ef0a7dcda6b72230a522817e1df29.jpg,2,4.73,0,0
Roboflow_ValuableObj_train_UYJ2EL31HGFG_jpg.rf.1999acf36d6ded00cac54dbc3dab9779.jpg,2,17.02,0,5
Roboflow_ValuableObj_train_V9RE42F60BX7_jpg.rf.b32636d1acfc2fb5083709e0b9cfbe54.jpg,1,19.83,0,8
Roboflow_ValuableObj_train_V9VPMFSGYDSE_jpg.rf.d5873e299b5f1dbed160c5ad822d0e80.jpg,2,12.84,0,5
Roboflow_ValuableObj_train_V9XRFCCYCHWF_jpg.rf.f7af28a733fd010acd7b1dd4902e82bc.jpg,2,5.39,0,3
Roboflow_ValuableObj_train_VCGW692V4QVS_jpg.rf.ac715b06be53ad824ccc8d58e3fd91a5.jpg,2,52.12,0,2
Roboflow_ValuableObj_train_VJKBE61KFG93_jpg.rf.5c0287a6a8164b68a9f1883e899743c7.jpg,2,5.4,0,3
Roboflow_ValuableObj_train_VLFTLHT6XNMR_jpg.rf.ea750c3830caf1d20633168b9852be47.jpg,2,6.77,0,0
Roboflow_ValuableObj_train_VPHXCGDRUIYT_jpg.rf.f1223993091bd2ddcd634db445c5cc45.jpg,2,13.72,0,8
Roboflow_ValuableObj_train_VQ1OT86VCWTU_jpg.rf.fb4754391f0fed63c49b26f9ac64ef0b.jpg,0,4.96,0,0
Roboflow_ValuableObj_train_VRAZZGOHPU86_jpg.rf.afcc69e974878fe552471353b336f994.jpg,2,28.83,0,7
Roboflow_ValuableObj_train_VRSBUF8C8QF0_jpg.rf.34a8ab70a92fa3c525a18ee07d622725.jpg,1,16.96,0,5
Roboflow_ValuableObj_train_VWKYYWEOFWVL_jpg.rf.ad3d4d4c24364f77754f07ef529c80b9.jpg,2,6.41,0,3
Roboflow_ValuableObj_train_VYDF365UDVME_jpg.rf.063f13cbe4010a95f2098bccf9e4240d.jpg,2,24.04,0,7
Roboflow_ValuableObj_train_VYTB22FSF0O1_jpg.rf.2f142a45e4a219f671ebf5d910e2727c.jpg,2,21.21,0,1
Roboflow_ValuableObj_train_VZ2RR1FMFXS4_jpg.rf.d901b63d70828d73321a1f7fee3f5a82.jpg,2,22.19,0,1
Roboflow_ValuableObj_train_WDNHACYNDFQW_jpg.rf.b3c1e727639314a0ae5491613a7505e3.jpg,2,0.87,0,9
Roboflow_ValuableObj_train_WJWW1RROYZ1F_jpg.rf.6f136658900ab4dc9249fca98138e2d3.jpg,3,11.86,0,5
Roboflow_ValuableObj_train_WKHU3IG8ASTY_jpg.rf.b14238adfadd3d4114a9e8fa8863ed13.jpg,2,0.85,0,9
Roboflow_ValuableObj_train_WUNFGJ2EX94I_jpg.rf.3cc10af2cff8e83d669d71d285edd600.jpg,2,1.39,0,9
Roboflow_ValuableObj_train_X4HFX3ZORHLX_jpg.rf.cab1844652f1b120cb9d68362f8c5618.jpg,2,20.35,0,1
Roboflow_ValuableObj_train_X7DWWO1T0TG9_jpg.rf.0dbeb75227e7c73316bd166c6118dd2c.jpg,2,23.02,0,1
Roboflow_ValuableObj_train_X812TW542T0S_jpg.rf.f78cd23b36d07c84cf9be5d865546ccd.jpg,0,22.03,0,5
Roboflow_ValuableObj_train_X81ZJO0T6BQH_jpg.rf.d446c822e04b15aaae2e44a48b325237.jpg,1,5.69,0,0
Roboflow_ValuableObj_train_X9FCNS9OWEFW_jpg.rf.316af1be812e53a51821827432bf56be.jpg,2,2.96,0,4
Roboflow_ValuableObj_train_XAKHPU10CV97_jpg.rf.88beba9162f27154ed84446852026ccc.jpg,2,14.31,0,6
Roboflow_ValuableObj_train_XEHZGTBQNBJD_jpg.rf.86fa2c203bf462e9c32ab4d329a6579a.jpg,2,38.59,0,2
Roboflow_ValuableObj_train_XG6WEDXWE9F0_jpg.rf.f85824599f629a5aedb7a886fba70b22.jpg,2,20.45,0,5
Roboflow_ValuableObj_train_XPMWXSHEUJCJ_jpg.rf.d9b6f7d72671d6a317fac2243f3e8fea.jpg,0,8.55,0,6
Roboflow_ValuableObj_train_XUMED4ZZCNBU_jpg.rf.8df04846f46bd159784c5ad2492019b3.jpg,2,19.17,0,8
Roboflow_ValuableObj_train_Y1YN0SD7ZV1O_jpg.rf.94f53b67fbb66ffe411fcf4d4c1f9aea.jpg,0,29.27,0,7
Roboflow_ValuableObj_train_Y3C4JGAMAL6L_jpg.rf.36f1cd6f92cdfd3b671d7f8b49ef4d74.jpg,2,1.88,0,9
Roboflow_ValuableObj_train_Y4I41NU6432A_jpg.rf.e1fcb0d3e2f33c79c6221a4b0e926960.jpg,2,7.04,0,0
Roboflow_ValuableObj_train_Y64JFEXOAXI8_jpg.rf.b3f0c3879c76b3da09e434f378c52e3e.jpg,2,25.1,0,8
Roboflow_ValuableObj_train_YHGAKJJWFJ2Y_jpg.rf.87656b621064bbaa260d9a44c9fdf010.jpg,1,11.98,0,8
Roboflow_ValuableObj_train_YHGXX23D40TW_jpg.rf.2022274be079cda7d8e482ae1ef7421f.jpg,2,1.43,0,9
Roboflow_ValuableObj_train_YJW4G7U6HNSS_jpg.rf.71a1584c079fc61cc7c2ff8db9103e21.jpg,2,1.76,0,9
Roboflow_ValuableObj_train_YMQJY8IE0VQ9_jpg.rf.4f7d23b492844a9db62d03dc55c0e50b.jpg,0,9.74,0,5
Roboflow_ValuableObj_train_YNVHD5SK1UJ8_jpg.rf.ee2a2ede8c560e5b4499052db43dcd3c.jpg,1,23.18,0,5
Roboflow_ValuableObj_train_YRJKFOY9A783_jpg.rf.1ef00381973bd48114b2619953c10d31.jpg,2,2.55,0,4
Roboflow_ValuableObj_train_YT57KHW3Q34C_jpg.rf.c727931ce2a82b397e2ebdbaf4b7aa60.jpg,2,5.0,0,6
Roboflow_ValuableObj_train_YTGXD1MC3V6V_jpg.rf.4c18f2b2d75d607d90881bdfedf45156.jpg,2,10.4,0,8
Roboflow_ValuableObj_train_Z1RXAUJT8FTT_jpg.rf.a7e71546a99b3e8278409f6319a03637.jpg,2,26.2,0,8
Roboflow_ValuableObj_train_Z1WGR7EXQXRN_jpg.rf.ee0b16e8077c8c3edaa1f911073c3206.jpg,0,6.71,0,6
Roboflow_ValuableObj_train_Z49H0COL0XMY_jpg.rf.719c30de9dcd3105ce00921b1119e24f.jpg,2,21.47,0,8
Roboflow_ValuableObj_train_Z5FYY6LW50LS_jpg.rf.6a208c9ba8652f4638d56e1a3bbed507.jpg,1,25.57,0,2
Roboflow_ValuableObj_train_Z859UA10EFQ5_jpg.rf.4751f52ec6061907a91d339f61708f05.jpg,0,1.75,0,9
Roboflow_ValuableObj_train_ZOCJKF5K2F0U_jpg.rf.557c05cb99167866f560541f031dde16.jpg,2,16.88,0,5
Roboflow_ValuableObj_train_ZPDIH5SEDB6J_jpg.rf.9f383a8cc784d68ca383186b2f8b20e9.jpg,2,34.91,0,2
Roboflow_ValuableObj_train_ZPMWH2TNLQAA_jpg.rf.7afcb6ecda1e8ce68ece718e7735b1bb.jpg,2,1.04,0,9
Roboflow_ValuableObj_train_ZQJCP2PPBZ1R_jpg.rf.87603018ad0ad63cb3f5277240e6b0c3.jpg,2,5.0,0,6
Roboflow_ValuableObj_train_ZS3T9XN2XHBG_jpg.rf.2d47a63df34df68180b621c84996f655.jpg,1,31.87,0,7
Roboflow_ValuableObj_train_ZU54433USVKI_jpg.rf.52a671cd9116d0ef24c06a9aa369d9c7.jpg,2,3.83,0,3
Roboflow_ValuableObj_train_ZU5IO0WK8POA_jpg.rf.633caf8c9ed6ff16696a465aac02c0ba.jpg,1,36.18,0,1
Roboflow_ValuableObj_train_ZX0F0B5C0KW5_jpg.rf.848345aa247fc8bdfdd9d41932c201b7.jpg,1,1.12,0,9
Roboflow_ValuableObj_valid_0VY43OT7RPK8_jpg.rf.1e84eba735186e70e710a6d0fd87d247.jpg,2,5.65,0,3
Roboflow_ValuableObj_valid_1EKQ3MU7KYUE_jpg.rf.ae7080439ca58e4dc695f5b2fa88eece.jpg,3,10.9,0,5
Roboflow_ValuableObj_valid_1IFBWI02T4UC_jpg.rf.30a222c1c91aaf24ac392cdec3031f70.jpg,2,6.11,0,0
Roboflow_ValuableObj_valid_1NLZL9TQ1RBN_jpg.rf.cb41d2b517434aa868296a85fa254799.jpg,2,1.96,0,9
Roboflow_ValuableObj_valid_1RZTFJW06AA9_jpg.rf.5785a77fee5a741478e8e8e16b7916d3.jpg,2,43.52,0,1
Roboflow_ValuableObj_valid_2IPXEHA3MTHY_jpg.rf.2200efc0adb2eeaded93a282a1621606.jpg,2,30.9,0,8
Roboflow_ValuableObj_valid_2QCO7R5GIQC4_jpg.rf.91d1f174ce7020c50638e1805f9cb46c.jpg,3,14.52,0,1
Roboflow_ValuableObj_valid_3DV3HFVB0MPS_jpg.rf.2b5fd681e7c866c9c165e13b0e856716.jpg,3,5.15,0,0
Roboflow_ValuableObj_valid_41M6FNA635DJ_jpg.rf.baeb12b8545e95679eacbb07b5d1e8c7.jpg,2,1.5,0,4
Roboflow_ValuableObj_valid_43WY648HEQOM_jpg.rf.9c03bb6201f71a1a9539add1fef3463e.jpg,2,5.12,0,3
Roboflow_ValuableObj_valid_48I8EKLD6Q1K_jpg.rf.a41316a4661d8c7103b97f2ac324ceac.jpg,2,5.0,0,6
Roboflow_ValuableObj_valid_4JFH47ZBJC89_jpg.rf.34ae398ba081d022bfb862b4bfd49eca.jpg,3,11.98,0,8
Roboflow_ValuableObj_valid_4OCSNV1HA0U6_jpg.rf.248d44d9a04f0d20dfce8932cda22797.jpg,2,2.0,0,4
Roboflow_ValuableObj_valid_4PH77E5Z9MB4_jpg.rf.a68880ec48edbf39214f533915f8bca0.jpg,3,3.92,0,4
Roboflow_ValuableObj_valid_5E7GPEE8LSRM_jpg.rf.69921c10c4d447041fa5a7d860825b1d.jpg,2,13.16,0,5
Roboflow_ValuableObj_valid_5XMO46A77UTK_jpg.rf.3ed96963b99e4b19c157c28d4453f2b2.jpg,2,31.24,0,2
Roboflow_ValuableObj_valid_6DT99H9KXR3I_jpg.rf.d8e868baf63ab1dae464a1135b57191a.jpg,1,5.39,0,6
Roboflow_ValuableObj_valid_6V869NIT472M_jpg.rf.54f58744fbccade94418c81c69f43baf.jpg,1,38.13,0,2
Roboflow_ValuableObj_valid_6W5XCQ9DI988_jpg.rf.b699dd4c457b7ee230da6527f06cb8f9.jpg,2,41.41,0,2
Roboflow_ValuableObj_valid_7LHJP7DUEQ4Q_jpg.rf.518a8a23a20098007d2904d6a31070cf.jpg,2,8.99,0,6
Roboflow_ValuableObj_valid_7M30I5E0GY9R_jpg.rf.c91f6bdbff286880890d939417142494.jpg,0,2.95,0,0
Roboflow_ValuableObj_valid_7XAQHT3YM9JB_jpg.rf.639761bb604ee64c9f7835f22dd15ef7.jpg,0,17.53,0,5
Roboflow_ValuableObj_valid_81TNGBJCZL5Y_jpg.rf.d8c2437ba0705b429b6fd7c6c4e81d31.jpg,2,33.73,0,2
Roboflow_ValuableObj_valid_84I97U505MF4_jpg.rf.8befe75db8b3e4c39beb84c7b949bbe9.jpg,3,4.59,0,4
Roboflow_ValuableObj_valid_8ZUNEB43D74Q_jpg.rf.9f9edd93b524a23451c119e1c926c838.jpg,0,11.79,0,5
Roboflow_ValuableObj_valid_99IVN0I8GM1I_jpg.rf.a1a9cd46d92e76ddcc5dedb7aeeb5709.jpg,2,4.24,0,0
Roboflow_ValuableObj_valid_9JGLH1B7IGWB_jpg.rf.bd1a61b98f092562f237241846777a60.jpg,1,14.31,0,5
Roboflow_ValuableObj_valid_9ORWOBFKYLAG_jpg.rf.88e40b3ba61b17e13f886753a92e7489.jpg,0,1.75,0,4
Roboflow_ValuableObj_valid_9S8F0OUB9UM8_jpg.rf.45b8ef961483222637bd6253b036b589.jpg,3,5.0,0,6
Roboflow_ValuableObj_valid_B14FWPDW7WDR_jpg.rf.87fe2eb95367f1a44e51930c7c6409dc.jpg,2,19.13,0,6
Roboflow_ValuableObj_valid_BY5PPPNBBWSE_jpg.rf.ce5944097bc76cdd6318e00f8ab919ba.jpg,2,21.91,0,7
Roboflow_ValuableObj_valid_BYJXA1VW52JM_jpg.rf.0011e34ed404517ac46781e82e47fd1f.jpg,2,27.11,0,7
Roboflow_ValuableObj_valid_C0Q8TSELEIUP_jpg.rf.0e30aa8da78d429abf82f3e9a26ba9ac.jpg,2,28.88,0,1
Roboflow_ValuableObj_valid_C633IB43QZEE_jpg.rf.8db8f35d6f6b0c2e2dbb79e93c363f01.jpg,3,45.5,0,2
Roboflow_ValuableObj_valid_DWIIR2ZU85B6_jpg.rf.694cdcd2d539f65465e6fa906d45b998.jpg,1,33.67,0,1
Roboflow_ValuableObj_valid_ECUGCSIRBJ7H_jpg.rf.1adde2e88c690ee22f7afb8aa8222208.jpg,2,15.02,0,8
Roboflow_ValuableObj_valid_FOP4YJCKMSOP_jpg.rf.1cd7f25c2f337f3e2f8591b9251cedef.jpg,2,16.98,0,5
Roboflow_ValuableObj_valid_G2FXTJFFHT1B_jpg.rf.86d3d29226eea8c649bff463fa369662.jpg,2,21.28,0,1
Roboflow_ValuableObj_valid_G77C8Z9XWOO3_jpg.rf.0e7b5db1ec10a8d72cd8ca401490fbce.jpg,1,10.29,0,6
Roboflow_ValuableObj_valid_GVAPVC35LJ4L_jpg.rf.eb80b5caaabcb28a100d177387a7918d.jpg,2,36.5,0,2
Roboflow_ValuableObj_valid_HQ7IJZOX4A0O_jpg.rf.df0d82ef8b520e1af370f218077f2586.jpg,1,20.25,0,8
Roboflow_ValuableObj_valid_I7RENEX1GN2X_jpg.rf.7e801c58f7db2911c230cfdbc22349a8.jpg,2,2.67,0,0
Roboflow_ValuableObj_valid_IL82GXL475BJ_jpg.rf.499a29f3c9aeb32c7bbecbd795dc3e54.jpg,1,2.1,0,4
Roboflow_ValuableObj_valid_IQOY6P6GPO5U_jpg.rf.8c8636caa5d7f082bcf51c1f20cf9064.jpg,2,59.14,0,2
Roboflow_ValuableObj_valid_ISO889FIF12Z_jpg.rf.1b70f2bf2f80943f15c71961caedff80.jpg,2,10.18,0,2
Roboflow_ValuableObj_valid_IVYTTAEFF9D7_jpg.rf.928f71bdc7af000ae8c601f2d07d0d60.jpg,0,5.58,0,4
Roboflow_ValuableObj_valid_J4ZC6ELRVCET_jpg.rf.c634756239baf2310d38f5e93a4a6165.jpg,2,8.55,0,5
Roboflow_ValuableObj_valid_JCJJTOHI70DF_jpg.rf.157f4fa9393ab4df671670163735c2e9.jpg,2,30.56,0,7
Roboflow_ValuableObj_valid_JIVF3WJKJ2AZ_jpg.rf.36e7755da9e99c078ec150e0fd575f31.jpg,2,20.43,0,5
Roboflow_ValuableObj_valid_JRQ7XYC5MMVL_jpg.rf.d000ac8c83f6284426d558ddbbb152d2.jpg,2,17.95,0,2
Roboflow_ValuableObj_valid_JUV968OEBI0C_jpg.rf.d369cf5ffe21688f1d960e502e0574ab.jpg,2,9.14,0,0
Roboflow_ValuableObj_valid_KA9OD1P8RGYC_jpg.rf.8e953f9e11ae16b00415a7b20aa3b7c8.jpg,0,3.72,0,3
Roboflow_ValuableObj_valid_KN78V9VX0OC8_jpg.rf.4a225b95bd6839ce8b23760f8b02fb38.jpg,1,16.2,0,6
Roboflow_ValuableObj_valid_L2U5TDQ4EE42_jpg.rf.4b39109e852b2cd0c0a731db59025fbd.jpg,1,34.49,0,1
Roboflow_ValuableObj_valid_L9H1NQQ27YC2_jpg.rf.c90815eac2819db179dac4c73407a23c.jpg,2,3.49,0,4
Roboflow_ValuableObj_valid_LL85FRMQXF5R_jpg.rf.91cddcff0b04a6a66e013d7a75d03607.jpg,2,2.72,0,0
Roboflow_ValuableObj_valid_LVLQSFBIJD7A_jpg.rf.9d02ec6cd99370e3e23d599d4ca199e2.jpg,1,2.44,0,9
Roboflow_ValuableObj_valid_N3ACFOQFIK38_jpg.rf.0b0422cba296c2da9c4abe1bd70b92a5.jpg,2,4.17,0,0
Roboflow_ValuableObj_valid_NQMGKFTTTO3M_jpg.rf.4b0f3a17314d2fe50a41ce410330dc77.jpg,1,45.36,0,2
Roboflow_ValuableObj_valid_O4OH47PG8AHK_jpg.rf.268cfc914ef4ed419299a813ed3cab3a.jpg,1,15.22,0,8
Roboflow_ValuableObj_valid_O8K8COGC9SJU_jpg.rf.c619d2135c07d185392f29b19a498dce.jpg,2,38.29,0,2
Roboflow_ValuableObj_valid_OA50P0DJUL00_jpg.rf.a7823d4244a1956612c579cdf918d5f2.jpg,0,13.02,0,6
Roboflow_ValuableObj_valid_OFAYJZSZDBO1_jpg.rf.7547433e3c1565803d68d10e9571762e.jpg,0,5.0,0,5
Roboflow_ValuableObj_valid_PC7BDNWVNR54_jpg.rf.d14ce60e5933762160b35946de7255ea.jpg,3,5.25,0,6
Roboflow_ValuableObj_valid_PFDJEWCEJE2V_jpg.rf.21aa3328c1058b20766c14df2c106187.jpg,2,5.0,0,6
Roboflow_ValuableObj_valid_Q53G8G2XY716_jpg.rf.dd3fe1dbfa178a77bf67462cb1359917.jpg,2,1.99,0,9
Roboflow_ValuableObj_valid_QWSU2NYHB4BD_jpg.rf.1340ae72b351a4f5cb4a442eca31a082.jpg,1,27.51,0,1
Roboflow_ValuableObj_valid_RM8KGO3KPVC6_jpg.rf.0ea112e8a576ad046ae35626c7071137.jpg,1,4.29,0,4
Roboflow_ValuableObj_valid_SEW2IWG0APPV_jpg.rf.2e7c7b784b42ea2acf500898ed3428c6.jpg,2,18.32,0,5
Roboflow_ValuableObj_valid_SG7R4TDYUS8W_jpg.rf.60eaa53520bd537f986220dc87ca7214.jpg,2,4.8,0,0
Roboflow_ValuableObj_valid_TAUVMRCC665Y_jpg.rf.9266850d7df6584f18fa5eeefd7d0955.jpg,1,1.6,0,9
Roboflow_ValuableObj_valid_TLFB1EJS4MUB_jpg.rf.9acbad91c6386e163b7293caa6d3c657.jpg,1,6.99,0,0
Roboflow_ValuableObj_valid_TTVGUMAF1BHP_jpg.rf.4f2dd484f64a11070423a9e6bf72a7b3.jpg,2,14.39,0,5
Roboflow_ValuableObj_valid_U1PC5QKZQS55_jpg.rf.5fe45f045a185df33212f5ed13b0623d.jpg,1,9.03,0,5
Roboflow_ValuableObj_valid_UC17RZJ57JN3_jpg.rf.e1121759a12e46da9c3b87168cc2dcdf.jpg,2,14.72,0,8
Roboflow_ValuableObj_valid_UJJ3JMLT0QY6_jpg.rf.88cd1f94636292cfa6228d07ed80ec6b.jpg,1,18.92,0,8
Roboflow_ValuableObj_valid_UUSXYKIJ1VC7_jpg.rf.2476ccb7df51e284c1fa1299ca265fe2.jpg,2,6.43,0,3
Roboflow_ValuableObj_valid_UY91LVTY0BA6_jpg.rf.aa7f87a1288b07508e056a4b5c34f836.jpg,1,11.94,0,8
Roboflow_ValuableObj_valid_VLS32ORFSDW1_jpg.rf.2b589284873da3c3923f2767e63ce078.jpg,2,4.6,0,4
Roboflow_ValuableObj_valid_VQWKSAN6IXRD_jpg.rf.b52879395efaae07c6722f1bccfec9c0.jpg,2,5.0,0,6
Roboflow_ValuableObj_valid_VV44RGZVHRRG_jpg.rf.97b4b76b258634f40cbe33cf3f7fc596.jpg,1,15.31,0,7
Roboflow_ValuableObj_valid_VZT1P6MD6UXY_jpg.rf.e4e6d8d4606b3d2919fcd33e90a246bd.jpg,2,3.96,0,3
Roboflow_ValuableObj_valid_WA7I3MD6FCSJ_jpg.rf.c3ea78e5a6a47975a5cb261031148644.jpg,2,2.05,0,4
Roboflow_ValuableObj_valid_WXOPMUQBUOIY_jpg.rf.bfeedd20e8bfab56d11225456b6d2749.jpg,3,29.48,0,2
Roboflow_ValuableObj_valid_X1Y3J0X4OXY3_jpg.rf.fb71b221751cb080638262543a2266d1.jpg,1,15.61,0,8
Roboflow_ValuableObj_valid_X45N5UA40SBK_jpg.rf.056df2f2f58571e967ffb981af7c59c4.jpg,2,25.12,0,8
Roboflow_ValuableObj_valid_X5T4EUUP9N1O_jpg.rf.5df66e764793828daee1401eb3b85126.jpg,2,6.48,0,0
Roboflow_ValuableObj_valid_X8BPM954AKD8_jpg.rf.b54884385c05055da3780574a23a7601.jpg,2,12.21,0,6
Roboflow_ValuableObj_valid_YF4OBH2JGTF6_jpg.rf.02b6bbfafa318aadc37fc6ac982dc09a.jpg,2,17.33,0,6
Roboflow_ValuableObj_valid_YOJGLWEI7B0W_jpg.rf.21cc1dca337a4185536fc563b860fefa.jpg,2,3.7,0,3
Roboflow_ValuableObj_valid_YZW0J9WPV5RB_jpg.rf.f9bc87935ed044490b7ac6c7be07f789.jpg,1,31.33,0,2
Roboflow_ValuableObj_valid_Z15LQY4CJDTO_jpg.rf.41d14b656f60f8a8ff2a5c02aab0f1b0.jpg,2,1.79,0,9
Roboflow_ValuableObj_valid_ZI2G3P9S9FF4_jpg.rf.4c2f388007573981611471040b281b26.jpg,3,26.97,0,7
Roboflow_ValuableObj_valid_ZJYCKH3VR0AE_jpg.rf.1fea9227cd360cac17a31a5eb4dcd20d.jpg,1,5.0,0,6
Roboflow_ValuableObj_valid_ZP16QOYYK0BR_jpg.rf.a55c143a21b465338013f2320c42f108.jpg,2,19.07,0,5
Roboflow_ValuableObj_test_1YU706E72BF7_jpg.rf.d7c4ef912303565716d721410a9df006.jpg,1,5.0,0,6
Roboflow_ValuableObj_test_20WQIS8HSYW8_jpg.rf.195a93f09fc25dee8063d2944cfc712b.jpg,2,30.76,0,7
Roboflow_ValuableObj_test_39KEG9G6D0WA_jpg.rf.6c4da39f3fef2b898406da416e0647c7.jpg,2,30.25,0,2
Roboflow_ValuableObj_test_3R8KZRWRNXKZ_jpg.rf.0bc71cba36200e9b35bba7d2827ccbad.jpg,2,12.11,0,8
Roboflow_ValuableObj_test_61987W5RETMX_jpg.rf.d1470f8816b65d78820f3f56845cb145.jpg,1,9.42,0,5
Roboflow_ValuableObj_test_6J4LZ7NVNLI9_jpg.rf.9c7548a6911e8e67ee15d3c32983de6c.jpg,2,5.28,0,3
Roboflow_ValuableObj_test_6RNKVU27FN3G_jpg.rf.07942bc89c72aa6ad2433ff3d3c2c5f0.jpg,1,20.3,0,8
Roboflow_ValuableObj_test_7VNOSDVNM41U_jpg.rf.718d2c31f2124dc38a2422a84021e39c.jpg,1,3.72,0,4
Roboflow_ValuableObj_test_91Q40X8F7BOO_jpg.rf.0d712e3364d693186f6bb10a8fec262c.jpg,1,19.18,0,5
Roboflow_ValuableObj_test_A7BZ06FMY5M2_jpg.rf.07044876aefc4ba5f426cc49a81b6e09.jpg,3,12.9,0,6
Roboflow_ValuableObj_test_AA3NXVHZEBFT_jpg.rf.2b3e0b6a0fe951667efaf267eb4098e9.jpg,1,3.74,0,4
Roboflow_ValuableObj_test_ACVMPAVSWE5J_jpg.rf.f6f5507680d46540cf5d2adbb95b6ee8.jpg,2,6.06,0,6
Roboflow_ValuableObj_test_BJRJYILU15JF_jpg.rf.13b1e79aa5e786267dc38f2398b03559.jpg,2,0.94,0,9
Roboflow_ValuableObj_test_C3K50QLH9F80_jpg.rf.3ea48900753e52c306ba7b78025aa22f.jpg,1,23.82,0,7
Roboflow_ValuableObj_test_COBDWAFJB9XV_jpg.rf.1e63bc4efa45194d79de28fa9942cfcf.jpg,1,29.45,0,1
Roboflow_ValuableObj_test_EUFDXMH42REI_jpg.rf.0185b40a8ceef8fc4f98b0207369d893.jpg,2,10.48,0,7
Roboflow_ValuableObj_test_F7741J01OHKT_jpg.rf.adf347e69ccda3bfafe82874187d41b6.jpg,0,14.93,0,6
Roboflow_ValuableObj_test_FEE7A32M511C_jpg.rf.77a53dde65289cc6372fe6e2c0af4eb5.jpg,3,1.86,0,4
Roboflow_ValuableObj_test_FGQKW2SE7UDH_jpg.rf.7b87876e535a7a61d66b6da0e6913f8a.jpg,2,28.22,0,7
Roboflow_ValuableObj_test_FN3YITIWE7W3_jpg.rf.3a7f8b89a053885479ed817266012494.jpg,3,5.1,0,4
Roboflow_ValuableObj_test_G0KCMAQ8KD20_jpg.rf.848abdbcf595a32096e50122f2f50b1d.jpg,2,11.67,0,7
Roboflow_ValuableObj_test_GBEF13MK2HB4_jpg.rf.a4b4e54e43e1040d13cb6ab24c572a00.jpg,0,4.11,0,3
Roboflow_ValuableObj_test_HJBW71DWFWKA_jpg.rf.f656fbb6a733aae15f9212552077617d.jpg,2,18.08,0,8
Roboflow_ValuableObj_test_J35VR6JOY7EM_jpg.rf.9a64e5b8247bb0133fb48c0a3c62175b.jpg,2,12.89,0,8
Roboflow_ValuableObj_test_JFPUJIJRRL30_jpg.rf.1941c85df4f69017d06f4b81033ead78.jpg,2,16.75,0,6
Roboflow_ValuableObj_test_JO7JL3DDEWO1_jpg.rf.7c88dfda01aebb5ef492c8c94559455d.jpg,1,1.67,0,9
Roboflow_ValuableObj_test_K75N8QQFD1X2_jpg.rf.3b3c011b23ab8c79169737cf6cf708da.jpg,2,35.27,0,7
Roboflow_ValuableObj_test_LO4LYHH6W263_jpg.rf.0574aa2a684dc3ebe1f6511b29fb64bb.jpg,2,5.0,0,6
Roboflow_ValuableObj_test_LUJT2GOADZ24_jpg.rf.ab8e81198694259769b33066121e0596.jpg,2,3.76,0,4
Roboflow_ValuableObj_test_M671DKG5RS6N_jpg.rf.9a8c7ac4e1e40a948379ea8e995e6a94.jpg,2,27.95,0,6
Roboflow_ValuableObj_test_OXY72D4FN95N_jpg.rf.227cd5c775bc4383586a8badf644c491.jpg,1,21.09,0,8
Roboflow_ValuableObj_test_Q9LP3GORLQ8X_jpg.rf.ac269d8c2ebe0fc0b7eb256215856b9a.jpg,1,31.35,0,2
Roboflow_ValuableObj_test_R4QZ73LSEF2Z_jpg.rf.4fdbbf3df5d8a238eb5be6e98b55b590.jpg,1,23.32,0,1
Roboflow_ValuableObj_test_R5VYGQZFWPA9_jpg.rf.40d033bf3ce82e3f954fff524a73700b.jpg,1,13.47,0,6
Roboflow_ValuableObj_test_RLNF2Y4Y0JKY_jpg.rf.e152ab867290b38c8b5e599b8817ef3b.jpg,0,4.73,0,3
Roboflow_ValuableObj_test_SPXT5PV6EWY0_jpg.rf.4e6617bdcb4cf41266cf36531f0ee17f.jpg,1,18.46,0,8
Roboflow_ValuableObj_test_TP65FDQ5QGG3_jpg.rf.c0d26a6b49b5c94cf64a15363154c481.jpg,3,4.63,0,3
Roboflow_ValuableObj_test_VULJYI89PXY1_jpg.rf.351e7027f70e1f7bb939089a08d3d1eb.jpg,2,8.22,0,3
Roboflow_ValuableObj_test_WOY0R7P8F9RW_jpg.rf.20e0e11615cbad609d94165446948738.jpg,2,10.74,0,6
Roboflow_ValuableObj_test_WTXFRXTYUSSR_jpg.rf.c5ff8e651352aaf7456fef3d27b66378.jpg,2,12.62,0,6
Roboflow_ValuableObj_test_WWA6DO96CGOH_jpg.rf.322f441f0bfe5453474506ad3c832d4b.jpg,2,0.78,0,9
Roboflow_ValuableObj_test_XLUKHWDIERWW_jpg.rf.e41d35e52fbc30d65c5f450889a70e19.jpg,0,7.08,0,0
Roboflow_ValuableObj_test_Y1MWUY3UVXWE_jpg.rf.81f25800d0fc8a78fdfc4238c8aff9ad.jpg,2,11.38,0,7
Roboflow_ValuableObj_test_YEFSD0OO80P0_jpg.rf.2e08ebc26369bc9aca026096f2f72b09.jpg,1,14.23,0,6
Roboflow_ValuableObj_test_YPR5QW5442X1_jpg.rf.7597daf693ee3f7b08ea78721f1e496d.jpg,1,6.17,0,3
Roboflow_ValuableObj_test_Z83B0N1ZV046_jpg.rf.55734301dfbcc347f49dccbb9c9fd7e4.jpg,2,25.92,0,5
Roboflow_ValuableObj_test_ZPWI0U3EWKE7_jpg.rf.385417482efadd5da9be013830bbe09e.jpg,2,41.17,0,2
Roboflow_ValuableObj_test_ZWW21POR0XNJ_jpg.rf.dc4ea3f7b6bf2d406ba35e23e1cdbfd1.jpg,2,18.1,0,8
NewYolo_ClassifierV1_train_101A5351_jpg.rf.1c8d43fefb5bdcce6563bfabb8739443.jpg,3,4.64,0,0
NewYolo_ClassifierV1_train_101A5351_jpg.rf.d0e0064b559ec8091756020323464266.jpg,2,5.0,0,6
NewYolo_ClassifierV1_train_101A5364_jpg.rf.aa34a88f9104dffb6b55dfe6978b690a.jpg,2,16.61,0,5
NewYolo_ClassifierV1_train_101A5369_jpg.rf.29788c5862f79505a0e3dda11dd5c947.jpg,2,23.1,0,8
NewYolo_ClassifierV1_train_101A5371_jpg.rf.a423e442f19c1fe5ac161a2436e11ef5.jpg,0,1.76,0,9
NewYolo_ClassifierV1_train_101A5384_jpg.rf.031c9398295ccc5846713c9c555d539e.jpg,2,13.51,0,8
NewYolo_ClassifierV1_train_101A5384_jpg.rf.b73f2cf405f005f713c2b1323666957c.jpg,2,2.48,0,4
NewYolo_ClassifierV1_train_101A5384_jpg.rf.e3eb6e17405fa03dd2135a7bc9fd32e0.jpg,2,22.16,0,7
NewYolo_ClassifierV1_train_101A5406_jpg.rf.20b901807ada81ce6bd310c811228079.jpg,3,4.77,0,0
NewYolo_ClassifierV1_train_101A5406_jpg.rf.675e74cb6c0cfdccafe6582c79a28f34.jpg,1,5.0,0,6
NewYolo_ClassifierV1_train_101A5432_jpg.rf.16f10a5bddba0bb6faa0bb64bb53c178.jpg,2,2.83,0,3
NewYolo_ClassifierV1_train_101A5432_jpg.rf.5de29dbd43b2de98b1e938a8bd620ca8.jpg,2,3.9,0,3
NewYolo_ClassifierV1_train_101A5432_jpg.rf.73d8fecf43debaa6971c4c71c30bb1ed.jpg,2,1.72,0,3
NewYolo_ClassifierV1_train_101A5459_jpg.rf.28879a402bcaff48459155e8597f40a2.jpg,1,0.91,0,9
NewYolo_ClassifierV1_train_101A5467_jpg.rf.579f2fbe26b49e1111c838c035527ac0.jpg,2,1.99,0,9
NewYolo_ClassifierV1_train_101A5468_jpg.rf.2948e2abb1f864890876b274f1aca2a3.jpg,1,27.72,0,7
NewYolo_ClassifierV1_train_101A5476_jpg.rf.2489f41a5db32fbbf4d1f5af164e7625.jpg,2,4.23,0,3
NewYolo_ClassifierV1_train_101A5481_jpg.rf.56425c1301476ba5d65c941bb678b31a.jpg,1,10.88,0,5
NewYolo_ClassifierV1_train_101A5486_jpg.rf.bfe205faaed5f688c6188d5172632a8a.jpg,2,11.58,0,6
NewYolo_ClassifierV1_train_102A10025_jpg.rf.715a88e53b371aed99118b29759a1b64.jpg,2,1.44,0,9
NewYolo_ClassifierV1_train_102A10025_jpg.rf.c24a8f6291669ce4280b3ec565ed793f.jpg,2,35.94,0,2
NewYolo_ClassifierV1_train_102A10053_jpg.rf.a568daee1120b35f7b9dd5f29d357efc.jpg,1,3.63,0,3
NewYolo_ClassifierV1_train_102A10053_jpg.rf.e942ef9d7b46ccd9af18ec65bc65da6d.jpg,1,21.74,0,5
NewYolo_ClassifierV1_train_102A10061_jpg.rf.778aada662fe386599f26a57a54c0b5d.jpg,1,11.56,0,7
NewYolo_ClassifierV1_train_102A10107_jpg.rf.f06d29c8c684a36e6342de47bbc5b60c.jpg,2,13.9,0,8
NewYolo_ClassifierV1_train_102A10118_jpg.rf.a987f0c81eac6cbf46dc82eb330ee9f5.jpg,1,12.09,0,1
NewYolo_ClassifierV1_train_102A10122_jpg.rf.aeb42be5469fa5497fa84daa8a39fce8.jpg,2,1.7,0,9
NewYolo_ClassifierV1_train_102A10128_jpg.rf.592e5a28de8afb5d1369a61a1d163a18.jpg,3,4.45,0,3
NewYolo_ClassifierV1_train_102A10137_jpg.rf.b57537a74d3298a933fffdef9ffef6d9.jpg,2,20.65,0,2
NewYolo_ClassifierV1_train_102A10140_jpg.rf.8ce89534f58cced0f795095785e9eb18.jpg,2,5.0,0,6
NewYolo_ClassifierV1_train_102A10153_jpg.rf.6eda06c839e9687dd5a353f74568e5da.jpg,2,20.04,0,7
NewYolo_ClassifierV1_train_102A10153_jpg.rf.b016c871afba296bfc9e07b2154b76fc.jpg,1,4.56,0,4
NewYolo_ClassifierV1_train_102A10187_jpg.rf.c6718c6500012a9bc1017855f968bc8d.jpg,2,19.85,0,5
NewYolo_ClassifierV1_train_102A10191_jpg.rf.526c0626eb3166a6f489538ef2dd8015.jpg,1,40.41,0,2
NewYolo_ClassifierV1_train_102A10191_jpg.rf.c01a23572a5a139219c21e17e782bdd7.jpg,2,32.91,0,7
NewYolo_ClassifierV1_train_102A10193_jpg.rf.80b6c08c35f9ee9a7c3800e9f212196c.jpg,0,31.66,0,7
NewYolo_ClassifierV1_train_102A10230_jpg.rf.62ec1fa7475af962fcae5aa9d11f79dd.jpg,1,11.31,0,6
NewYolo_ClassifierV1_train_102A10245_jpg.rf.aba3b689777df325a5f7794cb0cf44e5.jpg,1,5.0,0,6
NewYolo_ClassifierV1_train_102A10245_jpg.rf.d148dfe24b5ee9d1b81023cf2a91ac57.jpg,3,31.67,0,1
NewYolo_ClassifierV1_train_102A10261_jpg.rf.461ededc16737d9e8299d966f7e91ad7.jpg,1,17.13,0,7
NewYolo_ClassifierV1_train_102A10279_jpg.rf.1466affa548ca0f0c0da87a9a85dc02b.jpg,2,5.0,0,6
NewYolo_ClassifierV1_train_102A10279_jpg.rf.388f4c741cd4a7a02cb8d54067b080d5.jpg,2,4.54,0,3
NewYolo_ClassifierV1_train_102A10279_jpg.rf.94809a401fd578f6dff420abcc571ed3.jpg,2,18.12,0,5
NewYolo_ClassifierV1_train_102A10282_jpg.rf.34b930d991b432ddc68e349ecb1b27af.jpg,1,4.28,0,0
NewYolo_ClassifierV1_train_102A10282_jpg.rf.e93169816da5ebf1e2b51dbd517a5a11.jpg,1,20.71,0,8
NewYolo_ClassifierV1_train_102A10285_jpg.rf.8b48fbc7dade58e243fc96eaba378f3a.jpg,2,11.93,0,5
NewYolo_ClassifierV1_train_102A10290_jpg.rf.3719f01932ceef4234d2991434e7de4d.jpg,2,7.97,0,0
NewYolo_ClassifierV1_train_102A10290_jpg.rf.f6a0be2ae6ec8e60cec9170466adbbb1.jpg,2,16.24,0,8
NewYolo_ClassifierV1_train_102A10294_jpg.rf.3293c3213545840e97ab15f1d74d5c46.jpg,1,15.9,0,5
NewYolo_ClassifierV1_train_102A10316_jpg.rf.0fe7e1b69a0d7819145a2ab158687706.jpg,1,8.34,0,0
NewYolo_ClassifierV1_train_102A10321_jpg.rf.df9eec4d4a9f029cf66d06dd46113214.jpg,1,24.69,0,1
NewYolo_ClassifierV1_train_102A10334_jpg.rf.b553250b3b950e91c5888d2e52108cb9.jpg,3,10.0,0,2
NewYolo_ClassifierV1_train_102A10341_jpg.rf.9b2f43698e8d81c363caf497fb91072d.jpg,1,16.93,0,1
NewYolo_ClassifierV1_train_102A10346_jpg.rf.5876978457c3f71573b8c2592adf701b.jpg,2,41.38,0,2
NewYolo_ClassifierV1_train_102A10352_jpg.rf.70b891ea6e09d1de7f8c161efb26d2a4.jpg,1,5.57,0,5
NewYolo_ClassifierV1_train_102A10360_jpg.rf.4bbf71f304397785a48679e9975c4926.jpg,3,11.03,0,7
NewYolo_ClassifierV1_train_102A10378_jpg.rf.7e162f1e966c6b3be92c14ff7d5b54ec.jpg,2,16.65,0,7
NewYolo_ClassifierV1_train_102A10382_jpg.rf.14640612482821640b6b08ac22644623.jpg,2,1.95,0,3
NewYolo_ClassifierV1_train_102A10385_jpg.rf.89a2ddba89e4b417c4ef45736eeaf62a.jpg,0,17.91,0,5
NewYolo_ClassifierV1_train_102A10387_jpg.rf.428fbea46ae4499efd0c5c3df3e5cb12.jpg,2,2.74,0,3
NewYolo_ClassifierV1_train_102A10387_jpg.rf.59b4342ace55b2cac017b4b1eb07100b.jpg,1,19.53,0,1
NewYolo_ClassifierV1_train_102A10391_jpg.rf.4eeee116500dea6deee87b31d27448dd.jpg,2,7.4,0,0
NewYolo_ClassifierV1_train_102A10391_jpg.rf.8ff85f75aadef024328629622a1f12eb.jpg,2,3.63,0,4
NewYolo_ClassifierV1_train_102A10396_jpg.rf.d728bd19cdf28f0a806ca98dfd319717.jpg,0,3.73,0,4
NewYolo_ClassifierV1_train_102A10413_jpg.rf.37d636abf95d9012fbea64eeeb3f54a0.jpg,0,24.6,0,8
NewYolo_ClassifierV1_train_102A10413_jpg.rf.94060f4b06891ccd3bdc512edaa7441f.jpg,2,3.63,0,0
NewYolo_ClassifierV1_train_102A10413_jpg.rf.d55461cd19421c7c9a4f20b464a04278.jpg,1,3.57,0,4
NewYolo_ClassifierV1_train_102A10422_jpg.rf.ba6c88481d7f99934f4e321a1d478f2f.jpg,2,13.09,0,8
NewYolo_ClassifierV1_train_102A10429_jpg.rf.e1637d3f91aad6b95b86081ded04b5af.jpg,1,43.07,0,2
NewYolo_ClassifierV1_train_102A10434_jpg.rf.028c934006457631c0ae926134ba5c36.jpg,2,12.15,0,5
NewYolo_ClassifierV1_train_102A10434_jpg.rf.b163b426c9b51d23046df3053906c8bf.jpg,1,36.4,0,1
NewYolo_ClassifierV1_train_102A9683_jpg.rf.3c873a92a3d88a3aafdb2465ca7cb31c.jpg,2,2.48,0,0
NewYolo_ClassifierV1_train_102A9683_jpg.rf.7c4c08ff38c23f48c4ec1b78eec40084.jpg,1,19.31,0,5
NewYolo_ClassifierV1_train_102A9697_jpg.rf.8d2901f9d0a28e1ca0d0ea74623079fe.jpg,0,14.38,0,6
NewYolo_ClassifierV1_train_102A9720_jpg.rf.136df35510497e0b70359fa38ade97df.jpg,0,25.82,0,1
NewYolo_ClassifierV1_train_102A9766_jpg.rf.479e9fc4e47043d1c6b196ad2d4014a8.jpg,2,1.35,0,9
NewYolo_ClassifierV1_train_102A9799_jpg.rf.64c2f4a465d4fcd6274a7bc02bb7c330.jpg,3,25.72,0,1
NewYolo_ClassifierV1_train_102A9818_jpg.rf.fff85aa0552c2e99cdabc17f504c4e9a.jpg,2,8.0,0,8
NewYolo_ClassifierV1_train_102A9825_jpg.rf.dc315b539a5e1c76a1d96fc1e5bf4f57.jpg,2,16.12,0,8
NewYolo_ClassifierV1_train_102A9834_jpg.rf.14fbd10c7cd2ddb80d2a170a2d22f828.jpg,0,8.0,0,8
NewYolo_ClassifierV1_train_102A9912_jpg.rf.4ebd8a0ade9f035cec534003348135c4.jpg,2,6.61,0,0
NewYolo_ClassifierV1_train_102A9917_jpg.rf.5a97db5d18bc8e19cf6be167b11b0002.jpg,2,14.16,0,5
NewYolo_ClassifierV1_train_102A9917_jpg.rf.deb452280d3489e43fdd5ecb39b5dfe9.jpg,2,10.33,0,6
NewYolo_ClassifierV1_train_102A9965_jpg.rf.d3bb0d86e1c5694e5fa3c7bba1e93056.jpg,1,11.74,0,5
NewYolo_ClassifierV1_train_102A9976_jpg.rf.0d76ab9d1a8fd2f2f7a64bbb16aae1e1.jpg,2,16.43,0,1
NewYolo_ClassifierV1_train_102A9996_jpg.rf.4057c67260e6f3bdd3224a1ab63c4c17.jpg,1,17.17,0,5
NewYolo_ClassifierV1_train_103A15471_jpg.rf.ae3ecb91b9e13933d248e42c841c80e5.jpg,1,1.26,0,9
NewYolo_ClassifierV1_train_103A15471_jpg.rf.f5da80c38bd6d10f6c3663f108018c89.jpg,2,54.4,0,2
NewYolo_ClassifierV1_train_103A15701_jpg.rf.12def0ec685f1530de9c74e7c907760a.jpg,1,4.25,0,3
NewYolo_ClassifierV1_train_103A15701_jpg.rf.c921acefc0c2a8f59a2aed8a9b564969.jpg,2,1.6,0,9
NewYolo_ClassifierV1_train_103A15721_jpg.rf.aa66543bbd34f04335dfcda28b9eea23.jpg,1,16.75,0,1
NewYolo_ClassifierV1_train_103A15773_jpg.rf.95713d95c19e12c4b1f2f16bf414282d.jpg,1,1.65,0,9
NewYolo_ClassifierV1_train_103A15773_jpg.rf.ee62962b3dc832eeb7a03a4407b760f6.jpg,0,40.44,0,2
NewYolo_ClassifierV1_train_103A15840_jpg.rf.3380dc489447d3edad4429eb2788f056.jpg,1,5.22,0,3
NewYolo_ClassifierV1_train_103A15852_jpg.rf.2caeb456f7b745110fb637a269ed6cef.jpg,2,4.16,0,3
NewYolo_ClassifierV1_train_103A15852_jpg.rf.75de7b9da697ac3db59712130a04f6f2.jpg,1,1.5,0,4
NewYolo_ClassifierV1_train_103A15852_jpg.rf.e72b556d5c9ab61cb464d54dd9ef9494.jpg,2,23.97,0,8
NewYolo_ClassifierV1_train_103A15879_jpg.rf.6086c669e125e4ae7f398c9b5da8f2c8.jpg,2,32.69,0,2
NewYolo_ClassifierV1_train_103A15968_jpg.rf.17ee1d489d238d88b652d1e9fcf816e3.jpg,2,22.49,0,8
NewYolo_ClassifierV1_train_103A15968_jpg.rf.41b67e2464f2a6b3e86367e8676c074f.jpg,1,3.09,0,3
NewYolo_ClassifierV1_train_103A16010_jpg.rf.4a67ddb6aa10bee257298549be5836b3.jpg,2,30.49,0,7
NewYolo_ClassifierV1_train_103A16047_jpg.rf.0e613800e18ec84fc484de549a1d42a1.jpg,1,20.13,0,5
NewYolo_ClassifierV1_train_103A16049_jpg.rf.188715c56f0a2f9b2d3a521968bf4924.jpg,3,1.32,0,9
NewYolo_ClassifierV1_train_103A16127_jpg.rf.0aaf868e41df7bf68508ace8c792c7ed.jpg,1,30.53,0,7
NewYolo_ClassifierV1_train_103A16139_jpg.rf.6c010b0e54f05103719870d4760da460.jpg,3,1.77,0,9
NewYolo_ClassifierV1_train_103A16139_jpg.rf.f4499861bfd77d18ab246ddaf7c24621.jpg,0,39.35,0,2
NewYolo_ClassifierV1_train_103A16144_jpg.rf.259b457aa2c108c3c5927629f08148a3.jpg,2,6.09,0,3
NewYolo_ClassifierV1_train_103A16146_jpg.rf.5d579adbc15b2acee8eed91bf3044d13.jpg,3,46.52,0,2
NewYolo_ClassifierV1_train_103A16236_jpg.rf.3faae9fd2dad05c2e0c59225d509e657.jpg,1,27.91,0,7
NewYolo_ClassifierV1_train_103A16265_jpg.rf.4fc850b665fc20b74b435fd9a6f2258b.jpg,2,10.0,0,1
NewYolo_ClassifierV1_train_103A16331_jpg.rf.3c6a1cbd5aa0c4a8836ef0253245a334.jpg,2,15.16,0,6
NewYolo_ClassifierV1_train_103A16395_jpg.rf.d210483a1c8d0b075837ee21e31f3c6c.jpg,1,15.68,0,2
NewYolo_ClassifierV1_train_103A16398_jpg.rf.80739f5bd2498658ddf867410afda857.jpg,0,14.9,0,5
NewYolo_ClassifierV1_train_103A16398_jpg.rf.cea4a53f02bcfb5bb73434881458fb42.jpg,0,36.93,0,1
NewYolo_ClassifierV1_train_103A16403_jpg.rf.ae36f71adac54902ee9e5b657ccc3fb4.jpg,0,18.79,0,8
NewYolo_ClassifierV1_train_103A16416_jpg.rf.aa4082cf046d676d38c6be4773a1d13c.jpg,2,7.73,0,0
NewYolo_ClassifierV1_train_103A16416_jpg.rf.c277dc67c4383d4eb095878f5927d158.jpg,2,5.06,0,3
NewYolo_ClassifierV1_train_103A16424_jpg.rf.a2d58db8ceab6ef2552b744265823eda.jpg,2,11.35,0,5
NewYolo_ClassifierV1_train_103A16451_jpg.rf.836e730f6c8728dab7b00262f6b9c227.jpg,2,23.52,0,8
NewYolo_ClassifierV1_train_103A16469_jpg.rf.207589dbbb407eedff2d7265383c26d8.jpg,1,3.86,0,4
NewYolo_ClassifierV1_train_103A16469_jpg.rf.8be25f0c4a3aee1adc8ce1637a58bccf.jpg,2,20.07,0,6
NewYolo_ClassifierV1_train_103A16484_jpg.rf.ec9fbafe3ce6dbee41498654f3635a1f.jpg,2,15.52,0,7
NewYolo_ClassifierV1_train_103A16489_jpg.rf.f224e1bb51f612e9d2cf56d5e30aa93d.jpg,2,23.64,0,1
NewYolo_ClassifierV1_train_103A16599_jpg.rf.c19c3d873ff7b756bf363d41d08ef38e.jpg,1,4.42,0,4
NewYolo_ClassifierV1_train_103A16609_jpg.rf.0909bc9e1ba6b59b88c986ad4fd200c3.jpg,0,5.0,0,6
NewYolo_ClassifierV1_train_103A16611_jpg.rf.fa17ea135b5e758e6b740ccf53260b61.jpg,3,14.42,0,8
NewYolo_ClassifierV1_train_103A16631_jpg.rf.b47ce51417b34c49ac502c8ad7249e23.jpg,0,13.52,0,1
NewYolo_ClassifierV1_train_103A16631_jpg.rf.ba29528a6d212f536b235ea18c9113c6.jpg,1,1.64,0,9
NewYolo_ClassifierV1_train_103A16632_jpg.rf.467e5a8793733c0e70d86d7c309b063d.jpg,1,3.53,0,3
NewYolo_ClassifierV1_train_103A16659_jpg.rf.98a3a2ac8e351892172f7894d49705bc.jpg,2,18.37,0,6
NewYolo_ClassifierV1_train_103A16685_jpg.rf.a5d9c592fc8f8eeccc1aa242f896a4fd.jpg,2,4.84,0,3
NewYolo_ClassifierV1_train_106A106660_jpg.rf.d65e037a2ed5f47195d3a1ec94a70931.jpg,3,33.4,0,2
NewYolo_ClassifierV1_train_106A106699_jpg.rf.e62c446a991026bb8bf2d2654788259d.jpg,1,8.62,0,6
NewYolo_ClassifierV1_train_106A106712_jpg.rf.eff4fbacd78cf8a899f035d0c561d9e9.jpg,2,15.45,0,1
NewYolo_ClassifierV1_train_106A106827_jpg.rf.78ee816eae8cfe70f552c5952c9c38cb.jpg,2,4.02,0,0
NewYolo_ClassifierV1_train_106A106842_jpg.rf.089064c1056acdfd6bf91821eee02537.jpg,3,12.01,0,2
NewYolo_ClassifierV1_train_106A107207_jpg.rf.7cd3d7c7169451375e57d981c83a213a.jpg,2,8.27,0,0
NewYolo_ClassifierV1_train_106A108541_jpg.rf.1542d86fb982fb71ccafe80b3e7e5c46.jpg,2,28.93,0,8
NewYolo_ClassifierV1_train_117A3709_jpg.rf.0c836deb955c2d932a400002d15abf7c.jpg,2,18.93,0,8
NewYolo_ClassifierV1_train_117A3709_jpg.rf.2fde881fa68961f29e28b09a95ce479a.jpg,2,5.91,0,6
NewYolo_ClassifierV1_train_117A3728_jpg.rf.b1db496c616a6496a61a25cca84495c0.jpg,1,23.04,0,5
NewYolo_ClassifierV1_train_117A3735_jpg.rf.1e754dab54f02c85d15f55159d5ec07a.jpg,1,23.99,0,6
NewYolo_ClassifierV1_train_117A3743_jpg.rf.4f11ff4b898b32dc61615905b034a3df.jpg,2,38.28,0,2
NewYolo_ClassifierV1_train_117A3743_jpg.rf.f73a40dc4c150b59bc03527afc818c93.jpg,3,10.12,0,8
NewYolo_ClassifierV1_train_117A3747_jpg.rf.c0de2a4b930f6a19193b4ca7614b10be.jpg,3,3.78,0,4
NewYolo_ClassifierV1_train_117A3749_jpg.rf.823a32fe4751d25cd109f498462267c4.jpg,2,3.89,0,0
NewYolo_ClassifierV1_train_117A3750_jpg.rf.1d8a656665dd12d571d97732b80982ec.jpg,2,2.15,0,9
NewYolo_ClassifierV1_train_117A3750_jpg.rf.986de54af5f1370bb11aeeaf0345c400.jpg,2,3.5,0,0
NewYolo_ClassifierV1_train_117A3757_jpg.rf.19ff65558d9c490b232429d28bd365d5.jpg,2,13.48,0,6
NewYolo_ClassifierV1_train_117A3775_jpg.rf.7d30f00afc51ce667d8594d91386380d.jpg,0,4.03,0,0
NewYolo_ClassifierV1_train_117A3778_jpg.rf.d8a12c0625069560bbe821c86080dc0c.jpg,1,16.25,0,8
NewYolo_ClassifierV1_train_117A3786_jpg.rf.978de188d05f933626d2e2345bb2b93b.jpg,1,17.17,0,5
NewYolo_ClassifierV1_train_117A3786_jpg.rf.e2a54735fae4faf6cea9a1c479507c18.jpg,2,14.88,0,8
NewYolo_ClassifierV1_train_117A3788_jpg.rf.4d832609e36fcc6e8eef0dfc55bd661a.jpg,2,3.22,0,4
NewYolo_ClassifierV1_train_117A3789_jpg.rf.f3090f2a844bb6924f56c0a456007370.jpg,0,1.31,0,9
NewYolo_ClassifierV1_train_117A3793_jpg.rf.6d67ce488752fd8f65ca4d127f0ab99a.jpg,2,13.97,0,5
NewYolo_ClassifierV1_train_117A3800_jpg.rf.d963433a963f8c09ddf5f66ec711045b.jpg,2,3.95,0,0
NewYolo_ClassifierV1_train_117A3802_jpg.rf.02f99c6c5cf7c2cc4a6416dc34347091.jpg,1,6.26,0,0
NewYolo_ClassifierV1_train_117A3803_jpg.rf.071e897d201677ee2bc1197b65d210d2.jpg,1,13.67,0,5
NewYolo_ClassifierV1_train_117A3803_jpg.rf.49f96883d7b4d0e38a774c1e7ca11e8f.jpg,2,19.54,0,7
NewYolo_ClassifierV1_train_117A3804_jpg.rf.edc1d40cea03e77e3fa3931af2e5d719.jpg,2,16.82,0,8
NewYolo_ClassifierV1_train_117A3810_jpg.rf.54bc791e041f9bdfa942a6407ca85735.jpg,0,1.84,0,9
NewYolo_ClassifierV1_train_117A3819_jpg.rf.7b02e022dce36047aacf7a232ce665f7.jpg,2,15.67,0,5
NewYolo_ClassifierV1_train_117A3828_jpg.rf.9776ec0bbe415c7e60f1df618775bf0e.jpg,2,5.0,0,6
NewYolo_ClassifierV1_train_117A3839_jpg.rf.e8124ee4237c284510afeef23e9c29e8.jpg,2,21.79,0,8
NewYolo_ClassifierV1_train_117A3843_jpg.rf.2c62994409ddf86d3f85a2117149e017.jpg,3,3.83,0,0
NewYolo_ClassifierV1_train_117A3848_jpg.rf.97c3c52b60f90e22af3c99a26fc3aa81.jpg,1,7.01,0,0
NewYolo_ClassifierV1_train_117A3854_jpg.rf.cca95c130103d24b36d31ae4137eb76e.jpg,1,16.95,0,6
NewYolo_ClassifierV1_train_117A3858_jpg.rf.32e4f3991746b67de99dc09241974732.jpg,1,28.06,0,7
NewYolo_ClassifierV1_train_117A3864_jpg.rf.186336773736c8d0d0c82a522233db1c.jpg,3,9.14,0,5
NewYolo_ClassifierV1_train_117A3864_jpg.rf.ad5124dc99e7ef728e8f57c08523da09.jpg,2,40.82,0,2
NewYolo_ClassifierV1_train_117A3871_jpg.rf.0ec31116a7a0e0d30d3a485ca472f372.jpg,0,5.0,0,6
NewYolo_ClassifierV1_train_117A3880_jpg.rf.74d9deb9db41d3ff1a8234ceb6cf1dc0.jpg,0,3.25,0,3
NewYolo_ClassifierV1_train_117A3882_jpg.rf.d24460dca4ef8bde7a2cda23d654a4ef.jpg,0,1.58,0,9
NewYolo_ClassifierV1_train_117A3883_jpg.rf.7a450ee45ffcda45e9f289d179a0eddf.jpg,2,3.47,0,3
NewYolo_ClassifierV1_train_117A3897_jpg.rf.c421db6f790654c1d13af46cb3cd41a8.jpg,2,5.59,0,0
NewYolo_ClassifierV1_train_117A3904_jpg.rf.186f366fb75ae2113a217c50b6f69fc2.jpg,1,3.87,0,4
NewYolo_ClassifierV1_train_117A3907_jpg.rf.153fde8f01d338e321899d178c0ca94e.jpg,2,0.94,0,9
NewYolo_ClassifierV1_train_117A3909_jpg.rf.fbbb268e66366974f6ccc3f7077928a8.jpg,2,5.08,0,0
NewYolo_ClassifierV1_train_117A3912_jpg.rf.384efdc92f9f2ea5949bea157c49c30f.jpg,1,5.93,0,0
NewYolo_ClassifierV1_train_117A3913_jpg.rf.275b1790be8b78afe519130f89c9b6ca.jpg,1,22.96,0,2
NewYolo_ClassifierV1_train_117A3914_jpg.rf.4928af326d7aa60380a546224f81bb46.jpg,2,23.76,0,2
NewYolo_ClassifierV1_train_117A3916_jpg.rf.392696896a5f41ef15863a3ad4e9e584.jpg,2,5.37,0,4
NewYolo_ClassifierV1_train_117A3952_jpg.rf.3f6d3697f3ce4e8cbb5659b5e1a82939.jpg,3,26.59,0,7
NewYolo_ClassifierV1_train_117A3965_jpg.rf.79f2eaa041ac43331e38d2a2c0ed76d6.jpg,2,20.43,0,7
NewYolo_ClassifierV1_train_117A3971_jpg.rf.0b3475d3c7cfb2cfef308f8a05bf9bce.jpg,2,2.55,0,0
NewYolo_ClassifierV1_train_117A3974_jpg.rf.46888929dd5d5b14a066215e68414593.jpg,2,24.4,0,8
NewYolo_ClassifierV1_train_117A3975_jpg.rf.028f8b335822a0e91f0972130be941f7.jpg,2,3.21,0,4
NewYolo_ClassifierV1_train_117A3975_jpg.rf.d91ef4397c278fe8379a1bb9801bdf3a.jpg,2,27.95,0,8
NewYolo_ClassifierV1_train_117A3999_jpg.rf.a388af2dd8f9977a2fec1bad5d215515.jpg,1,16.64,0,5
NewYolo_ClassifierV1_train_117A3999_jpg.rf.fa4156d5d92b9514e74ff7ce75a32274.jpg,2,4.3,0,4
NewYolo_ClassifierV1_train_117A4000_jpg.rf.c8765849893d229e5ed0d180b6ce8670.jpg,2,14.85,0,7
NewYolo_ClassifierV1_train_117A4001_jpg.rf.383bd908121e88d29e02f9228cc2779c.jpg,2,11.35,0,5
NewYolo_ClassifierV1_train_117A4001_jpg.rf.769a0456ec8cc35a22b21f9291cad09f.jpg,0,8.23,0,0
NewYolo_ClassifierV1_train_117A4003_jpg.rf.2b888cf2cad6dd925bfb12e2b8a068bd.jpg,2,0.85,0,9
NewYolo_ClassifierV1_train_117A4007_jpg.rf.dcaf0c8eb756222bf5c479cccf8b2865.jpg,2,5.0,0,6
NewYolo_ClassifierV1_train_117A4007_jpg.rf.f59fa286446d88d356beebd78c677456.jpg,2,4.67,0,3
NewYolo_ClassifierV1_train_117A4010_jpg.rf.1362e73867216de6ac1acaf8b922d1e0.jpg,2,40.07,0,2
NewYolo_ClassifierV1_train_117A4013_jpg.rf.fe8c4f3734af3bc13b9232f537f42432.jpg,2,38.45,0,2
NewYolo_ClassifierV1_train_117A4015_jpg.rf.399b5eab537ed378cb1fcb4210318568.jpg,1,29.39,0,8
NewYolo_ClassifierV1_train_117A4018_jpg.rf.4b19b0ec3fa1f4575bed579e0736460a.jpg,2,1.55,0,9
NewYolo_ClassifierV1_train_117A4019_jpg.rf.36ad682c9816912b836fd6acaf217972.jpg,2,13.39,0,5
NewYolo_ClassifierV1_train_117A4024_jpg.rf.a52acc728e6300348003a56f827e45fc.jpg,2,1.68,0,9
NewYolo_ClassifierV1_train_117A4027_jpg.rf.e7202035ba6f0d64d93b402ce700376e.jpg,2,23.58,0,7
NewYolo_ClassifierV1_train_117A4027_jpg.rf.f7e9cfbae6d95ed508905bf5fc010d83.jpg,1,1.52,0,9
NewYolo_ClassifierV1_train_117A4028_jpg.rf.c7fd494ce487cfd6d4e052d793473f28.jpg,3,17.04,0,6
NewYolo_ClassifierV1_train_117A4029_jpg.rf.3b1e5ec4db4d514b2ef11dfe6cc39d00.jpg,1,18.89,0,7
NewYolo_ClassifierV1_train_117A4029_jpg.rf.d42ba69ba5efa776371a2ff93ee31dd3.jpg,2,20.01,0,7
NewYolo_ClassifierV1_train_117A4039_jpg.rf.9a5002d3a6b3f23a97b31faa8fb243d7.jpg,3,22.23,0,7
NewYolo_ClassifierV1_train_117A4042_jpg.rf.1353ae37ef523f47aaa5b9e9ee0e8e37.jpg,1,19.79,0,5
NewYolo_ClassifierV1_train_117A4059_jpg.rf.22819f0e89fe0e47bf0a0cc5cd8a7ea6.jpg,2,1.57,0,9
NewYolo_ClassifierV1_train_117A4059_jpg.rf.e4fee78d5dfe8b0c57afc0654446556d.jpg,2,5.49,0,6
NewYolo_ClassifierV1_train_117A4062_jpg.rf.83b19e22c335df29a8a18b6ad9f960c9.jpg,2,36.73,0,7
NewYolo_ClassifierV1_train_117A4069_jpg.rf.63973b38fc819e1e5604718fa609e95b.jpg,2,11.65,0,6
NewYolo_ClassifierV1_train_117A4072_jpg.rf.711bbb30ddf480f5a960cb9dd247bcef.jpg,1,27.79,0,2
NewYolo_ClassifierV1_train_117A4073_jpg.rf.7d41a5efb10cc4dbea0617abb59abed4.jpg,2,1.78,0,9
NewYolo_ClassifierV1_train_117A4082_jpg.rf.1acd95702c9ef2cf2973d0c8e5f27bc3.jpg,1,28.62,0,7
NewYolo_ClassifierV1_train_117A4083_jpg.rf.c988c7a3b6a4a27997e502f4f058c912.jpg,2,13.38,0,6
NewYolo_ClassifierV1_train_117A4096_jpg.rf.4ca75e71461656edbfd8b8b68030189e.jpg,1,9.71,0,8
NewYolo_ClassifierV1_train_117A4096_jpg.rf.78ae73a030520dfd86964e55688f567f.jpg,1,1.37,0,9
NewYolo_ClassifierV1_train_117A4100_jpg.rf.2e66839324bcdabeb406ba7d6a323c23.jpg,2,1.79,0,9
NewYolo_ClassifierV1_train_117A4102_jpg.rf.80b0694952de3b0a67143128da87e3d4.jpg,3,0.5,0,9
NewYolo_ClassifierV1_train_117A4103_jpg.rf.add5014d5109666e5fb57a8795215ef8.jpg,2,3.94,0,4
NewYolo_ClassifierV1_train_117A4104_jpg.rf.bd6c80654a6e2049a6076fa76db4fa21.jpg,2,13.07,0,8
NewYolo_ClassifierV1_train_117A4106_jpg.rf.2a571b4dbb5a84265783f0a6e03addb3.jpg,1,19.1,0,8
NewYolo_ClassifierV1_train_117A4109_jpg.rf.518cf838f058adc9ab1255cda0557f74.jpg,2,3.05,0,0
NewYolo_ClassifierV1_train_117A4109_jpg.rf.633c427987d1073aaa9898df09e1bc76.jpg,2,33.24,0,2
NewYolo_ClassifierV1_train_121A1466_jpg.rf.131567c425d53211521f0561800d2372.jpg,1,18.79,0,7
NewYolo_ClassifierV1_train_121A1481_jpg.rf.5b7e9a032feed409fec15f3f96bd3aa4.jpg,2,20.33,0,8
NewYolo_ClassifierV1_train_121A1481_jpg.rf.ccd597a2d957934f8e6814258e81ba81.jpg,2,14.36,0,6
NewYolo_ClassifierV1_train_121A1482_jpg.rf.dcda01430936244f9e6208e63be119f7.jpg,0,5.0,0,6
NewYolo_ClassifierV1_train_121A1483_jpg.rf.9291fbe4e41487e0445e14c77547d4cc.jpg,1,5.36,0,0
NewYolo_ClassifierV1_train_121A1485_jpg.rf.553bf98662d5dc5abbad4bd8a111b1dc.jpg,2,5.23,0,6
NewYolo_ClassifierV1_train_121A1485_jpg.rf.bd2f31fe4179d64603325b1d211440fd.jpg,3,3.8,0,4
NewYolo_ClassifierV1_train_121A1491_jpg.rf.49df9ce5a8939fb63159132806b81b83.jpg,2,5.0,0,6
NewYolo_ClassifierV1_train_121A1491_jpg.rf.8049ea969816aaa2f9c7e06bef14c96b.jpg,1,5.0,0,6
NewYolo_ClassifierV1_train_121A1495_jpg.rf.c4873f2b04a0598ed935976197cd1c8e.jpg,1,1.5,0,4
NewYolo_ClassifierV1_train_121A1498_jpg.rf.3a81dd940686e950a23da44b2d39d24b.jpg,0,3.95,0,0
NewYolo_ClassifierV1_train_121A1500_jpg.rf.ed3e20e5bb3e11847fbfb9ffa13211c2.jpg,2,2.4,0,4
NewYolo_ClassifierV1_train_121A1505_jpg.rf.89afc27d324075e30c1a9d023399ded7.jpg,3,3.4,0,3
NewYolo_ClassifierV1_train_121A1506_jpg.rf.1db9355928aa8097aa9bbe604fbcd2e7.jpg,2,1.96,0,9
NewYolo_ClassifierV1_train_121A1506_jpg.rf.aae28fd5d7fae4a2a2bc4d9e163d778c.jpg,2,19.12,0,5
NewYolo_ClassifierV1_train_121A1508_jpg.rf.2a0fe3ac07f9bc2840b3ed5e2334a923.jpg,2,3.47,0,4
NewYolo_ClassifierV1_train_121A1508_jpg.rf.41eabc24c36752e9ab1faf1eb4fb1f9d.jpg,0,3.19,0,4
NewYolo_ClassifierV1_train_121A1515_jpg.rf.2d7d8e66c40e7fbf0104e816bed83e36.jpg,1,3.58,0,4
NewYolo_ClassifierV1_train_122A2457_jpg.rf.cfc23d58e8a292b841ca95d4581aff69.jpg,2,3.19,0,3
NewYolo_ClassifierV1_train_122A2461_jpg.rf.601a3affd4c625b45e969a44e7dc0c0a.jpg,1,18.1,0,1
NewYolo_ClassifierV1_train_122A2487_jpg.rf.ec47072bf75d9565e4d3f3897bb3c74a.jpg,2,4.39,0,3
NewYolo_ClassifierV1_train_122A2550_jpg.rf.3edab706d929456370ba100a895033e8.jpg,2,3.2,0,0
NewYolo_ClassifierV1_train_122A2574_jpg.rf.a538e8e71462fe1c802a0d4aa594ecc8.jpg,2,4.87,0,4
NewYolo_ClassifierV1_train_122A2574_jpg.rf.febe7c98fe55b2ec9e48e982b94b3986.jpg,2,16.35,0,5
NewYolo_ClassifierV1_train_122A2583_jpg.rf.b461c705836eef3535a96f6a64ce8fbd.jpg,1,1.78,0,9
NewYolo_ClassifierV1_train_122A2617_jpg.rf.48f47f4de5b2c4506424266c78e4ccad.jpg,0,5.41,0,4
NewYolo_ClassifierV1_train_122A2759_jpg.rf.86f0371373fbde29021b198f906fc77c.jpg,0,28.25,0,2
NewYolo_ClassifierV1_train_122A2784_jpg.rf.56bcfb5cef9b29727ec4569244c8ef5d.jpg,0,1.35,0,9
NewYolo_ClassifierV1_train_122A2784_jpg.rf.c3283038d13d11859cfe32da495ba50a.jpg,2,31.82,0,1
NewYolo_ClassifierV1_train_122A2805_jpg.rf.be1203f919852ef1094e0a2d592432fc.jpg,0,10.59,0,8
NewYolo_ClassifierV1_train_122A2812_jpg.rf.8c6e09065b6107f11cc928be087f0061.jpg,2,1.36,0,9
NewYolo_ClassifierV1_train_122A2869_jpg.rf.aaa04a008f5e92619845cfd5cb086514.jpg,2,26.86,0,2
NewYolo_ClassifierV1_train_122A2870_jpg.rf.2766e9be4cbc66f32a6a440fad790172.jpg,2,20.02,0,6
NewYolo_ClassifierV1_train_122A2870_jpg.rf.aff5fdf9bd96713b7ac08db68a11eab8.jpg,1,5.84,0,3
NewYolo_ClassifierV1_train_122A2885_jpg.rf.b9ff01bd965798069c16c1e35dc12792.jpg,2,13.32,0,1
NewYolo_ClassifierV1_train_122A2918_jpg.rf.bdb635eb0803a1d7c612751af23bb97f.jpg,1,18.21,0,5
NewYolo_ClassifierV1_train_122A2924_jpg.rf.7a0240a3a83a791579953ed37238c818.jpg,1,29.2,0,1
NewYolo_ClassifierV1_train_122A2924_jpg.rf.edc0235549ec0b9b9410c8c3ebe2ca03.jpg,1,12.44,0,8
NewYolo_ClassifierV1_train_122A2927_jpg.rf.d01fc72a5da448f653cf8821a51ae520.jpg,2,6.18,0,0
NewYolo_ClassifierV1_train_122A2930_jpg.rf.b05d9ab7840acc95c901c39b21a00af1.jpg,2,1.71,0,9
NewYolo_ClassifierV1_train_122A2942_jpg.rf.781d224e4e32f3d72396c104f0508a40.jpg,3,1.56,0,9
NewYolo_ClassifierV1_train_122A2944_jpg.rf.e1bfb10eb7f444bf061996c2a20e247e.jpg,2,45.94,0,1
NewYolo_ClassifierV1_train_122A2947_jpg.rf.70b5ea9cec9d4aef23947fdccb2df69a.jpg,3,1.3,0,9
NewYolo_ClassifierV1_train_122A2974_jpg.rf.5efd08ceca7daac930321791adca5089.jpg,2,3.83,0,4
NewYolo_ClassifierV1_train_122A2983_jpg.rf.c6328a1aadd7e859aa59d987cb1198ec.jpg,0,23.79,0,8
NewYolo_ClassifierV1_train_122A2995_jpg.rf.56f8c40565553207bbc7afd423372dac.jpg,1,5.39,0,0
NewYolo_ClassifierV1_train_122A2995_jpg.rf.ea4edb56387304a2efdf3f97d5cd6244.jpg,2,6.08,0,0
NewYolo_ClassifierV1_train_122A3025_jpg.rf.af1aa98fded32d3d05411d4b9f699524.jpg,2,5.1,0,4
NewYolo_ClassifierV1_train_122A3028_jpg.rf.8a84f82e93771b708575be1234f052fc.jpg,1,1.28,0,9
NewYolo_ClassifierV1_train_122A3029_jpg.rf.c78e2e854d5f7b2c0035f21e6d1fc268.jpg,0,5.01,0,0
NewYolo_ClassifierV1_train_122A3031_jpg.rf.a6c2acc223d567924aa4a8e2cbe95042.jpg,2,31.96,0,1
NewYolo_ClassifierV1_train_122A3041_jpg.rf.441d6d64bf41ee12f02be3809aa6f878.jpg,0,18.93,0,5
NewYolo_ClassifierV1_train_122A3046_jpg.rf.6022ecbe3dc4024cd29d76169bd041c4.jpg,2,26.46,0,1
NewYolo_ClassifierV1_train_122A3047_jpg.rf.1e3cac58442a017da922e39705f42bc5.jpg,2,6.49,0,0
NewYolo_ClassifierV1_train_122A3057_jpg.rf.7d2a3293ccc4a88b4f17ec92072cf119.jpg,1,7.64,0,5
NewYolo_ClassifierV1_train_123A122_jpg.rf.2aeac2476ff20ad7a74f751d592aee9c.jpg,2,31.18,0,7
NewYolo_ClassifierV1_train_123A122_jpg.rf.4419b2e34179a114b0a36ef0071a236d.jpg,2,1.08,0,9
NewYolo_ClassifierV1_train_123A124_jpg.rf.8a60d5d90b07b56983ddcac0716ae312.jpg,0,0.98,0,9
NewYolo_ClassifierV1_train_123A124_jpg.rf.a944939047794ef7b51a23329d53aed9.jpg,2,17.3,0,8
NewYolo_ClassifierV1_train_123A76_jpg.rf.9ac8cda42431f7ac1dd0c236549c5c31.jpg,2,16.93,0,7
NewYolo_ClassifierV1_train_123A78_jpg.rf.9042ef1ecce06ac93d90d791afa9b7d1.jpg,2,20.79,0,6
NewYolo_ClassifierV1_train_135A16500_jpg.rf.3f71a4c9a56f2129cc75b01ea23899af.jpg,1,4.22,0,3
NewYolo_ClassifierV1_train_135A16500_jpg.rf.e9fa112a802fe9dc54554441bcc12343.jpg,0,31.06,0,7
NewYolo_ClassifierV1_train_135A16708_jpg.rf.2340d5a0c8bbaee086c1c014e4e39ecd.jpg,2,14.09,0,8
NewYolo_ClassifierV1_train_135A16826_jpg.rf.3a810d9bb28f68e102c75b676c7e032e.jpg,2,8.57,0,0
NewYolo_ClassifierV1_train_135A16862_jpg.rf.21533386d3d80741c0bb47282f21eca2.jpg,2,1.93,0,9
NewYolo_ClassifierV1_train_135A16873_jpg.rf.20c46225c2a40e07936ddf05270a2cdb.jpg,2,5.72,0,4
NewYolo_ClassifierV1_train_135A16878_jpg.rf.ea616f3267877a42d6200e4b732026ff.jpg,0,4.08,0,3
NewYolo_ClassifierV1_train_135A16885_jpg.rf.1e26019d19b0a3ff2c4995f61ff926d5.jpg,0,2.42,0,3
NewYolo_ClassifierV1_train_135A16885_jpg.rf.ac0a6d0253f9b0f452ec09b4c650a139.jpg,0,1.23,0,9
NewYolo_ClassifierV1_train_135A16944_jpg.rf.7b468238e18f17abff2bb0565d09707d.jpg,2,3.92,0,3
NewYolo_ClassifierV1_train_135A16944_jpg.rf.e13757d64689cc7f0eca19a9ef81ab5a.jpg,2,11.92,0,5
NewYolo_ClassifierV1_train_135A16947_jpg.rf.789bf7bbb32395ef71ec65c7bcd9b2fb.jpg,1,19.43,0,1
NewYolo_ClassifierV1_train_135A16948_jpg.rf.07553f5b952a5a1a597cd28013a7645f.jpg,1,11.43,0,5
NewYolo_ClassifierV1_train_135A16948_jpg.rf.639e35c35f076957e2bd7f718c9d814f.jpg,2,15.21,0,8
NewYolo_ClassifierV1_train_135A16964_jpg.rf.1b922e85d85c1fbb78fd6d6abfaf96bb.jpg,1,11.27,0,5
NewYolo_ClassifierV1_train_135A16964_jpg.rf.7679bf6fe351e1cd6665c1f0621705a8.jpg,2,6.77,0,0
NewYolo_ClassifierV1_train_135A16965_jpg.rf.06fc23dc53c4b7aadd45221ddb9c8740.jpg,2,10.56,0,5
NewYolo_ClassifierV1_train_135A16965_jpg.rf.2e9b94c785fd47a7c36013b629d4cc00.jpg,2,18.06,0,7
NewYolo_ClassifierV1_train_135A16970_jpg.rf.2c533d43b7f2603599af8ff491c42dfc.jpg,1,23.67,0,8
NewYolo_ClassifierV1_train_135A16970_jpg.rf.7794fe3047f7b9cc3c4d2f5805a66d45.jpg,2,10.68,0,8
NewYolo_ClassifierV1_train_135A16970_jpg.rf.9188271f3508f956fe1c3be7bb19cd0f.jpg,2,31.23,0,1
NewYolo_ClassifierV1_train_135A16975_jpg.rf.248d6748161abcd3a46f77a476394188.jpg,2,19.23,0,5
NewYolo_ClassifierV1_train_135A16975_jpg.rf.3b8d560742e6179ee8af0507fd1cd770.jpg,3,3.35,0,4
NewYolo_ClassifierV1_train_135A17008_jpg.rf.31e0718c77768de079fa5ff9a02fb854.jpg,2,1.25,0,9
NewYolo_ClassifierV1_train_135A17008_jpg.rf.f4a925b0dfce01571115b81f5ea247b5.jpg,2,14.95,0,8
NewYolo_ClassifierV1_train_135A17009_jpg.rf.26fd786aa100c22aebeaa4d16a03ee9f.jpg,2,1.18,0,9
NewYolo_ClassifierV1_train_135A17026_jpg.rf.b8c99fc835c43c747fb95d5c13a881e7.jpg,2,1.83,0,9
NewYolo_ClassifierV1_train_135A17033_jpg.rf.ba1fbdfadd8986bf01628b38538b0b01.jpg,1,42.19,0,2
NewYolo_ClassifierV1_train_135A17035_jpg.rf.c1b3c77e473af7661119836fb2d6be6c.jpg,1,4.41,0,0
NewYolo_ClassifierV1_train_135A17040_jpg.rf.f4fafdf07cf2715e4c088f7c67e2bf93.jpg,2,31.86,0,2
NewYolo_ClassifierV1_train_135A17043_jpg.rf.c30939f857246921bb5469b8b850c1f7.jpg,3,24.38,0,1
NewYolo_ClassifierV1_train_135A17043_jpg.rf.df21610d79f19d685f133b7dd2a04b1e.jpg,1,36.08,0,1
NewYolo_ClassifierV1_train_135A17053_jpg.rf.7d04284af84b50cb5716702af5785008.jpg,3,1.01,0,9
NewYolo_ClassifierV1_train_135A17060_jpg.rf.eeaf968c003c0a6b90fd831a2af7d242.jpg,3,34.08,0,1
NewYolo_ClassifierV1_train_135A17062_jpg.rf.4222cf50cfc9d66d6a9b8344d79837a5.jpg,2,4.04,0,0
NewYolo_ClassifierV1_train_135A17062_jpg.rf.8650d06c09def595e9b5358fb24d6065.jpg,2,1.6,0,9
NewYolo_ClassifierV1_train_135A17074_jpg.rf.8919d34705631009830c66ca2037090d.jpg,0,17.62,0,8
NewYolo_ClassifierV1_train_135A17081_jpg.rf.32882d690beb992b942489ac56323223.jpg,1,5.0,0,5
NewYolo_ClassifierV1_train_135A17081_jpg.rf.3e0703307394e9a8b38e231186ebef7f.jpg,2,6.62,0,0
NewYolo_ClassifierV1_train_135A17081_jpg.rf.c5011adf4d220a7cede77f49f14b5213.jpg,2,24.31,0,8
NewYolo_ClassifierV1_train_135A17086_jpg.rf.39b4bd43cce616214e5129ce6c72883f.jpg,1,8.37,0,0
NewYolo_ClassifierV1_train_135A17098_jpg.rf.3ad27d86852875551760c5d327ed5909.jpg,3,26.07,0,6
NewYolo_ClassifierV1_train_135A17098_jpg.rf.bc6b6d98800d08d51d5ad90d93170f5e.jpg,2,7.08,0,0
NewYolo_ClassifierV1_train_135A17114_jpg.rf.d82e242c13cd19d3968a9897b5114100.jpg,1,20.26,0,1
NewYolo_ClassifierV1_train_135A17119_jpg.rf.3938c68ada91a69b38c545d5b101d5b8.jpg,0,30.12,0,7
NewYolo_ClassifierV1_train_135A17119_jpg.rf.b3fcfc8ccda6ec6dc28a168c5912b37c.jpg,2,25.42,0,1
NewYolo_ClassifierV1_train_135A17124_jpg.rf.1a659cec8e74734584e04070435264b6.jpg,1,7.91,0,6
NewYolo_ClassifierV1_train_135A17127_jpg.rf.4a66cca537301dc8c8b2c661d19afaf2.jpg,3,14.18,0,5
NewYolo_ClassifierV1_train_135A17127_jpg.rf.d71766ed22d40ed88486eea7250e39fc.jpg,2,5.27,0,0
NewYolo_ClassifierV1_train_135A17128_jpg.rf.52545175c8f50aaee9f155c38054545e.jpg,2,34.09,0,7
NewYolo_ClassifierV1_train_135A17128_jpg.rf.fffdbae23fdd01bcb713a23e9afb797f.jpg,2,5.0,0,6
NewYolo_ClassifierV1_train_135A17135_jpg.rf.335abcd37141512928fb91209f574919.jpg,1,29.23,0,2
NewYolo_ClassifierV1_train_135A17145_jpg.rf.84fb156958c4f89d640136c796104e0f.jpg,1,25.43,0,7
NewYolo_ClassifierV1_train_135A17146_jpg.rf.9a835abdea52b91fab8341539df2135c.jpg,0,15.53,0,6
NewYolo_ClassifierV1_train_135A17156_jpg.rf.82d475cc7d3f1fcdca64c3322eac8ab2.jpg,2,3.27,0,4
NewYolo_ClassifierV1_train_135A17156_jpg.rf.c16bbf410e20d2f9c86f860d191e8986.jpg,3,9.65,0,8
NewYolo_ClassifierV1_train_137A42495_jpg.rf.301b662624f9c155d5417838040bcac1.jpg,2,19.06,0,5
NewYolo_ClassifierV1_train_137A42562_jpg.rf.4ae09af8291fcc2c9c31401836bbfe07.jpg,1,16.43,0,8
NewYolo_ClassifierV1_train_137A42638_jpg.rf.015997f18d6ef0808e7ad203c3c693ae.jpg,2,45.29,0,1
NewYolo_ClassifierV1_train_137A42638_jpg.rf.1697c6a2a337cc31eb2980dff5dbd3f3.jpg,2,2.96,0,4
NewYolo_ClassifierV1_train_137A42649_jpg.rf.26be11252501936b1a3e085f146533d1.jpg,2,1.5,0,4
NewYolo_ClassifierV1_train_137A42649_jpg.rf.d0c09e072c6963b93a684ccc93833f88.jpg,2,22.8,0,7
NewYolo_ClassifierV1_train_137A42914_jpg.rf.608b882201c2ac107de113d3fee29183.jpg,0,34.06,0,2
NewYolo_ClassifierV1_train_137A42996_jpg.rf.2fb1aed154c33be6c4524dc6b4a41d57.jpg,2,35.34,0,6
NewYolo_ClassifierV1_train_137A43036_jpg.rf.7dc9d5a9ee1e469fe47999d7f2a411dc.jpg,2,6.85,0,0
NewYolo_ClassifierV1_train_137A43036_jpg.rf.b5b43f6bac2e06b30533d0f766d1e796.jpg,2,2.1,0,9
NewYolo_ClassifierV1_train_137A43078_jpg.rf.978d0671a640be48ca280964741c704d.jpg,2,2.37,0,4
NewYolo_ClassifierV1_train_137A43078_jpg.rf.e2f730a468f1374b48b44d7f0ea8d107.jpg,2,19.78,0,1
NewYolo_ClassifierV1_train_137A43081_jpg.rf.51ba87e11977b2635629ed2a80b41f01.jpg,2,5.0,0,6
NewYolo_ClassifierV1_train_137A43081_jpg.rf.c32cf3fafa0eb63f674711052bec117d.jpg,2,4.5,0,3
NewYolo_ClassifierV1_train_137A43087_jpg.rf.c5dfa74240a109ccfb5f93ab8cf142c7.jpg,3,5.0,0,6
NewYolo_ClassifierV1_train_137A43087_jpg.rf.d33f8ff52049b58ba3f0ebd8335a2b83.jpg,2,31.32,0,1
NewYolo_ClassifierV1_train_137A43087_jpg.rf.d64d2061e787e4a57ae428676ef4f529.jpg,2,10.8,0,7
NewYolo_ClassifierV1_train_137A43119_jpg.rf.ce277446ce2480236fab323056dc712e.jpg,2,18.17,0,7
NewYolo_ClassifierV1_train_137A43169_jpg.rf.6a299f259923c814bb17744dadf2de66.jpg,3,24.96,0,7
NewYolo_ClassifierV1_train_137A43169_jpg.rf.8176378f1b78cd2075d89ba1002530af.jpg,3,33.76,0,2
NewYolo_ClassifierV1_train_137A43250_jpg.rf.3e6d3080ad9e028954ee0b8ca8088639.jpg,2,1.78,0,9
NewYolo_ClassifierV1_train_137A43250_jpg.rf.a76accc55f75fb7df11ec14a5bfd5904.jpg,2,21.17,0,8
NewYolo_ClassifierV1_train_137A43292_jpg.rf.8d316a574a98f2a1a8594ae0702be751.jpg,2,8.26,0,6
NewYolo_ClassifierV1_train_137A43292_jpg.rf.fe9ed17a0e7a4ce5502ed8a616d089b9.jpg,1,35.89,0,7
NewYolo_ClassifierV1_train_137A43342_jpg.rf.4adc5995aa2bbeb599eeb67abd4926eb.jpg,1,4.23,0,4
NewYolo_ClassifierV1_train_137A43342_jpg.rf.eaf05dca1a4a89445fefdc25a3a4662a.jpg,0,10.0,0,2
NewYolo_ClassifierV1_train_137A43384_jpg.rf.72b9f95aad930b6d19cc891795ba3428.jpg,3,33.24,0,1
NewYolo_ClassifierV1_train_137A43384_jpg.rf.d386ae0a99b38254ed829910abbf5e38.jpg,2,3.14,0,3
NewYolo_ClassifierV1_train_137A43585_jpg.rf.1055c0c9e1593667efcde9bba551d244.jpg,2,25.98,0,1
NewYolo_ClassifierV1_train_137A43585_jpg.rf.46b8e9a79bb1b967d0a58830afaac138.jpg,2,20.18,0,8
NewYolo_ClassifierV1_train_137A43585_jpg.rf.a88aecebb4562b513f21a8786a1cacd7.jpg,2,30.32,0,1
NewYolo_ClassifierV1_train_137A43630_jpg.rf.85d4f50d398aa4edee734d2e16d70222.jpg,2,3.62,0,0
NewYolo_ClassifierV1_train_137A43630_jpg.rf.f8c86d7d703cf9e76fea06983542c5c2.jpg,1,9.33,0,6
NewYolo_ClassifierV1_train_137A43633_jpg.rf.1c2e9e7cc82599e4412134cafa5e8713.jpg,1,6.52,0,0
NewYolo_ClassifierV1_train_137A43633_jpg.rf.3d4dba16b866785cd48ce7245676fce9.jpg,2,1.6,0,4
NewYolo_ClassifierV1_train_137A43683_jpg.rf.20c97e7d8aabe5457a2f1c51d9e1b6a0.jpg,2,12.64,0,5
NewYolo_ClassifierV1_train_137A43697_jpg.rf.ce4149048449673dc045be06c6308c26.jpg,1,26.55,0,1
NewYolo_ClassifierV1_train_137A43697_jpg.rf.d69ad9f4793db985f5c67c1c83608cde.jpg,2,13.31,0,6
NewYolo_ClassifierV1_train_137A43725_jpg.rf.01464d14adb63817f66790a9b458b06f.jpg,2,10.0,0,7
NewYolo_ClassifierV1_train_137A43741_jpg.rf.ca7410715506820e9a20c7df5698674e.jpg,2,30.17,0,2
NewYolo_ClassifierV1_train_137A43758_jpg.rf.1cc8eed11958260c3b0d3ab855f0fd82.jpg,0,18.88,0,6
NewYolo_ClassifierV1_train_137A43763_jpg.rf.0255020a3f28b3cf00e289b3aa6c261f.jpg,3,4.44,0,4
NewYolo_ClassifierV1_train_137A43764_jpg.rf.9afff65625da643d1fae39682655ce9d.jpg,2,4.22,0,3
NewYolo_ClassifierV1_train_137A43791_jpg.rf.0d7a142620f4cc37063903f843addb71.jpg,1,19.13,0,7
NewYolo_ClassifierV1_train_137A43791_jpg.rf.8621b53bee06442018ecfd012d41cb27.jpg,2,0.68,0,9
NewYolo_ClassifierV1_train_137A43806_jpg.rf.25dbeb271a014e9ee10cc356ea4a126e.jpg,2,18.0,0,7
NewYolo_ClassifierV1_train_137A43806_jpg.rf.3fbad258206bb797c75ae2a41b300fc4.jpg,2,6.67,0,3
NewYolo_ClassifierV1_train_137A43806_jpg.rf.9635b2fd751bde114ea762efc8a0b4b9.jpg,1,36.87,0,2
NewYolo_ClassifierV1_train_137A43816_jpg.rf.46548e9011b0828ff910e1ae542aa5ee.jpg,0,5.48,0,3
NewYolo_ClassifierV1_train_137A43816_jpg.rf.e8c42a6ebbd739fa88c379a2566dd3cc.jpg,2,4.24,0,3
NewYolo_ClassifierV1_train_139A64360_jpg.rf.44f6dfaba387553810beef59d3969d39.jpg,1,2.69,0,0
NewYolo_ClassifierV1_train_139A64360_jpg.rf.9f273c9fb0bd1e2d7c110298535b7206.jpg,2,5.0,0,6
NewYolo_ClassifierV1_train_139A64377_jpg.rf.41b14f2ca4f6b73f4ef9288efdf6b8e3.jpg,2,20.22,0,6
NewYolo_ClassifierV1_train_139A64377_jpg.rf.5fa720bf8253845e38df895d1810f1dd.jpg,2,2.92,0,4
NewYolo_ClassifierV1_train_139A64433_jpg.rf.4069c27a6320c5f6dc099cac1c45d4f6.jpg,1,13.8,0,6
NewYolo_ClassifierV1_train_139A64438_jpg.rf.e9354f7b74d633ec2115463f4a8c7cd6.jpg,2,25.72,0,7
NewYolo_ClassifierV1_train_139A64450_jpg.rf.907f07fdcfc825904fa510cf19f5ce96.jpg,1,11.39,0,5
NewYolo_ClassifierV1_train_139A64458_jpg.rf.bf59c0a9731a6372d4223a1b5c71325c.jpg,1,3.92,0,3
NewYolo_ClassifierV1_train_139A64477_jpg.rf.1b35321626241bd2e7f80ba90b766b1c.jpg,2,5.91,0,3
NewYolo_ClassifierV1_train_139A64477_jpg.rf.88f6495e49151cf354cfba081aaf22ae.jpg,3,1.49,0,9
NewYolo_ClassifierV1_train_139A64477_jpg.rf.d0b6325e76f599d75ec5d35d541210e9.jpg,1,27.38,0,7
NewYolo_ClassifierV1_train_139A64576_jpg.rf.47ea2875188f4dd17211e8c0c39dd171.jpg,3,24.82,0,8
NewYolo_ClassifierV1_train_139A64577_jpg.rf.049030d9606bfe438ee678e8ef1c4bed.jpg,2,26.45,0,8
NewYolo_ClassifierV1_train_139A64579_jpg.rf.3313d4b8ad156cdc42965d030fc90b51.jpg,2,14.39,0,5
NewYolo_ClassifierV1_train_139A64583_jpg.rf.65bfaad4c5e153fddecfe6afeedd1910.jpg,0,16.55,0,5
NewYolo_ClassifierV1_train_139A64583_jpg.rf.c347dd785b1ed151871ab99eb7e2ad7d.jpg,1,1.17,0,9
NewYolo_ClassifierV1_train_139A64585_jpg.rf.350534a709651c1a6ea2a89ed120662d.jpg,2,5.74,0,0
NewYolo_ClassifierV1_train_139A64586_jpg.rf.a787d4148fd5a783911784f8bfffc3e5.jpg,1,22.71,0,8
NewYolo_ClassifierV1_train_139A64606_jpg.rf.9ba42eaee0b17f379ab936bdd5381c8b.jpg,2,5.0,0,5
NewYolo_ClassifierV1_train_139A64606_jpg.rf.ea98fcb9e6f159d6d14899debba6e87d.jpg,2,24.94,0,2
NewYolo_ClassifierV1_train_139A64628_jpg.rf.9be5419911c30c68f49d73a6eee28a06.jpg,2,1.6,0,9
NewYolo_ClassifierV1_train_139A64743_jpg.rf.884a9db3cb99b1413499c76b422640be.jpg,2,22.68,0,8
NewYolo_ClassifierV1_train_139A64744_jpg.rf.4b19f26123c16da5ef644206640949c1.jpg,1,16.21,0,8
NewYolo_ClassifierV1_train_139A64751_jpg.rf.78411e253ccd6aae53626a9b05ca83ca.jpg,2,34.11,0,2
NewYolo_ClassifierV1_train_139A64757_jpg.rf.34e60e6cd216935be3ecf8bfcf1ee84b.jpg,2,40.85,0,2
NewYolo_ClassifierV1_train_139A64759_jpg.rf.0c5c1b05557478982b814967e9d0e658.jpg,1,51.27,0,2
NewYolo_ClassifierV1_train_139A64759_jpg.rf.af40a7c4317292b2adbf0aca5c52d015.jpg,2,4.31,0,3
NewYolo_ClassifierV1_train_139A64829_jpg.rf.548bd09a58a86d2db07c89f03c2f8d96.jpg,2,2.18,0,9
NewYolo_ClassifierV1_train_139A64847_jpg.rf.4767dbfc4dd05ac06d2d955758638eae.jpg,2,60.59,0,2
NewYolo_ClassifierV1_train_139A64847_jpg.rf.630f9eedff606377d5a6c62c3e14fd0f.jpg,2,18.58,0,1
NewYolo_ClassifierV1_train_139A64871_jpg.rf.f20a1cbb73f79963f36d2d3b5354d676.jpg,1,5.79,0,0
NewYolo_ClassifierV1_train_139A64875_jpg.rf.6a47279a42eaedcccf0b14262b0cb9ca.jpg,3,44.35,0,2
NewYolo_ClassifierV1_train_139A64875_jpg.rf.f3e7d9fba3ab5a112fb51467e20d1edd.jpg,2,17.75,0,7
NewYolo_ClassifierV1_train_139A64877_jpg.rf.8c6ce535260c2c87d6cf3811124ed640.jpg,2,4.99,0,3
NewYolo_ClassifierV1_train_139A64883_jpg.rf.8c65ece95492520b0dbf8fe4db3615ea.jpg,3,11.54,0,1
NewYolo_ClassifierV1_train_139A64898_jpg.rf.3d6fbeb14922b18093f33ce1dbca3063.jpg,2,1.49,0,9
NewYolo_ClassifierV1_train_139A64903_jpg.rf.03b40a4d19701a4a62d420a66099e7b4.jpg,1,31.55,0,2
NewYolo_ClassifierV1_train_139A64931_jpg.rf.88b62ebccc32071f994db0a51d0ef7a7.jpg,3,23.57,0,1
NewYolo_ClassifierV1_train_139A64989_jpg.rf.fa25dc00326e4b3b70980872326585b2.jpg,1,35.17,0,1
NewYolo_ClassifierV1_train_139A65009_jpg.rf.1e0fbcefbdd241a0e21b57063047d0be.jpg,1,3.72,0,4
NewYolo_ClassifierV1_train_139A65018_jpg.rf.bcbc5b37b26a0614a5e0490ede0182ca.jpg,3,7.59,0,6
NewYolo_ClassifierV1_train_139A65093_jpg.rf.8f719bef0c940c22f12b6fb9247f41ce.jpg,2,19.72,0,1
NewYolo_ClassifierV1_train_139A65113_jpg.rf.15001f17667b82046869a9440bcc5b37.jpg,2,9.45,0,6
NewYolo_ClassifierV1_train_139A65113_jpg.rf.668005bf8eeecd3e981b179874c5f073.jpg,0,41.81,0,2
NewYolo_ClassifierV1_train_139A65113_jpg.rf.86bd66cfdf2888a9f6a23f3a39818bb8.jpg,2,2.06,0,3
NewYolo_ClassifierV1_train_139A65218_jpg.rf.7503d3cc271c42bdaba773c1ccc2f722.jpg,2,33.75,0,2
NewYolo_ClassifierV1_train_139A65229_jpg.rf.1c2b36a2615b36415d52f9c1ab63c81b.jpg,2,3.53,0,4
NewYolo_ClassifierV1_train_139A65237_jpg.rf.0d59ac3f7c151e095615b4ef4b02d63a.jpg,2,34.62,0,2
NewYolo_ClassifierV1_train_139A65258_jpg.rf.f8f48b0e29f76b46c11b1941d601be94.jpg,2,4.77,0,3
NewYolo_ClassifierV1_train_139A65263_jpg.rf.89e4480d4e9ade506edc0a56df2a9192.jpg,2,1.7,0,9
NewYolo_ClassifierV1_train_139A65263_jpg.rf.cec17445f0d07cf636d01a92b5c82b47.jpg,2,15.89,0,2
NewYolo_ClassifierV1_train_139A65268_jpg.rf.15711ddb869cb27e58ff940bbe713127.jpg,0,21.39,0,8
NewYolo_ClassifierV1_train_139A65268_jpg.rf.b30e8831d4c342c9eca41e69b605900e.jpg,1,22.92,0,6
NewYolo_ClassifierV1_train_139A65317_jpg.rf.9bf8525a8ba4fd25f98078a84d0da91c.jpg,2,5.11,0,0
NewYolo_ClassifierV1_train_139A65395_jpg.rf.6f4fcbc8272110e347d04aa5a7168685.jpg,2,5.79,0,0
NewYolo_ClassifierV1_train_139A65411_jpg.rf.55e38cd8edb9d03e17a9ddf5ead55866.jpg,1,11.7,0,6
NewYolo_ClassifierV1_train_139A65411_jpg.rf.b1e24286d80ee8f9f72e6c37accb0aff.jpg,2,33.11,0,1
NewYolo_ClassifierV1_train_139A65417_jpg.rf.004ac7714bef2498ee8fdd1d0aaf2f6a.jpg,2,5.07,0,0
NewYolo_ClassifierV1_train_139A65428_jpg.rf.ef545b45cd8864c8e4957dc6c72301dc.jpg,1,18.77,0,5
NewYolo_ClassifierV1_train_145A10039_jpg.rf.1ea9bb8d68fa8d1c5bc1400906ff6de1.jpg,1,8.0,0,8
NewYolo_ClassifierV1_train_145A10040_jpg.rf.b92f2b6fc3d23c267696d698275ea8e4.jpg,2,17.7,0,1
NewYolo_ClassifierV1_train_145A10040_jpg.rf.e7dc9043d35fbab181641275e59868ec.jpg,1,8.35,0,5
NewYolo_ClassifierV1_train_145A10068_jpg.rf.8b422f68f33edf4c91e35c375db2057e.jpg,1,15.01,0,7
NewYolo_ClassifierV1_train_145A10089_jpg.rf.120d020c9b54be45f3c5baa700e22c6a.jpg,2,31.73,0,7
NewYolo_ClassifierV1_train_145A10089_jpg.rf.b4a2c255b2eb6469abd07158e7cf774d.jpg,1,13.41,0,8
NewYolo_ClassifierV1_train_145A10110_jpg.rf.2eceeba3d78cf2b4d01d0e8fa08bcd65.jpg,2,14.38,0,7
NewYolo_ClassifierV1_train_145A10115_jpg.rf.e2bd990586245bd99dfa6d819fa43353.jpg,2,6.71,0,0
NewYolo_ClassifierV1_train_145A10121_jpg.rf.2dc01d88a6b60ad56d0e41273b884358.jpg,1,61.61,0,2
NewYolo_ClassifierV1_train_145A10122_jpg.rf.06e5544942a92918060c6c78a4b0b864.jpg,2,1.07,0,3
NewYolo_ClassifierV1_train_145A10126_jpg.rf.dbc79da85ce09407cf959b85477c2236.jpg,1,22.74,0,6
NewYolo_ClassifierV1_train_145A10134_jpg.rf.e789421e80b2b2e2db7bc64e6823ac83.jpg,1,10.8,0,5
NewYolo_ClassifierV1_train_145A10135_jpg.rf.3039b4cdd84b820594d087e533883617.jpg,1,29.46,0,7
NewYolo_ClassifierV1_train_145A10137_jpg.rf.49fe2a44a63e0ad67217aeb7e35f0a77.jpg,2,5.0,0,6
NewYolo_ClassifierV1_train_145A10152_jpg.rf.0707611d268cb6e75715e63f8d737eaa.jpg,2,5.53,0,0
NewYolo_ClassifierV1_train_145A10184_jpg.rf.cb0d83ed0575443ebe9a6302fa37c4ea.jpg,2,6.41,0,6
NewYolo_ClassifierV1_train_145A10187_jpg.rf.55ed0747556c1f9945f1de6e17e4b35f.jpg,0,18.68,0,6
NewYolo_ClassifierV1_train_145A10187_jpg.rf.b0ee2e884edb5d8643d6170517397321.jpg,2,20.49,0,7
NewYolo_ClassifierV1_train_145A10205_jpg.rf.55ed8621cf01e4884cebce660b86ca30.jpg,1,16.94,0,5
NewYolo_ClassifierV1_train_145A10210_jpg.rf.984a5ed267fcd678f8b17dff0febd270.jpg,2,19.82,0,1
NewYolo_ClassifierV1_train_145A10236_jpg.rf.83aa0f4f8392f561398753edbf756108.jpg,1,22.68,0,1
NewYolo_ClassifierV1_train_145A10243_jpg.rf.ba94e694790c620d27078846c87eb773.jpg,2,5.23,0,0
NewYolo_ClassifierV1_train_145A10244_jpg.rf.60edb872f695070b4aaa8880570c4d77.jpg,1,1.53,0,9
NewYolo_ClassifierV1_train_145A10249_jpg.rf.2024ab03e12bc2b3263fdacd2ad492d4.jpg,2,47.82,0,2
NewYolo_ClassifierV1_train_145A10252_jpg.rf.d4deb169de1031e2dcf2c49b0ba0abba.jpg,0,5.43,0,0
NewYolo_ClassifierV1_train_145A10254_jpg.rf.e74736ca181184613e771b7c6785c765.jpg,1,3.05,0,4
NewYolo_ClassifierV1_train_145A10285_jpg.rf.2573f7ef951972cf767315a7a5c310a9.jpg,3,23.75,0,6
NewYolo_ClassifierV1_train_145A10285_jpg.rf.e8af65acd37f35838a0d96c47e47860f.jpg,1,14.67,0,6
NewYolo_ClassifierV1_train_145A10287_jpg.rf.198c4a636c4f37502233531158105ef6.jpg,2,5.24,0,4
NewYolo_ClassifierV1_train_145A10293_jpg.rf.d559dac50975d9e2c341a4c6d6d81303.jpg,1,3.35,0,4
NewYolo_ClassifierV1_train_145A10308_jpg.rf.8434a62a402ac5768a61d5a40987f874.jpg,2,35.0,0,2
NewYolo_ClassifierV1_train_145A10308_jpg.rf.f145234df897f5e1c8a5d40932ebd6f0.jpg,2,17.08,0,1
NewYolo_ClassifierV1_train_145A10310_jpg.rf.0690685dfa947d10a5b78ba46f5098dc.jpg,2,2.11,0,9
NewYolo_ClassifierV1_train_145A10314_jpg.rf.df261eaff15cfadac21460c4aee5b5f1.jpg,2,1.89,0,9
NewYolo_ClassifierV1_train_145A10324_jpg.rf.db3054b842d4c7230d8e269aa5569c0b.jpg,2,52.68,0,2
NewYolo_ClassifierV1_train_145A10335_jpg.rf.a0836235038023db42ca98483a22eeaa.jpg,0,37.28,0,2
NewYolo_ClassifierV1_train_145A10343_jpg.rf.72e3c329f6f03237ad2a7415890a856a.jpg,2,5.34,0,3
NewYolo_ClassifierV1_train_145A10356_jpg.rf.0dd3a1a7814befd12cb67f0766ca7e49.jpg,1,17.15,0,5
NewYolo_ClassifierV1_train_145A10357_jpg.rf.bf8be5530b630945510b58133c3ebf1f.jpg,2,39.78,0,2
NewYolo_ClassifierV1_train_145A10371_jpg.rf.88442c2ff8e8163132734a6b51c8f6b1.jpg,1,2.15,0,0
NewYolo_ClassifierV1_train_145A10376_jpg.rf.fb3759659748d12be2d437162a5a1408.jpg,2,4.47,0,3
NewYolo_ClassifierV1_train_145A10429_jpg.rf.801a8de51d03d00539167665b400e801.jpg,3,13.66,0,7
NewYolo_ClassifierV1_train_145A10429_jpg.rf.c073dbed300ae980ac5be9792b7edfd6.jpg,2,1.82,0,9
NewYolo_ClassifierV1_train_145A10438_jpg.rf.76056871dc85c7089f7d16c191499dcc.jpg,2,3.02,0,4
NewYolo_ClassifierV1_train_145A10441_jpg.rf.c303e7f4ad7306c5ade56e8a0ea30238.jpg,1,11.73,0,6
NewYolo_ClassifierV1_train_145A10445_jpg.rf.06eb25dbfa6377fa248642394a4b3510.jpg,0,2.68,0,3
NewYolo_ClassifierV1_train_145A10445_jpg.rf.31bb208f7d5ead26fe3f178b943c12f1.jpg,0,9.85,0,6
NewYolo_ClassifierV1_train_145A10447_jpg.rf.a168bfea6e4b6a39e7aa5ff501c6b2a2.jpg,1,24.15,0,7
NewYolo_ClassifierV1_train_145A10455_jpg.rf.174294eec35d9e10f7c242246247f6f5.jpg,1,8.83,0,0
NewYolo_ClassifierV1_train_145A10467_jpg.rf.b6aaf3ec7a5dea5581b5875a7dffb2a2.jpg,1,3.1,0,4
NewYolo_ClassifierV1_train_145A10470_jpg.rf.0b2026514ae28ffdb6d0809352d66105.jpg,2,1.71,0,9
NewYolo_ClassifierV1_train_145A10474_jpg.rf.bc483da4f4caa30fe7c67481fe8e816c.jpg,1,20.3,0,8
NewYolo_ClassifierV1_train_145A10478_jpg.rf.dd564f7df25b04d463c60c3f08ab4c00.jpg,1,10.86,0,5
NewYolo_ClassifierV1_train_145A10479_jpg.rf.4fd2b0555fdbbc0a6a18a0d9c940b731.jpg,2,5.0,0,6
NewYolo_ClassifierV1_train_145A10480_jpg.rf.825d02838e39728cc99e2f6c19cd42cc.jpg,2,6.56,0,0
NewYolo_ClassifierV1_train_145A10484_jpg.rf.9055eea29ff4a095734473d85f1739bc.jpg,1,14.94,0,5
NewYolo_ClassifierV1_train_145A10485_jpg.rf.898d8419faa0e3af62f0a6f748b8c25e.jpg,2,14.84,0,7
NewYolo_ClassifierV1_train_145A10495_jpg.rf.eaf076e1da051a38817ebfc718238df9.jpg,2,51.85,0,2
NewYolo_ClassifierV1_train_145A10499_jpg.rf.6899b63dfdb4913872d9f69c7beda55e.jpg,2,40.91,0,2
NewYolo_ClassifierV1_train_145A10504_jpg.rf.e97947cb970e533bd065c0f072638095.jpg,2,5.53,0,3
NewYolo_ClassifierV1_train_145A10505_jpg.rf.f80ce8706501c419c628beb5e8bf9507.jpg,3,36.07,0,1
NewYolo_ClassifierV1_train_145A10509_jpg.rf.7c59f475286c944334cea2349f9912db.jpg,2,25.2,0,8
NewYolo_ClassifierV1_train_145A8751_jpg.rf.885af4ec0e6f12ff93345d382ef20103.jpg,2,2.05,0,9
NewYolo_ClassifierV1_train_145A8751_jpg.rf.e3cb0f4d99fc4f4af243022361430af6.jpg,2,31.13,0,1
NewYolo_ClassifierV1_train_145A8752_jpg.rf.bc3a9f1cc1f50f7d2ca5c10f1f529892.jpg,3,6.9,0,0
NewYolo_ClassifierV1_train_145A8752_jpg.rf.c03428b1e961ac91e4a7bb7afaf98cd6.jpg,3,15.81,0,1
NewYolo_ClassifierV1_train_145A8773_jpg.rf.15442f465b2ef594821bceee5e52b050.jpg,1,15.69,0,6
NewYolo_ClassifierV1_train_145A8773_jpg.rf.c53dea5cedf225721b1d32fbbb261071.jpg,2,3.3,0,3
NewYolo_ClassifierV1_train_145A8782_jpg.rf.94706d49c71b1137b57a68ab90939676.jpg,2,3.74,0,3
NewYolo_ClassifierV1_train_145A8818_jpg.rf.fda3343af31375b14f41d20e79d3ab40.jpg,2,30.05,0,2
NewYolo_ClassifierV1_train_145A8832_jpg.rf.772f7c41523f373a4f7c675f142d7a55.jpg,3,10.69,0,0
NewYolo_ClassifierV1_train_145A8833_jpg.rf.974b79cb3154c07800a3f9b4bdcd00a7.jpg,2,28.03,0,2
NewYolo_ClassifierV1_train_145A8835_jpg.rf.a9943597b563c10900301a7196acaf42.jpg,2,2.17,0,9
NewYolo_ClassifierV1_train_145A8835_jpg.rf.a9c448ec26c64cd2eaa503d9932d0f7b.jpg,2,14.3,0,7
NewYolo_ClassifierV1_train_145A8908_jpg.rf.17fd830a9a51daab27ebbd74d1fdb8fe.jpg,2,3.06,0,3
NewYolo_ClassifierV1_train_145A8919_jpg.rf.0c864bd492ea64bbdb17ee90ddc48b6d.jpg,2,32.21,0,2
NewYolo_ClassifierV1_train_145A8944_jpg.rf.af06494e013c80f1ec09b04354dd03b5.jpg,1,5.0,0,6
NewYolo_ClassifierV1_train_145A8954_jpg.rf.578f98ec46d335a616a7a8f49528d4bd.jpg,2,4.98,0,3
NewYolo_ClassifierV1_train_145A8988_jpg.rf.45631e18b9464f4e75020b670f395dc8.jpg,2,8.17,0,6
NewYolo_ClassifierV1_train_145A9018_jpg.rf.c61c50f09cd8bbe73764024fdd79cd18.jpg,2,3.17,0,4
NewYolo_ClassifierV1_train_145A9036_jpg.rf.54418340eda3aab6c5c295d5cec6143a.jpg,2,1.15,0,9
NewYolo_ClassifierV1_train_145A9081_jpg.rf.8c1fd89e13a6560e22e133064d4b5569.jpg,2,4.33,0,3
NewYolo_ClassifierV1_train_145A9081_jpg.rf.c5903df10803e848fdc20f3ad33e22ff.jpg,1,28.19,0,1
NewYolo_ClassifierV1_train_145A9086_jpg.rf.3cfb32161df3472e4f942f6b84d0f1a3.jpg,3,26.65,0,7
NewYolo_ClassifierV1_train_145A9102_jpg.rf.281b8395ed94bc86a3499f3ae1bd5b31.jpg,2,3.28,0,4
NewYolo_ClassifierV1_train_145A9107_jpg.rf.dc8f0c3812cda1775164336851950e88.jpg,0,13.97,0,7
NewYolo_ClassifierV1_train_145A9109_jpg.rf.ace9b02bb22c3796875d1028f1419b3a.jpg,2,27.54,0,2
NewYolo_ClassifierV1_train_145A9125_jpg.rf.f31cfa7330a0fa6d584ebce14bf1c936.jpg,0,4.19,0,4
NewYolo_ClassifierV1_train_145A9129_jpg.rf.3d0eae9170ccaf7479a912571791fbd6.jpg,2,4.27,0,3
NewYolo_ClassifierV1_train_145A9131_jpg.rf.f545e64eb7da2b505d73937af098112f.jpg,2,1.07,0,9
NewYolo_ClassifierV1_train_145A9148_jpg.rf.9f574e74cc41d7847a05c4d4e0411461.jpg,2,43.86,0,2
NewYolo_ClassifierV1_train_145A9157_jpg.rf.26d085edd9adc3fedb81e62f00cf423f.jpg,2,18.07,0,8
NewYolo_ClassifierV1_train_145A9157_jpg.rf.411d8239153411aaee1968d2f0da828a.jpg,2,1.03,0,9
NewYolo_ClassifierV1_train_145A9177_jpg.rf.31b5539650deb9b19b8fb69dff6b6395.jpg,1,18.6,0,7
NewYolo_ClassifierV1_train_145A9177_jpg.rf.3cc4c5799ed3f0aaba6897e6bc489768.jpg,0,4.76,0,3
NewYolo_ClassifierV1_train_145A9195_jpg.rf.071850fab18fe19d2488d7a2b858fce5.jpg,0,3.66,0,3
NewYolo_ClassifierV1_train_145A9195_jpg.rf.90b123181b9927b84b5fbbb753a1c1ce.jpg,2,39.87,0,2
NewYolo_ClassifierV1_train_145A9195_jpg.rf.d6dc065057c00693d5287d49d206cf38.jpg,2,1.04,0,9
NewYolo_ClassifierV1_train_145A9241_jpg.rf.c4dece217b4d25528cdd14ff997bec52.jpg,2,10.97,0,8
NewYolo_ClassifierV1_train_145A9255_jpg.rf.bf3c621c2cb685324965b251969b2d9c.jpg,2,14.88,0,7
NewYolo_ClassifierV1_train_145A9256_jpg.rf.18404f4962d978b601970c162a67b371.jpg,2,3.47,0,0
NewYolo_ClassifierV1_train_145A9256_jpg.rf.7355d1a320a292373681fd97f9362b51.jpg,1,24.07,0,1
NewYolo_ClassifierV1_train_145A9278_jpg.rf.204b58554c8e1cb20ba3e844228fa188.jpg,1,19.78,0,6
NewYolo_ClassifierV1_train_145A9284_jpg.rf.71bbc0e862c93c3b75ef594645ca6145.jpg,2,23.73,0,1
NewYolo_ClassifierV1_train_145A9291_jpg.rf.611412b7bdb32ba9b55d3a89c6b4d6ff.jpg,2,10.24,0,7
NewYolo_ClassifierV1_train_145A9291_jpg.rf.7a2f4de43dedf72276ccf8ef7ceaa639.jpg,2,2.15,0,3
NewYolo_ClassifierV1_train_145A9294_jpg.rf.2901db222000381cb8e7a9812d4a34dd.jpg,2,1.2,0,9
NewYolo_ClassifierV1_train_145A9294_jpg.rf.c3fda70ed6c87ff2640b6e8152b9e480.jpg,0,14.32,0,8
NewYolo_ClassifierV1_train_145A9297_jpg.rf.b0e812e5f59a2b4e9bdb5efd48598bc5.jpg,2,2.34,0,4
NewYolo_ClassifierV1_train_145A9297_jpg.rf.ecc15228e33fe8a2881d91825e53e4b5.jpg,1,5.0,0,6
NewYolo_ClassifierV1_train_145A9298_jpg.rf.a3ffa6fa5d5e6a0e4647d2a55a348015.jpg,1,18.89,0,7
NewYolo_ClassifierV1_train_145A9317_jpg.rf.356471bab1b4654a1f765e074cff66c3.jpg,1,17.66,0,1
NewYolo_ClassifierV1_train_145A9317_jpg.rf.a720f2cd6a77576ab908700f68a1c71f.jpg,2,61.0,0,2
NewYolo_ClassifierV1_train_145A9319_jpg.rf.8af9bd6b613ecc2aa42c2b25736e55df.jpg,3,2.64,0,4
NewYolo_ClassifierV1_train_145A9330_jpg.rf.5a02814e3e2cbfa99978da5957cdd5ea.jpg,2,4.71,0,3
NewYolo_ClassifierV1_train_145A9333_jpg.rf.61560c022ed2e73d010baa223fd8f10f.jpg,2,1.32,0,3
NewYolo_ClassifierV1_train_145A9364_jpg.rf.07b805d335b6b8edfc42196e5152a64b.jpg,2,43.93,0,2
NewYolo_ClassifierV1_train_145A9381_jpg.rf.cbec118521689b94abb3429836d6bfdc.jpg,2,42.72,0,2
NewYolo_ClassifierV1_train_145A9385_jpg.rf.02870499915a1cce7fed1b6b418afeed.jpg,2,49.44,0,2
NewYolo_ClassifierV1_train_145A9387_jpg.rf.3c897d3cf3ac98fb12af94de32d151e2.jpg,3,17.38,0,2
NewYolo_ClassifierV1_train_145A9392_jpg.rf.820c2ba1f917c2929e99de0b5703711f.jpg,2,17.82,0,8
NewYolo_ClassifierV1_train_145A9402_jpg.rf.f1d72d3073d12f5471546981b4a385e1.jpg,3,2.33,0,4
NewYolo_ClassifierV1_train_145A9422_jpg.rf.f437bcdbb928deca5b8b73c0f0e263b4.jpg,3,33.31,0,1
NewYolo_ClassifierV1_train_145A9423_jpg.rf.57821f4fc2abe9765ffd34d9c239f267.jpg,2,22.17,0,7
NewYolo_ClassifierV1_train_145A9423_jpg.rf.868425b728fe5a717aad38a942ad50f1.jpg,2,5.06,0,3
NewYolo_ClassifierV1_train_145A9434_jpg.rf.66e530648cba27b92bffae753f6e7a1b.jpg,1,16.4,0,8
NewYolo_ClassifierV1_train_145A9444_jpg.rf.61c2fcecc1024cab7882f7ea42c5e096.jpg,2,8.0,0,8
NewYolo_ClassifierV1_train_145A9444_jpg.rf.b9059373451b462b26fa2659b98f8a01.jpg,0,14.16,0,8
NewYolo_ClassifierV1_train_145A9489_jpg.rf.8da9d4908f3e1f6a9c4e8c547eee8b3c.jpg,1,3.87,0,4
NewYolo_ClassifierV1_train_145A9489_jpg.rf.f6a835dbfe0a5a93a781db64a9d3e427.jpg,2,16.62,0,7
NewYolo_ClassifierV1_train_145A9495_jpg.rf.4d3a361dbf3d2aac986c96775e6274d1.jpg,1,1.33,0,9
NewYolo_ClassifierV1_train_145A9495_jpg.rf.5f56c4ffcac29c02610aa44e560d1f13.jpg,1,32.59,0,1
NewYolo_ClassifierV1_train_145A9497_jpg.rf.4b2bd9f30bd1d596d873b0372133120f.jpg,2,37.14,0,2
NewYolo_ClassifierV1_train_145A9504_jpg.rf.181dff7b3a3ea924b034e944c4d9319f.jpg,2,7.55,0,6
NewYolo_ClassifierV1_train_145A9504_jpg.rf.8e04ec62d80c2faa2d1139eea0fce780.jpg,0,14.1,0,7
NewYolo_ClassifierV1_train_145A9537_jpg.rf.8414d5a76d569548136269feff00ced0.jpg,0,32.2,0,1
NewYolo_ClassifierV1_train_145A9537_jpg.rf.c3087f7cb19bfb35e24fee64064e02e5.jpg,2,16.82,0,5
NewYolo_ClassifierV1_train_145A9597_jpg.rf.a4f7ea9e4c9bc6f91bc0a0de446899e8.jpg,2,44.67,0,2
NewYolo_ClassifierV1_train_145A9597_jpg.rf.feec329c86214af57fa3bfaf8997b787.jpg,2,8.78,0,8
NewYolo_ClassifierV1_train_145A9608_jpg.rf.5b13954b3e8e45a3b62d2bb02ed56997.jpg,0,4.15,0,3
NewYolo_ClassifierV1_train_145A9609_jpg.rf.de572fe2282c2922b6dfa34cb9d40dc2.jpg,1,18.52,0,7
NewYolo_ClassifierV1_train_145A9610_jpg.rf.36e705bc6c3d406ad2cf368289ff7e7a.jpg,0,22.52,0,7
NewYolo_ClassifierV1_train_145A9610_jpg.rf.dafbe7837f4a415a94b9dd2047188c09.jpg,2,4.27,0,3
NewYolo_ClassifierV1_train_145A9614_jpg.rf.4c867436afff3eab3edac9e66eba1c64.jpg,2,37.71,0,2
NewYolo_ClassifierV1_train_145A9614_jpg.rf.781bfda43e702ea7eae2e4f3c83f64e6.jpg,3,4.59,0,3
NewYolo_ClassifierV1_train_145A9624_jpg.rf.0b371a4e8bc134dfeb39c7e67c590808.jpg,2,28.29,0,8
NewYolo_ClassifierV1_train_145A9625_jpg.rf.dce91bac354193ce3d41cbf79067daac.jpg,0,5.0,0,6
NewYolo_ClassifierV1_train_145A9650_jpg.rf.e1e59d1df2e1f53510991bed11eadaba.jpg,3,1.3,0,9
NewYolo_ClassifierV1_train_145A9671_jpg.rf.19131b4251725324e4dc694e4a702d00.jpg,1,7.16,0,6
NewYolo_ClassifierV1_train_145A9671_jpg.rf.c720a1ebbb403711895e5b514fbeb619.jpg,0,10.0,0,2
NewYolo_ClassifierV1_train_145A9697_jpg.rf.11637fa83276d029cc3c3736ca7c516c.jpg,1,31.56,0,8
NewYolo_ClassifierV1_train_145A9718_jpg.rf.02b06c97a95b741df9c74bb95fe4af73.jpg,2,5.12,0,0
NewYolo_ClassifierV1_train_145A9718_jpg.rf.9e831e9fef136d47637bc73f5208b512.jpg,2,2.04,0,0
NewYolo_ClassifierV1_train_145A9719_jpg.rf.b4b070429e4829b369f70283143890d8.jpg,2,45.7,0,2
NewYolo_ClassifierV1_train_145A9720_jpg.rf.72dc8af6bac42919ebdc3034b9af79d5.jpg,1,29.88,0,8
NewYolo_ClassifierV1_train_145A9730_jpg.rf.bc1e923e383d7c7d1a677d53692e2bad.jpg,2,35.56,0,2
NewYolo_ClassifierV1_train_145A9732_jpg.rf.7d9a61e318f1bfdde67973555c6058b4.jpg,2,25.89,0,8
NewYolo_ClassifierV1_train_145A9780_jpg.rf.5593f823b6068a1c7e409399b2231cbe.jpg,1,3.88,0,4
NewYolo_ClassifierV1_train_145A9783_jpg.rf.368ed1ff6a8f1d9f7e2f33c4ae2fbdc4.jpg,2,1.68,0,9
NewYolo_ClassifierV1_train_145A9783_jpg.rf.673778c8be23a2077fb7f8d6d395efe4.jpg,2,34.3,0,1
NewYolo_ClassifierV1_train_145A9785_jpg.rf.90a9aeaacc17d6e18c8be7656beb93eb.jpg,2,1.23,0,9
NewYolo_ClassifierV1_train_145A9793_jpg.rf.3dbc5f83935d6274089afaf7fe4946ed.jpg,3,2.78,0,4
NewYolo_ClassifierV1_train_145A9793_jpg.rf.8836e3004a371d2d4c9e07aa10d49e2a.jpg,1,3.56,0,4
NewYolo_ClassifierV1_train_145A9795_jpg.rf.cbe44f969bedbd63f6aaacbca888bf11.jpg,2,3.5,0,4
NewYolo_ClassifierV1_train_145A9796_jpg.rf.c8db25bed221847292dc7caa86ce20e8.jpg,3,0.9,0,9
NewYolo_ClassifierV1_train_145A9817_jpg.rf.36b97c33f76187b5fbc0ffebd9a75dbc.jpg,2,9.59,0,6
NewYolo_ClassifierV1_train_145A9839_jpg.rf.9bad903066e40539631f2b4bccdd48fb.jpg,2,2.55,0,0
NewYolo_ClassifierV1_train_145A9910_jpg.rf.b5d611930febcbe0c0025768ee3ab825.jpg,2,1.62,0,9
NewYolo_ClassifierV1_train_145A9959_jpg.rf.9e41b4a6d6fe9654558c2c97214e288e.jpg,2,1.75,0,4
NewYolo_ClassifierV1_train_145A9963_jpg.rf.179b7e3e70308892793f882ea8f5b61c.jpg,0,34.35,0,2
NewYolo_ClassifierV1_train_145A9976_jpg.rf.2d8ab9ef606b74763ab1b50974773d70.jpg,1,1.52,0,9
NewYolo_ClassifierV1_train_145A9985_jpg.rf.9410b8e169d026e1f8168dc3cad58bdf.jpg,2,12.15,0,8
NewYolo_ClassifierV1_train_145A9985_jpg.rf.a0259d7fd1202cfe1350b90755161047.jpg,2,2.68,0,4
NewYolo_ClassifierV1_train_145A9986_jpg.rf.5e6296df4375403ea61216789340f6ba.jpg,2,17.03,0,8
NewYolo_ClassifierV1_train_173A2214_jpg.rf.5964847c1589c851607f31a4b8fb3d7e.jpg,2,13.92,0,8
NewYolo_ClassifierV1_train_173A2224_jpg.rf.7ea026a17e17fa7017570525cb763921.jpg,1,16.1,0,8
NewYolo_ClassifierV1_train_173A2241_jpg.rf.4b7823eef9dc8da9f6976f7173ac5e1a.jpg,2,13.86,0,5
NewYolo_ClassifierV1_train_173A2248_jpg.rf.723fa2c52103fb8adbade9f1a0248df3.jpg,3,7.01,0,0
NewYolo_ClassifierV1_train_175A4369_jpg.rf.c5d4174c5d0ab8903c1f963b7a3d05ff.jpg,1,16.05,0,5
NewYolo_ClassifierV1_train_175A4369_jpg.rf.ef04b7e6e99f43b70621c772e0232b97.jpg,2,19.32,0,5
NewYolo_ClassifierV1_train_175A4512_jpg.rf.4c1e372d164a15d195ffe0c02efc065f.jpg,3,10.0,0,7
NewYolo_ClassifierV1_train_175A4512_jpg.rf.86a7c5d0866a2642fa0c8765b353e064.jpg,1,13.18,0,5
NewYolo_ClassifierV1_train_175A4641_jpg.rf.dbe161f81ff775d278798f9b80593cf9.jpg,1,14.55,0,1
NewYolo_ClassifierV1_train_175A4653_jpg.rf.472f3ebc971a94cec4142d92797d730a.jpg,2,2.08,0,9
NewYolo_ClassifierV1_train_175A4653_jpg.rf.b82a5882b2dd1abb9859924ad93d28e2.jpg,2,11.73,0,1
NewYolo_ClassifierV1_train_175A4654_jpg.rf.098c58157108fb8f160850cb3858dc74.jpg,2,12.65,0,6
NewYolo_ClassifierV1_train_175A4654_jpg.rf.5fe63a65518bb7e977fc98305adc4532.jpg,2,24.22,0,7
NewYolo_ClassifierV1_train_175A4655_jpg.rf.17af834756a6d133ec2ca260472f286f.jpg,2,1.83,0,9
NewYolo_ClassifierV1_train_175A4673_jpg.rf.7e59aed475f4a5ac8a73359dc0a043c1.jpg,3,0.81,0,9
NewYolo_ClassifierV1_train_175A4673_jpg.rf.a7bf0474f139ecbfcc45acdaf1c9e0db.jpg,2,4.36,0,3
NewYolo_ClassifierV1_train_175A4679_jpg.rf.bec801c1a31c5fa2085b1c1e89be312a.jpg,2,3.42,0,4
NewYolo_ClassifierV1_train_175A4683_jpg.rf.7961e6248d7d688c528b741f273fbcd4.jpg,2,5.0,0,6
NewYolo_ClassifierV1_train_175A4688_jpg.rf.51fa9d7527bb2d8bade8a20ea5be8159.jpg,1,1.72,0,9
NewYolo_ClassifierV1_train_175A4688_jpg.rf.ff0ba09be86554ba970d1ab62a0b94c3.jpg,2,5.06,0,3
NewYolo_ClassifierV1_train_175A4695_jpg.rf.89d823eff83ac0137029ca64ddda272d.jpg,2,4.89,0,0
NewYolo_ClassifierV1_train_175A4696_jpg.rf.9c76880466feb69a3c5975fd423a3902.jpg,2,38.71,0,2
NewYolo_ClassifierV1_train_177A4075_jpg.rf.5f80b93ec019b476dad233a80da35765.jpg,2,30.45,0,7
NewYolo_ClassifierV1_train_177A4124_jpg.rf.a7ed138cd62c953cad8f59606e0adf88.jpg,2,24.59,0,8
NewYolo_ClassifierV1_train_177A4164_jpg.rf.8f39d9663e4da081102a42970c777d4c.jpg,2,1.73,0,9
NewYolo_ClassifierV1_train_177A4168_jpg.rf.23a9cf5528ddb9b896cd036f1570380b.jpg,0,1.12,0,9
NewYolo_ClassifierV1_train_177A4178_jpg.rf.3513be094289d8d6681173479456baed.jpg,1,17.3,0,1
NewYolo_ClassifierV1_train_177A4178_jpg.rf.f147db36a89430a3a30385a814b19ff7.jpg,2,4.88,0,0
NewYolo_ClassifierV1_train_178A3477_jpg.rf.567873484813e0ad652af7b252862376.jpg,2,1.02,0,9
NewYolo_ClassifierV1_train_178A3477_jpg.rf.63dfd4e74ca53e29d6ad1193fccf0a6a.jpg,2,5.0,0,6
NewYolo_ClassifierV1_train_178A3502_jpg.rf.33a3d3249b8458b6ebf6793765c9f10d.jpg,1,9.53,0,5
NewYolo_ClassifierV1_train_178A3589_jpg.rf.09240e4ade47ebd1723e87d88b69ed63.jpg,3,1.91,0,9
NewYolo_ClassifierV1_train_178A3589_jpg.rf.5b1ea31b8542427ceb6323445dc21c45.jpg,2,5.87,0,3
NewYolo_ClassifierV1_train_178A3598_jpg.rf.049e4296d4c5b0c95fa55e41c06da69b.jpg,1,28.08,0,6
NewYolo_ClassifierV1_train_178A3599_jpg.rf.204ff64d2fa199761645c90bb1d6f503.jpg,0,18.85,0,1
NewYolo_ClassifierV1_train_178A3605_jpg.rf.716e83819dbd2bdb9d683d0f5e8777aa.jpg,3,15.74,0,5
NewYolo_ClassifierV1_train_178A3607_jpg.rf.5b7e3dc7a39be5280964cd6981190fef.jpg,2,26.88,0,7
NewYolo_ClassifierV1_train_178A3653_jpg.rf.3200b4ed661e623af7845ef2e87213ec.jpg,0,30.65,0,2
NewYolo_ClassifierV1_train_178A3657_jpg.rf.c3a5f4e481be8abbd14f147408cf97e1.jpg,2,3.55,0,4
NewYolo_ClassifierV1_train_178A3658_jpg.rf.e24d97cdeb20bf0f310199f108fa0759.jpg,0,20.77,0,7
NewYolo_ClassifierV1_train_178A3659_jpg.rf.d86002615aa982b25c9e888037ba5ce8.jpg,2,32.81,0,7
NewYolo_ClassifierV1_train_178A3660_jpg.rf.194ec87309e869386b6ec27f2c2f25a6.jpg,1,7.65,0,5
NewYolo_ClassifierV1_train_178A3661_jpg.rf.6486b701943f98be2fe33cd0c02bf58b.jpg,1,1.28,0,9
NewYolo_ClassifierV1_train_178A3664_jpg.rf.2f8734e4951e0cf47b0e5d518f90752c.jpg,3,2.95,0,4
NewYolo_ClassifierV1_train_178A3664_jpg.rf.9bf4b21fdb039f49effb94b007b1fc0e.jpg,2,23.31,0,8
NewYolo_ClassifierV1_train_178A3666_jpg.rf.29618779f15c742e3bcde031e5ebe04a.jpg,2,24.02,0,7
NewYolo_ClassifierV1_train_178A3667_jpg.rf.157d8102d4f1d888666e4eacf1200884.jpg,2,7.57,0,0
NewYolo_ClassifierV1_train_179A3484_jpg.rf.de88e8f70b8f9f83c88ac624544fa15f.jpg,2,25.2,0,8
NewYolo_ClassifierV1_train_179A3510_jpg.rf.bf8e33bc98b00dd45e1cc7aec07eed44.jpg,2,16.43,0,7
NewYolo_ClassifierV1_train_179A3607_jpg.rf.1c1872f40c3937ca4baf32dd24c6652c.jpg,3,20.34,0,5
NewYolo_ClassifierV1_train_179A3607_jpg.rf.9aeb54b3fe9b7f4a5a95f60ae440f031.jpg,2,24.84,0,6
NewYolo_ClassifierV1_train_179A3611_jpg.rf.0a9f038321738e6df5eda7d6ef586c3f.jpg,2,23.11,0,2
NewYolo_ClassifierV1_train_179A3643_jpg.rf.09e311504ff70fc9260999e25d99149c.jpg,2,24.15,0,8
NewYolo_ClassifierV1_train_179A3647_jpg.rf.c9acc88aa66e4dc3b32cc5c40a4e5a07.jpg,1,29.53,0,1
NewYolo_ClassifierV1_train_179A3647_jpg.rf.da7b54f44476c96396bbea458041e592.jpg,1,1.75,0,9
NewYolo_ClassifierV1_train_179A3648_jpg.rf.cf3cf72b3bf0445b1c94e357d9ed0bce.jpg,2,5.0,0,5
NewYolo_ClassifierV1_train_179A3653_jpg.rf.11509a2b5c4ef359ffc0bb67e582f15b.jpg,2,0.92,0,9
NewYolo_ClassifierV1_train_179A3653_jpg.rf.1d1d9e545af89f8038d9d88ce82acc69.jpg,2,1.1,0,9
NewYolo_ClassifierV1_train_179A3658_jpg.rf.d766ad90d70178531b540eb101a558a9.jpg,2,6.08,0,3
NewYolo_ClassifierV1_train_179A3661_jpg.rf.114724ee60fd33e8b4c4f200efba28af.jpg,2,19.59,0,7
NewYolo_ClassifierV1_train_179A3665_jpg.rf.32068e10aa7c343eb3f6cd3ab23859c9.jpg,1,17.56,0,8
NewYolo_ClassifierV1_train_179A3669_jpg.rf.6bb93be08eef253675a960cd9b5ce040.jpg,1,4.85,0,3
NewYolo_ClassifierV1_train_179A3670_jpg.rf.a23bede85185f7d5152214d6068859dc.jpg,1,1.28,0,9
NewYolo_ClassifierV1_train_179A3671_jpg.rf.8a6d5bac9a7bb501b1958012224d2997.jpg,1,24.31,0,7
NewYolo_ClassifierV1_train_179A3672_jpg.rf.9566b70c5a31a7af22c4a3493083db84.jpg,2,21.68,0,1
NewYolo_ClassifierV1_train_179A3674_jpg.rf.01a6b001c9833cd0284ab3df3b91f375.jpg,0,2.48,0,3
NewYolo_ClassifierV1_train_179A3675_jpg.rf.a70ab5891d7b6afc0910b21a9a24dd17.jpg,1,4.34,0,3
NewYolo_ClassifierV1_train_180A3890_jpg.rf.d8bcf854d5a801ad6da807969a48f4b2.jpg,3,19.3,0,7
NewYolo_ClassifierV1_train_180A4272_jpg.rf.82f4926128de18e90082b1b174f1bc55.jpg,2,20.0,0,8
NewYolo_ClassifierV1_train_180A4289_jpg.rf.91c41ae2d369959f55ed0b9ad7bd058a.jpg,3,6.6,0,0
NewYolo_ClassifierV1_train_181A11002_jpg.rf.0cb081e5794f29aae47b900f63e3fd5d.jpg,2,13.62,0,7
NewYolo_ClassifierV1_train_181A11406_jpg.rf.6bc9315d977bea8a5d69add62f244132.jpg,2,9.26,0,6
NewYolo_ClassifierV1_train_181A11476_jpg.rf.b84c5908a7eeb51cc7d7903a497d6ba9.jpg,1,25.72,0,8
NewYolo_ClassifierV1_train_181A11476_jpg.rf.c8771975792572fc27f3abdaa20c6a0e.jpg,2,1.56,0,3
NewYolo_ClassifierV1_train_181A11594_jpg.rf.1f3a36ad3f6068b9ed9193346838d7a7.jpg,1,5.34,0,3
NewYolo_ClassifierV1_train_181A11643_jpg.rf.019599b0dceb17debb29c8dc68fb9048.jpg,2,41.08,0,2
NewYolo_ClassifierV1_train_181A11643_jpg.rf.1926766d02cc43cf7b0dfd92fc77756f.jpg,3,19.41,0,6
NewYolo_ClassifierV1_train_181A11829_jpg.rf.4da2074155d6ac1d0fbcd005794e4fdb.jpg,2,21.82,0,7
NewYolo_ClassifierV1_train_181A11856_jpg.rf.89938643f5f1c287190a12cc1d6cd1a4.jpg,2,13.88,0,1
NewYolo_ClassifierV1_train_181A11856_jpg.rf.c36ef87ea3da97b0cf15c86fb922eb6d.jpg,2,23.72,0,1
NewYolo_ClassifierV1_train_181A11863_jpg.rf.d543cd61d32e8329e3433bdce6ce47c1.jpg,1,5.58,0,0
NewYolo_ClassifierV1_train_181A11926_jpg.rf.a6cecebb87dd839de3f305d13a5ef733.jpg,2,3.76,0,4
NewYolo_ClassifierV1_train_181A11926_jpg.rf.c81c895bf885ca886822d489380c6a94.jpg,1,1.92,0,9
NewYolo_ClassifierV1_train_181A11934_jpg.rf.607ad4a99980f293a385a07671faa72d.jpg,2,18.38,0,1
NewYolo_ClassifierV1_train_181A11937_jpg.rf.d3bf8481ff8738dcc498d807f925f619.jpg,1,28.05,0,7
NewYolo_ClassifierV1_train_181A11937_jpg.rf.d77209fb212d3fb6c62bb387866224e2.jpg,2,53.43,0,2
NewYolo_ClassifierV1_train_181A11979_jpg.rf.1fc80c22f3f339de5f5c29870a2bb094.jpg,0,28.42,0,7
NewYolo_ClassifierV1_train_181A11980_jpg.rf.38ba6372a15339a9e25e5c5f0b535d99.jpg,2,24.86,0,1
NewYolo_ClassifierV1_train_181A11980_jpg.rf.e498e07ca83b0262f6aa764411bb0150.jpg,2,5.0,0,6
NewYolo_ClassifierV1_train_181A11993_jpg.rf.dbee6381d8f1aad0ec8925c6996b5d1c.jpg,2,11.08,0,1
NewYolo_ClassifierV1_train_181A12006_jpg.rf.b0bc3c29e3dfe83ce92679c60b6c5e06.jpg,2,26.2,0,6
NewYolo_ClassifierV1_train_181A12010_jpg.rf.def852ee8f99f1f631f08b16aad3fcba.jpg,2,1.12,0,9
NewYolo_ClassifierV1_train_181A12014_jpg.rf.2cb8e28d4b2aeff385986e5bb93f5445.jpg,0,14.67,0,5
NewYolo_ClassifierV1_train_181A12014_jpg.rf.7f6e500cfdcf92abfefcb14521c7422f.jpg,1,32.2,0,2
NewYolo_ClassifierV1_train_181A12022_jpg.rf.3b0a811eadeaaa3a1a0740c5282eb9ce.jpg,2,14.89,0,5
NewYolo_ClassifierV1_train_181A12022_jpg.rf.8e2644bfa808f78de8fb8b3235a6261d.jpg,1,16.73,0,5
NewYolo_ClassifierV1_train_181A12022_jpg.rf.c79bc6463bdccc84ae7244fc3b9fa599.jpg,3,5.3,0,3
NewYolo_ClassifierV1_train_181A12030_jpg.rf.350998859d49f6f0538508f37e03eaa4.jpg,2,1.92,0,9
NewYolo_ClassifierV1_train_181A12030_jpg.rf.436a2ee8b625ba57fbd112806b188af8.jpg,2,21.38,0,7
NewYolo_ClassifierV1_train_181A12031_jpg.rf.85c35e9a819d677e18ace40e8bb64ed1.jpg,2,1.89,0,4
NewYolo_ClassifierV1_train_181A12033_jpg.rf.90f646d3b756805743f10897fce8e094.jpg,2,5.76,0,3
NewYolo_ClassifierV1_train_181A12033_jpg.rf.dd13ba7cb257bdc212ed207b2d80d75f.jpg,2,4.8,0,0
NewYolo_ClassifierV1_train_181A12036_jpg.rf.62127cdec4171e97482e7f97ca515e50.jpg,1,40.7,0,2
NewYolo_ClassifierV1_train_181A12036_jpg.rf.8f3b020dfde09f0262c0e915721e4e28.jpg,1,15.34,0,5
NewYolo_ClassifierV1_train_181A12036_jpg.rf.b0317b4e1b49aa074caca987b7dc0b27.jpg,2,28.67,0,1
NewYolo_ClassifierV1_train_181A12038_jpg.rf.4a14285893e66cb6c32730f228939ee6.jpg,2,5.35,0,3
NewYolo_ClassifierV1_train_181A12044_jpg.rf.889ee6514fe5678ee930808f9b50e0db.jpg,2,23.77,0,8
NewYolo_ClassifierV1_train_181A12048_jpg.rf.a8c9390445b88249b8287c627b8b4f8d.jpg,2,39.21,0,2
NewYolo_ClassifierV1_train_181A12048_jpg.rf.c2c457938088047f0abc1549d49b0026.jpg,2,3.34,0,4
NewYolo_ClassifierV1_train_182A2817_jpg.rf.02155824c5eee70d99b34e7bddfac4a8.jpg,2,20.93,0,2
NewYolo_ClassifierV1_train_182A2817_jpg.rf.acaa4f5a8b762cc9e0a3f10a403ad4b5.jpg,2,6.85,0,0
NewYolo_ClassifierV1_train_184A1739_jpg.rf.1de9bdf5de964e94aaa2583027049ca9.jpg,1,27.55,0,1
NewYolo_ClassifierV1_train_184A1739_jpg.rf.ae0198976f262450291f3e9c168c5149.jpg,0,23.27,0,7
NewYolo_ClassifierV1_train_184A1748_jpg.rf.4f1814738d3afd192bf12540893bedcd.jpg,0,23.76,0,7
NewYolo_ClassifierV1_train_184A1748_jpg.rf.f9d06204e43e251b205b5abee3aebab9.jpg,2,32.68,0,2
NewYolo_ClassifierV1_train_184A1807_jpg.rf.baef715fedaf2e8c49c5715839f602eb.jpg,0,2.15,0,9
NewYolo_ClassifierV1_train_184A1815_jpg.rf.ae9f16471005762458b92df47421188c.jpg,2,2.83,0,4
NewYolo_ClassifierV1_train_184A1819_jpg.rf.85bc6572490561369e3bec02cb41cac7.jpg,2,2.91,0,4
NewYolo_ClassifierV1_train_184A1819_jpg.rf.d077e30f3c555ce342ad66d5617174f6.jpg,2,11.91,0,1
NewYolo_ClassifierV1_train_184A1822_jpg.rf.2d9b4f7aa8d8fdbf2b710186ffd088e6.jpg,2,16.64,0,6
NewYolo_ClassifierV1_train_184A1822_jpg.rf.950335965ae71b67e704bcea1953f26c.jpg,1,36.21,0,2
NewYolo_ClassifierV1_train_184A1822_jpg.rf.aba4a8ce7d8d807328e6ef107fe43782.jpg,3,21.93,0,8
NewYolo_ClassifierV1_train_185A2141_jpg.rf.92a97dd80892a3385687fb71d667c6a6.jpg,2,24.53,0,1
NewYolo_ClassifierV1_train_185A2177_jpg.rf.33862f151dd54fc622f5a55035152d72.jpg,3,28.23,0,8
NewYolo_ClassifierV1_train_185A2274_jpg.rf.9c190c155307eb243c9b5740ef503ebb.jpg,2,2.16,0,3
NewYolo_ClassifierV1_train_185A2288_jpg.rf.b7053f906ff8625c4ff11e30ebe0202a.jpg,1,7.0,0,0
NewYolo_ClassifierV1_train_185A2299_jpg.rf.5b6534cb9d6b7d66d894aa98400fd69a.jpg,0,16.27,0,5
NewYolo_ClassifierV1_train_185A2328_jpg.rf.9ba800dfc3f03e224838205f96798281.jpg,2,19.93,0,8
NewYolo_ClassifierV1_train_185A2328_jpg.rf.d8171738d00f0b422f274f3a064b1ba6.jpg,3,10.0,0,7
NewYolo_ClassifierV1_train_185A2332_jpg.rf.2e4f82adc2ed78d4f57fd01aacaacc0b.jpg,1,4.88,0,4
NewYolo_ClassifierV1_train_190A10_jpg.rf.588b7690259493d690895e95b2dbd367.jpg,2,5.0,0,6
NewYolo_ClassifierV1_train_190A11628_jpg.rf.a003e7fbaf04e69080c3944a87260fa1.jpg,0,7.04,0,5
NewYolo_ClassifierV1_train_190A12436_jpg.rf.e663d644ea0fb648adf67e74fa3e14ea.jpg,1,18.96,0,2
NewYolo_ClassifierV1_train_190A13734_jpg.rf.2101d14bd962d3522b85f210eaf4333d.jpg,1,32.31,0,7
NewYolo_ClassifierV1_train_190A13734_jpg.rf.affa38df0db16097f8952b9587efec46.jpg,2,31.22,0,2
NewYolo_ClassifierV1_train_190A13829_jpg.rf.cacb43e9582f1d518c767b6b167299b8.jpg,2,3.97,0,0
NewYolo_ClassifierV1_train_190A14_jpg.rf.794f72e5e80e3da088a710769f1e0d6d.jpg,2,34.0,0,2
NewYolo_ClassifierV1_train_190A18_jpg.rf.d83cc55459cdf4d3a9e398d971965110.jpg,2,14.9,0,5
NewYolo_ClassifierV1_train_190A22_jpg.rf.c4b6677a2a5589d70a008520445fb726.jpg,2,32.22,0,2
NewYolo_ClassifierV1_train_190A23_jpg.rf.309ef3c0b1f0cf4026e2c311e2e1e8ab.jpg,2,1.0,0,3
NewYolo_ClassifierV1_train_190A3_jpg.rf.3318286459a50017347587c629b6021c.jpg,3,38.91,0,2
NewYolo_ClassifierV1_train_190A4_jpg.rf.3ceb8a364157e29e264553984bda523a.jpg,2,0.72,0,9
NewYolo_ClassifierV1_train_190A6_jpg.rf.cd1e324862a9e67c25f105a0f9c0818f.jpg,0,20.77,0,8
NewYolo_ClassifierV1_train_192A10076_jpg.rf.3183b6ba35bd1bd43f1bbbdde2acc460.jpg,2,28.95,0,2
NewYolo_ClassifierV1_train_192A10076_jpg.rf.af12b3f5327af1b166effd32115be27e.jpg,1,4.22,0,4
NewYolo_ClassifierV1_train_192A10076_jpg.rf.d4ab2157fc34a1dcaea783b7812d4d06.jpg,2,0.87,0,9
NewYolo_ClassifierV1_train_192A10095_jpg.rf.8d1aa093fb65a329c51d59bcc79ddd50.jpg,2,6.53,0,0
NewYolo_ClassifierV1_train_192A10099_jpg.rf.20b7c6e26bb477d1d08adfbf0f606429.jpg,2,24.95,0,1
NewYolo_ClassifierV1_train_192A10119_jpg.rf.d257c1e33615f3232f7e44b56a930dff.jpg,2,25.96,0,5
NewYolo_ClassifierV1_train_192A10120_jpg.rf.186d0b1169d461971a88d72759016b59.jpg,2,5.3,0,4
NewYolo_ClassifierV1_train_192A10321_jpg.rf.7e458d9b862aae3c8b3ffa0b5cc8d18f.jpg,0,5.95,0,5
NewYolo_ClassifierV1_train_192A103_jpg.rf.999bd0dbd7652288e5086064799ed5cc.jpg,2,6.26,0,0
NewYolo_ClassifierV1_train_192A10681_jpg.rf.f23b97249b16702b89941e2691d0e382.jpg,3,21.03,0,8
NewYolo_ClassifierV1_train_192A10682_jpg.rf.de1510acea41d8732422614ea7f0791a.jpg,2,14.35,0,5
NewYolo_ClassifierV1_train_192A10719_jpg.rf.b915c5310191fbda2138e0f632e14ae5.jpg,2,35.08,0,2
NewYolo_ClassifierV1_train_192A10721_jpg.rf.ce1406bd661434fe4fb97a95c2ce3d56.jpg,1,16.14,0,7
NewYolo_ClassifierV1_train_192A10787_jpg.rf.691d1dbe03ae11910076eaec04619351.jpg,2,4.58,0,4
NewYolo_ClassifierV1_train_192A10787_jpg.rf.9594e3cb34b09e493a926defdb3fca75.jpg,1,18.1,0,5
NewYolo_ClassifierV1_train_192A10882_jpg.rf.875d6319294931d5522df9e48d84b637.jpg,0,15.44,0,8
NewYolo_ClassifierV1_train_192A10886_jpg.rf.0a23c620b3e5fffb458eda442085af9a.jpg,3,8.0,0,8
NewYolo_ClassifierV1_train_192A10887_jpg.rf.6b35cae5edf1e2da90635496d7f16b27.jpg,2,3.24,0,4
NewYolo_ClassifierV1_train_192A10887_jpg.rf.a60175952abd47fe5d7d536571eb3024.jpg,2,25.81,0,8
NewYolo_ClassifierV1_train_192A10924_jpg.rf.1f5fbc6e68c5037fe1a1364e3c05a22a.jpg,2,10.73,0,8
NewYolo_ClassifierV1_train_192A10924_jpg.rf.2b10c5351a39003c1af21d234808442e.jpg,0,17.47,0,5
NewYolo_ClassifierV1_train_192A10924_jpg.rf.9fc96977d341ec623aa30c083efb641d.jpg,2,3.32,0,3
NewYolo_ClassifierV1_train_192A10968_jpg.rf.54962c480a6c7e1be0450c1b840ced8d.jpg,2,4.18,0,3
NewYolo_ClassifierV1_train_192A10971_jpg.rf.3a29de9956e74874e2174300f4f00729.jpg,1,17.07,0,8
NewYolo_ClassifierV1_train_192A10979_jpg.rf.1c8f5ad9f4e5fb976159561f60af73cd.jpg,2,19.05,0,5
NewYolo_ClassifierV1_train_192A10979_jpg.rf.8f5043f2f5672b815c717454f3e94dc5.jpg,1,39.14,0,2
NewYolo_ClassifierV1_train_192A11043_jpg.rf.9853a32c910fc0755cb895aa2dedd802.jpg,1,12.34,0,1
NewYolo_ClassifierV1_train_192A11044_jpg.rf.2a94657301b05663dbd3a842c5e66891.jpg,0,6.29,0,0
NewYolo_ClassifierV1_train_192A11047_jpg.rf.7547e416da6e7a31e467b5353134c5d2.jpg,3,35.24,0,2
NewYolo_ClassifierV1_train_192A11047_jpg.rf.bd596565414d63c3779e4d46df430dc6.jpg,1,36.09,0,2
NewYolo_ClassifierV1_train_192A11060_jpg.rf.b101d25f60c294316e9200b8f1f35ee6.jpg,3,29.06,0,6
NewYolo_ClassifierV1_train_192A11061_jpg.rf.253d0d5ade517cdaa4f0c5ba9cb5df06.jpg,2,16.71,0,1
NewYolo_ClassifierV1_train_192A11061_jpg.rf.fbedf5280131cb7522c2d38837e03163.jpg,2,1.62,0,9
NewYolo_ClassifierV1_train_192A11085_jpg.rf.7bc0b30abd4019118219726130d61782.jpg,1,26.23,0,2
NewYolo_ClassifierV1_train_192A11085_jpg.rf.a9b557a95589d226f3236f8c85130f65.jpg,2,17.26,0,5
NewYolo_ClassifierV1_train_192A11256_jpg.rf.f2cb243498d34409a5ba8a390436491d.jpg,0,20.17,0,1
NewYolo_ClassifierV1_train_192A11268_jpg.rf.1a15e0a4161004a387f0c44a330ff00d.jpg,2,5.0,0,3
NewYolo_ClassifierV1_train_192A11848_jpg.rf.29f67f6af593ec91f929a699a0222a46.jpg,1,22.84,0,1
NewYolo_ClassifierV1_train_192A11848_jpg.rf.7e749a082f7d3a5e988cb487f5735121.jpg,2,16.78,0,5
NewYolo_ClassifierV1_train_192A11936_jpg.rf.a5d9d44250aa696201fa1543c55f5dd0.jpg,1,10.09,0,6
NewYolo_ClassifierV1_train_192A11936_jpg.rf.b320d4dd35169338be5b0f2b7551217e.jpg,1,33.31,0,2
NewYolo_ClassifierV1_train_192A11945_jpg.rf.6f279a02699943ecdd2c964c36794b1e.jpg,0,19.55,0,8
NewYolo_ClassifierV1_train_192A11945_jpg.rf.a7cd73eba18d2d1f40f383ba9cb16d61.jpg,0,21.45,0,8
NewYolo_ClassifierV1_train_192A11945_jpg.rf.f098b75d9b7b079342c4d44bd0abf79d.jpg,0,6.08,0,6
NewYolo_ClassifierV1_train_192A12459_jpg.rf.4df84d431ce035538b9d0b847d9e8689.jpg,2,3.78,0,0
NewYolo_ClassifierV1_train_192A12459_jpg.rf.f88604e9d11738187278a03408097c37.jpg,1,32.86,0,8
NewYolo_ClassifierV1_train_192A12489_jpg.rf.4a84882632b62218fc2cba45fa5cb899.jpg,1,20.38,0,5
NewYolo_ClassifierV1_train_192A12489_jpg.rf.c56a0a975343fb7bfae03252d2cf096d.jpg,2,24.23,0,8
NewYolo_ClassifierV1_train_192A12518_jpg.rf.8442efc674f7ee942fd08a05971bcc6f.jpg,1,4.25,0,4
NewYolo_ClassifierV1_train_192A12530_jpg.rf.ee51012346cab9c8e74591fd36e3e6b1.jpg,3,35.24,0,2
NewYolo_ClassifierV1_train_192A12594_jpg.rf.03c4706afd8739bfe13963f69a32faf8.jpg,2,5.76,0,0
NewYolo_ClassifierV1_train_192A12594_jpg.rf.5fca637ebd54c1ae15392ab4823fac33.jpg,3,21.16,0,8
NewYolo_ClassifierV1_train_192A12594_jpg.rf.61fe64569e296ae675144a2672921b36.jpg,2,5.49,0,0
NewYolo_ClassifierV1_train_192A12701_jpg.rf.5288c6386ec8bd51d5dddc0e890d5833.jpg,1,3.55,0,4
NewYolo_ClassifierV1_train_192A12701_jpg.rf.ee719130c807b64c73e3a38f3ed28c3e.jpg,2,14.59,0,5
NewYolo_ClassifierV1_train_192A12778_jpg.rf.98de981d622c925378198df72509ff8b.jpg,1,37.17,0,2
NewYolo_ClassifierV1_train_192A12855_jpg.rf.2d747c8ac4aef391a86aff8cb3d5f62e.jpg,2,37.73,0,2
NewYolo_ClassifierV1_train_192A12855_jpg.rf.6b9692f5eea2860ec7a916b261ccdf4b.jpg,0,46.61,0,2
NewYolo_ClassifierV1_train_192A12856_jpg.rf.5c5dc54306ab64e98eef5d14621bdeae.jpg,1,23.38,0,7
NewYolo_ClassifierV1_train_192A12856_jpg.rf.9e3dfc19bddbf346e0a5938c7853531f.jpg,2,1.64,0,4
NewYolo_ClassifierV1_train_192A12860_jpg.rf.b41e1de3dcb3cc4920892029bd72f09c.jpg,2,1.62,0,4
NewYolo_ClassifierV1_train_192A12866_jpg.rf.821f7a3ceb7edb6640246e1292b728d3.jpg,2,20.35,0,1
NewYolo_ClassifierV1_train_192A12896_jpg.rf.ccab320cf71cf282c6389a0eedc75b05.jpg,2,3.07,0,0
NewYolo_ClassifierV1_train_192A12896_jpg.rf.ec31de051410e0f9c12ec5c52a05bcf0.jpg,2,24.78,0,1
NewYolo_ClassifierV1_train_192A13262_jpg.rf.98a19bb299c331344bbf20002f384236.jpg,2,8.04,0,5
NewYolo_ClassifierV1_train_192A13273_jpg.rf.0cbe860fd836d95130e7509638684894.jpg,3,6.27,0,3
NewYolo_ClassifierV1_train_192A13273_jpg.rf.bd49a26810abc773ece62e9791eab9c5.jpg,2,10.22,0,6
NewYolo_ClassifierV1_train_192A13279_jpg.rf.60e7a4627a17896d60d574066d0f743c.jpg,1,35.71,0,8
NewYolo_ClassifierV1_train_192A13279_jpg.rf.cac4df3ef9e7878e3c79038dfd4875de.jpg,3,1.0,0,3
NewYolo_ClassifierV1_train_192A13409_jpg.rf.688e1fdd5f44156a1fe58974d4f3fa24.jpg,1,1.28,0,9
NewYolo_ClassifierV1_train_192A13409_jpg.rf.e94fbd4b97f16f93c126d3197ea64f1d.jpg,2,30.7,0,2
NewYolo_ClassifierV1_train_192A13457_jpg.rf.cf32738449a8ac0cfbd6e47c4350c81d.jpg,2,3.13,0,3
NewYolo_ClassifierV1_train_192A13457_jpg.rf.f1fa6507bb78617eaa3c7a67d16f49f4.jpg,3,7.29,0,0
NewYolo_ClassifierV1_train_192A13516_jpg.rf.1c7d98cf6319b8f74da7a20e18eb6cd7.jpg,2,32.24,0,7
NewYolo_ClassifierV1_train_192A13516_jpg.rf.9c11f3a327d342d1e1b3323e607812ab.jpg,2,1.33,0,9
NewYolo_ClassifierV1_train_192A13648_jpg.rf.5a8842722cae762784954d2e40bd21f5.jpg,2,13.16,0,6
NewYolo_ClassifierV1_train_192A13648_jpg.rf.953e498f21d44350f0f54ff0e4766c82.jpg,2,15.73,0,5
NewYolo_ClassifierV1_train_192A13648_jpg.rf.df21a96cf2c4e6554528494ce3f03dcc.jpg,2,9.56,0,6
NewYolo_ClassifierV1_train_192A13649_jpg.rf.47e00844d66ac6e1ea4d3cede13fb7ca.jpg,1,0.63,0,9
NewYolo_ClassifierV1_train_192A13650_jpg.rf.177a9111345e255ae91f1834506d6890.jpg,2,33.57,0,1
NewYolo_ClassifierV1_train_192A13650_jpg.rf.5c360da3bc83a479427300e61d7535e2.jpg,2,5.68,0,4
NewYolo_ClassifierV1_train_192A13650_jpg.rf.a8176339048b6f31d508c4c5ad978cc1.jpg,1,0.5,0,9
NewYolo_ClassifierV1_train_192A13795_jpg.rf.8e66bfedfa7805ab5b9073b4ddabf712.jpg,3,21.98,0,5
NewYolo_ClassifierV1_train_192A13795_jpg.rf.9b4d0ede7122f0c56734e5d993a18803.jpg,0,4.01,0,0
NewYolo_ClassifierV1_train_192A13795_jpg.rf.fbc3c8247f1c7bc80cda3defcf870c33.jpg,2,5.07,0,4
NewYolo_ClassifierV1_train_192A13803_jpg.rf.ac6917687345c3f8f15edae7258185b0.jpg,1,22.68,0,6
NewYolo_ClassifierV1_train_192A13815_jpg.rf.0a3be3c6290f3a0a4e62b0cf226cfd84.jpg,2,22.62,0,8
NewYolo_ClassifierV1_train_192A13815_jpg.rf.cf8675bcd25c4b576c81740df5eb2fe8.jpg,0,4.14,0,4
NewYolo_ClassifierV1_train_192A13821_jpg.rf.a3d5b16f1d380dddcbdd485f8303c571.jpg,2,5.24,0,5
NewYolo_ClassifierV1_train_192A13821_jpg.rf.d3e610f3f451988720ab75c1d321b012.jpg,2,14.55,0,1
NewYolo_ClassifierV1_train_192A13845_jpg.rf.bb231d70cd0b911d132666fcd6aa1f7a.jpg,1,13.68,0,8
NewYolo_ClassifierV1_train_192A13845_jpg.rf.eca751db4d865b50b45ee3a04ba8524e.jpg,0,16.6,0,8
NewYolo_ClassifierV1_train_192A13868_jpg.rf.e4dd876a60724922dd61c46acd8eb32e.jpg,2,22.11,0,1
NewYolo_ClassifierV1_train_192A14086_jpg.rf.c3bc9d0aaa13fbe3bb58d5843bbc1984.jpg,2,2.38,0,4
NewYolo_ClassifierV1_train_192A14110_jpg.rf.aac41b73aa42c450de533dbf4bbfa038.jpg,2,20.72,0,7
NewYolo_ClassifierV1_train_192A14204_jpg.rf.3775fa9e06347b0b112a669d294ab365.jpg,2,27.43,0,1
NewYolo_ClassifierV1_train_192A14204_jpg.rf.829bc6fd2c93fb03c1fca4a5cb306275.jpg,2,47.18,0,2
NewYolo_ClassifierV1_train_192A14204_jpg.rf.ddd1cfbe450a0efed1c0b76863599327.jpg,1,13.54,0,6
NewYolo_ClassifierV1_train_192A142_jpg.rf.0e4926c55047dde43a3862def73eb4fa.jpg,2,17.7,0,5
NewYolo_ClassifierV1_train_192A142_jpg.rf.575711b90a86fee48cf3e3e9792c04dc.jpg,3,26.91,0,1
NewYolo_ClassifierV1_train_192A142_jpg.rf.6f4875df7ace802439061c0a9ea9264b.jpg,0,13.33,0,7
NewYolo_ClassifierV1_train_192A145_jpg.rf.f98a679259adb72e714756bef04e1918.jpg,2,13.16,0,5
NewYolo_ClassifierV1_train_192A1467_jpg.rf.2f9f1d67a2e5ec51a6a5b869a7732ff8.jpg,3,16.61,0,1
NewYolo_ClassifierV1_train_192A1467_jpg.rf.95e0c1d0b1cfc9a63cf73e6cde15f081.jpg,2,28.77,0,1
NewYolo_ClassifierV1_train_192A1468_jpg.rf.13e0f7adc2fdce5ecfdd2a75bb5b07d8.jpg,3,1.0,0,3
NewYolo_ClassifierV1_train_192A1470_jpg.rf.0205707702b352471938a18f9739ba30.jpg,1,24.68,0,2
NewYolo_ClassifierV1_train_192A1470_jpg.rf.481f63632642ff330df925d51aa65212.jpg,1,4.51,0,3
NewYolo_ClassifierV1_train_192A1471_jpg.rf.4105a90c03534bdc6c817db49d727e37.jpg,2,3.24,0,4
NewYolo_ClassifierV1_train_192A1471_jpg.rf.be2ef37576d374f85b1d2a54619497ce.jpg,3,11.66,0,6
NewYolo_ClassifierV1_train_192A1471_jpg.rf.ed57d40c3ee5611bb1e553be80090945.jpg,2,18.37,0,8
NewYolo_ClassifierV1_train_192A1472_jpg.rf.0104293eaeacff9832c4e3f030192de1.jpg,0,20.34,0,5
NewYolo_ClassifierV1_train_192A1472_jpg.rf.700d460cbd4e7221ee922bedc6312f78.jpg,2,31.2,0,7
NewYolo_ClassifierV1_train_192A1472_jpg.rf.ef7d81d6db1269e58efa1db647c39a03.jpg,0,18.94,0,8
NewYolo_ClassifierV1_train_192A1473_jpg.rf.7daa537bb40e0c573390bd61ab92bc75.jpg,1,7.54,0,5
NewYolo_ClassifierV1_train_192A1473_jpg.rf.f25f1c00ae23e4041e753bf212cc7d9a.jpg,0,28.47,0,1
NewYolo_ClassifierV1_train_192A1478_jpg.rf.c8f1ef45d124aaa3d37d9632ad20ac63.jpg,1,17.35,0,8
NewYolo_ClassifierV1_train_192A1479_jpg.rf.01666cbb86cc8395d9101a68f5795665.jpg,1,4.43,0,4
NewYolo_ClassifierV1_train_192A1483_jpg.rf.7ebb332d4de50c13477693faa1911c75.jpg,1,7.3,0,6
NewYolo_ClassifierV1_train_192A1484_jpg.rf.3c6fd1f20a46c869f1828222e86a272b.jpg,2,5.11,0,0
NewYolo_ClassifierV1_train_192A1484_jpg.rf.59e82d0d03110337e5047a47962cd2d3.jpg,1,15.16,0,6
NewYolo_ClassifierV1_train_192A1485_jpg.rf.75aeb54dfccedac43686ea535a23ee26.jpg,2,11.83,0,6
NewYolo_ClassifierV1_train_192A1485_jpg.rf.e70cada598a96a44618deffea4aab46e.jpg,1,10.22,0,5
NewYolo_ClassifierV1_train_192A1486_jpg.rf.0802849ab263ae8f46a307a343db4b45.jpg,1,16.56,0,7
NewYolo_ClassifierV1_train_192A1487_jpg.rf.caecb87eabab94ad68eb53432514e993.jpg,1,17.34,0,5
NewYolo_ClassifierV1_train_192A1489_jpg.rf.07080f2a8823dce292232251dd73cfa2.jpg,2,23.62,0,7
NewYolo_ClassifierV1_train_192A1491_jpg.rf.7b3dcf9e7b2d2ff2a61c0e143b9ac2a4.jpg,2,22.84,0,1
NewYolo_ClassifierV1_train_192A1491_jpg.rf.9fec3b5ac07777a31d0e7bb2df8d427d.jpg,3,0.63,0,9
NewYolo_ClassifierV1_train_192A1494_jpg.rf.5ffadc25978834a7d99a3f04d7fdcdf0.jpg,2,13.28,0,5
NewYolo_ClassifierV1_train_192A1498_jpg.rf.0a7063b92b0d0b58c94a6faa26341f01.jpg,1,15.16,0,8
NewYolo_ClassifierV1_train_192A1498_jpg.rf.5a1bc7d649928f011f3cf60b41ba88ad.jpg,2,19.58,0,7
NewYolo_ClassifierV1_train_192A1499_jpg.rf.23c5b2149a167ec085d2edc7ff623f6e.jpg,0,28.56,0,1
NewYolo_ClassifierV1_train_192A1499_jpg.rf.5efa7e20340aaa19b6b98cf9f027c893.jpg,3,39.03,0,1
NewYolo_ClassifierV1_train_192A1499_jpg.rf.d0f82caf0e05159238fa1f0c9042ccfc.jpg,2,0.78,0,9
NewYolo_ClassifierV1_train_192A1501_jpg.rf.92325bc1d31bdd6f2cb3aac580863122.jpg,2,8.1,0,5
NewYolo_ClassifierV1_train_192A1501_jpg.rf.e3e0b3b88fb2edb891afbff7c03d7a83.jpg,2,5.0,0,5
NewYolo_ClassifierV1_train_192A1502_jpg.rf.11d8289b3d4372c37c9157ceee6c1aba.jpg,2,5.1,0,3
NewYolo_ClassifierV1_train_192A1502_jpg.rf.59f8c08de65f125dadacda7ce8000635.jpg,1,11.73,0,8
NewYolo_ClassifierV1_train_192A1504_jpg.rf.f2549702abbe436055a28a6dad4621cf.jpg,2,3.52,0,3
NewYolo_ClassifierV1_train_192A1506_jpg.rf.4b2d2540f41d1dc448c5f0be120b9385.jpg,0,2.29,0,4
NewYolo_ClassifierV1_train_192A1506_jpg.rf.d72b1f532919e5f7371ff058a7ef3abb.jpg,3,10.93,0,8
NewYolo_ClassifierV1_train_192A1506_jpg.rf.f66e28712ec2336a71b039bac6e6448d.jpg,2,18.59,0,5
NewYolo_ClassifierV1_train_192A1507_jpg.rf.0fefc3723857035a86aaac5cc7ebca99.jpg,2,23.07,0,5
NewYolo_ClassifierV1_train_192A1508_jpg.rf.2f55e70ef94998da1656e826f7cec642.jpg,3,18.08,0,5
NewYolo_ClassifierV1_train_192A1509_jpg.rf.b9f82ea149ecd9cf918518b685e4711c.jpg,1,36.15,0,7
NewYolo_ClassifierV1_train_192A1511_jpg.rf.a08d6ef976a44789fc656769c1743270.jpg,2,20.33,0,1
NewYolo_ClassifierV1_train_192A1512_jpg.rf.248491fbf8ce44c385929a190ce1ed68.jpg,1,3.24,0,4
NewYolo_ClassifierV1_train_192A1515_jpg.rf.c72ecb90912eeb322a9343341642dd08.jpg,2,26.36,0,1
NewYolo_ClassifierV1_train_192A1518_jpg.rf.204dc1df2bf0ca0c297ef3369ab1f4a1.jpg,0,18.74,0,1
NewYolo_ClassifierV1_train_192A1518_jpg.rf.53f765877e2eba78405c5e969b43b40c.jpg,1,18.0,0,8
NewYolo_ClassifierV1_train_192A1523_jpg.rf.e6cd031df6c267ba7ed5519678231c85.jpg,1,0.86,0,9
NewYolo_ClassifierV1_train_192A1524_jpg.rf.d5ef4feca4dc6a2505f75f71d03cf21f.jpg,2,24.6,0,2
NewYolo_ClassifierV1_train_192A1525_jpg.rf.a0fabddda1d4bd740d612a0990505df1.jpg,2,27.98,0,2
NewYolo_ClassifierV1_train_192A1528_jpg.rf.d4404543ce8a7f25a191ef6101da3310.jpg,2,5.24,0,5
NewYolo_ClassifierV1_train_192A1530_jpg.rf.04cd4583cff7ba401585cab42129bb61.jpg,2,12.84,0,8
NewYolo_ClassifierV1_train_192A1530_jpg.rf.530a820f07ed2484bd5169401d73c6e0.jpg,3,20.68,0,8
NewYolo_ClassifierV1_train_192A1532_jpg.rf.129f3c6ec1aba9e947e761a5da73e5b6.jpg,1,23.51,0,1
NewYolo_ClassifierV1_train_192A1534_jpg.rf.f40d7b8472771d5bca66aafadcaf5aee.jpg,0,19.99,0,1
NewYolo_ClassifierV1_train_192A1537_jpg.rf.5c6b32cd5774e3ef06f404732fb197be.jpg,3,2.14,0,9
NewYolo_ClassifierV1_train_192A1537_jpg.rf.8e110899f00780c241009bcd1101dc93.jpg,2,11.73,0,5
NewYolo_ClassifierV1_train_192A154_jpg.rf.81315f9a00993600d8eff91997632d63.jpg,2,25.64,0,2
NewYolo_ClassifierV1_train_192A186_jpg.rf.3c04655189aad3d24bffcdba54f81e23.jpg,2,51.84,0,2
NewYolo_ClassifierV1_train_192A186_jpg.rf.a5a3bbf967c81ba59b5dca458df4c248.jpg,2,6.86,0,0
NewYolo_ClassifierV1_train_192A3871_jpg.rf.f803efa917201eea5eb5e1f984eb9f10.jpg,2,19.64,0,1
NewYolo_ClassifierV1_train_192A4569_jpg.rf.97f6f4ead8a5e6449dc32afeca22b6fe.jpg,2,2.74,0,4
NewYolo_ClassifierV1_train_192A5350_jpg.rf.4d7439a3020c798264c2f7fbf514de7e.jpg,2,2.23,0,4
NewYolo_ClassifierV1_train_192A5350_jpg.rf.631596f2d350e1ca845f45fb99fdbbbe.jpg,1,26.32,0,1
NewYolo_ClassifierV1_train_192A6037_jpg.rf.29ed861b1e36c50fa7cdccb391694fda.jpg,2,19.73,0,8
NewYolo_ClassifierV1_train_192A6364_jpg.rf.0eecdeeca3ed2f483a58f0fb91e09290.jpg,0,20.27,0,1
NewYolo_ClassifierV1_train_192A6364_jpg.rf.f32d65f5a62b063930c16c4f33a44af4.jpg,3,18.45,0,5
NewYolo_ClassifierV1_train_192A6575_jpg.rf.95cc019e119834b1ac659c17be0043cf.jpg,1,2.5,0,0
NewYolo_ClassifierV1_train_192A75_jpg.rf.09399110a0b9e83caf74620b6f589c57.jpg,2,13.84,0,8
NewYolo_ClassifierV1_train_192A75_jpg.rf.a875c7a723d4eb78bceec89a67f6d0d8.jpg,1,4.08,0,4
NewYolo_ClassifierV1_train_192A75_jpg.rf.cc46afddb02333dbbb318ed846c04dfc.jpg,2,3.59,0,4
NewYolo_ClassifierV1_train_192A8100_jpg.rf.dd333bb5eb7bf8821fed3f8e60c3ed30.jpg,2,18.7,0,1
NewYolo_ClassifierV1_train_192A8492_jpg.rf.0d5e1db8b76348646845f9474129c822.jpg,1,48.61,0,2
NewYolo_ClassifierV1_train_192A8492_jpg.rf.32d8ff912ef8ae68fd9a2188988a9e44.jpg,2,1.71,0,9
NewYolo_ClassifierV1_train_192A89_jpg.rf.8b35195aa9b976139f48123d89aa28dd.jpg,1,14.44,0,6
NewYolo_ClassifierV1_train_192A9102_jpg.rf.0d59791bbca59eb77a4ce5f7233ea2a5.jpg,1,5.06,0,3
NewYolo_ClassifierV1_train_192A9102_jpg.rf.88bf2eed44ca1a6303980c3b48115783.jpg,2,3.31,0,0
NewYolo_ClassifierV1_train_192A9112_jpg.rf.ba53f009f409d2b37e8ff6ea96daa655.jpg,1,34.26,0,1
NewYolo_ClassifierV1_train_192A9118_jpg.rf.fac9e07deca51da8731da96f0d196c50.jpg,2,59.91,0,2
NewYolo_ClassifierV1_train_192A9309_jpg.rf.7229b8e5bb4d3589443ff2a2040d9fc8.jpg,1,21.24,0,1
NewYolo_ClassifierV1_train_192A9309_jpg.rf.edd5ae020537bf5b73e274674bf98954.jpg,2,27.74,0,1
NewYolo_ClassifierV1_train_192A9372_jpg.rf.5008b4730833346bc2266a683103b56a.jpg,1,18.43,0,8
NewYolo_ClassifierV1_train_192A9373_jpg.rf.f8b5a0a0d2264ec8c0e5d57320df15c7.jpg,3,2.09,0,9
NewYolo_ClassifierV1_train_192A9380_jpg.rf.049230c63e96ddba4ed9c99b48105aaa.jpg,1,4.77,0,0
NewYolo_ClassifierV1_train_192A9723_jpg.rf.0967d24e19b4c3781f21efa22ed413b6.jpg,2,24.54,0,1
NewYolo_ClassifierV1_train_192A9723_jpg.rf.99874364f0dab2a90385762a7fb1de6b.jpg,2,33.15,0,2
NewYolo_ClassifierV1_train_192A9723_jpg.rf.fb80968a4cca82821d3346c388ffe369.jpg,0,1.21,0,9
NewYolo_ClassifierV1_train_192A9729_jpg.rf.9637a970c57c91f763b93dd6775eb827.jpg,2,23.87,0,7
NewYolo_ClassifierV1_train_192A9746_jpg.rf.4aec60e91cfcbd73546f110adb07a468.jpg,1,21.1,0,1
NewYolo_ClassifierV1_train_192A9866_jpg.rf.4b865d0e47580fc0ce3dda3de9da3e64.jpg,1,29.96,0,2
NewYolo_ClassifierV1_train_192A9866_jpg.rf.b73ac2c89652958a67712359857a90ff.jpg,2,16.08,0,2
NewYolo_ClassifierV1_train_192A9996_jpg.rf.b82cc8fc876926a47f7625ba90b03532.jpg,0,29.25,0,7
NewYolo_ClassifierV1_train_192A9996_jpg.rf.f6f16ca74cca8b382b602ad8bd389c91.jpg,2,0.5,0,9
NewYolo_ClassifierV1_train_193A1481_jpg.rf.3e8b25763ea3797333406a0e87cec286.jpg,1,22.84,0,2
NewYolo_ClassifierV1_train_193A1481_jpg.rf.c3909f5adac7ad81e03b72f5757a5e02.jpg,2,2.14,0,3
NewYolo_ClassifierV1_train_193A1481_jpg.rf.e2083aa26a94028b48b3244080d3a526.jpg,2,2.42,0,9
NewYolo_ClassifierV1_train_193A1482_jpg.rf.1ea46ce67ff8e5e88d8d545f5397fc41.jpg,1,34.61,0,7
NewYolo_ClassifierV1_train_193A1483_jpg.rf.ab8444bbabdda80d91f509ed2a141d29.jpg,3,3.17,0,3
NewYolo_ClassifierV1_train_193A1483_jpg.rf.cf5fec9aec55634539ca270b7c78fd4c.jpg,1,1.69,0,9
NewYolo_ClassifierV1_train_193A1485_jpg.rf.19bf6246434e4162081bfab936a9a975.jpg,1,23.45,0,1
NewYolo_ClassifierV1_train_193A1485_jpg.rf.272ca7d6a1890da76b9d8eb10bb60c41.jpg,2,5.47,0,0
NewYolo_ClassifierV1_train_193A1485_jpg.rf.c8dd14fcf517e5748f5af3b97431106c.jpg,2,32.1,0,2
NewYolo_ClassifierV1_train_193A1499_jpg.rf.4de304d647cd8f338cbb279fa1453ab0.jpg,2,24.73,0,1
NewYolo_ClassifierV1_train_193A1515_jpg.rf.dc26a7abda0049903b2542467531d794.jpg,2,2.78,0,3
NewYolo_ClassifierV1_train_193A1516_jpg.rf.458fc1d0a0472f5c84ddb4e46b7a03a6.jpg,2,8.63,0,0
NewYolo_ClassifierV1_train_193A1532_jpg.rf.a88f2ad17c07ab75a9de2f606401b55e.jpg,2,2.41,0,9
NewYolo_ClassifierV1_train_193A1534_jpg.rf.47677f44c90ec10b7aecc0e253031648.jpg,2,5.52,0,3
NewYolo_ClassifierV1_train_193A1534_jpg.rf.6ea17e7b3ccf4e08e2182f6032b0e590.jpg,1,13.42,0,6
NewYolo_ClassifierV1_train_193A1534_jpg.rf.fd972587340d5e0b0687d32b29d344f9.jpg,1,8.92,0,6
NewYolo_ClassifierV1_train_193A1537_jpg.rf.2103584017fdd47629f1ef96fe2db89e.jpg,3,29.28,0,2
NewYolo_ClassifierV1_train_193A1537_jpg.rf.c5ae8aa1c7bd32d835f75f341cf115d4.jpg,2,3.8,0,0
NewYolo_ClassifierV1_train_193A1551_jpg.rf.744aa6ab7dea3282bcd4b45fbcfb64aa.jpg,0,4.45,0,3
NewYolo_ClassifierV1_train_193A1551_jpg.rf.a4d4205cb5c37df220b37006b6b7c1e2.jpg,2,5.0,0,6
NewYolo_ClassifierV1_train_193A1551_jpg.rf.a7e6402c19f2e23e15df6210d20eec23.jpg,2,25.37,0,7
NewYolo_ClassifierV1_train_193A1556_jpg.rf.7ddcc254598cb40e7811b1aeeaa95864.jpg,0,27.18,0,1
NewYolo_ClassifierV1_train_193A1556_jpg.rf.abaa8da1d004560318facefcd2ce8503.jpg,1,3.29,0,4
NewYolo_ClassifierV1_train_193A1582_jpg.rf.80e0cb69dcacfb1f4162dbc5405ed817.jpg,1,12.49,0,5
NewYolo_ClassifierV1_train_193A1582_jpg.rf.a6a52c557eed09c50dcbd2c1245eca0d.jpg,2,11.86,0,7
NewYolo_ClassifierV1_train_193A1582_jpg.rf.f8b2d29788b4cf2b5e6541c963d4ab71.jpg,2,31.5,0,1
NewYolo_ClassifierV1_train_193A1583_jpg.rf.836fe77cc99cdca5e94adc05c9c8e22b.jpg,0,18.07,0,1
NewYolo_ClassifierV1_train_193A1583_jpg.rf.93cd4401f54fae48d7784d79773dcb63.jpg,0,3.12,0,3
NewYolo_ClassifierV1_train_193A1591_jpg.rf.9c58d840c02907b4adefc2e19cc1db4b.jpg,2,24.0,0,1
NewYolo_ClassifierV1_train_193A1593_jpg.rf.5b2dfb3873131ba632fd661e9c7e4f74.jpg,2,20.1,0,5
NewYolo_ClassifierV1_train_193A1593_jpg.rf.69b0b6f47a75b337399c09858270c367.jpg,2,42.05,0,2
NewYolo_ClassifierV1_train_193A1593_jpg.rf.86c7e3b38ec1a64a3a6fc53f636fd28b.jpg,2,21.44,0,6
NewYolo_ClassifierV1_train_193A1607_jpg.rf.0952cd0c01b45ecf3a4c29030da2bb67.jpg,1,3.88,0,0
NewYolo_ClassifierV1_train_193A1612_jpg.rf.5a9e4621da097aa2307666e5449bdbef.jpg,2,23.85,0,7
NewYolo_ClassifierV1_train_193A1619_jpg.rf.afe5bd80ee5a9668e0d4de395d62ac39.jpg,2,2.47,0,0
NewYolo_ClassifierV1_train_193A1633_jpg.rf.6229da8cc362532fc60e329a10add1ac.jpg,2,28.15,0,1
NewYolo_ClassifierV1_train_193A1633_jpg.rf.b7885b3c3af7013cb593dc438d1f8a1b.jpg,2,34.8,0,2
NewYolo_ClassifierV1_train_193A1637_jpg.rf.452e7bfd37b32c491ae3997e1561fc88.jpg,2,1.51,0,9
NewYolo_ClassifierV1_train_193A1644_jpg.rf.81f70b799fb48910f6e06512518280dd.jpg,2,18.15,0,5
NewYolo_ClassifierV1_train_193A1644_jpg.rf.c6c69b5281fc158b374a48709677cb3a.jpg,2,15.54,0,2
NewYolo_ClassifierV1_train_193A1656_jpg.rf.b741585b5bdc328dfc677b409067d3db.jpg,2,2.85,0,0
NewYolo_ClassifierV1_train_193A1658_jpg.rf.4db40a730c614dfcbd98a132a04f80c4.jpg,2,7.55,0,0
NewYolo_ClassifierV1_train_193A1659_jpg.rf.9384dfefad5c91b4881f2824ea2b0e8f.jpg,1,3.83,0,0
NewYolo_ClassifierV1_train_193A1666_jpg.rf.5641c0cac5d0eadebb676384ab701eb3.jpg,2,9.93,0,5
NewYolo_ClassifierV1_train_193A1667_jpg.rf.534e1284bce54b57efa38bd927e1e8ad.jpg,2,7.67,0,5
NewYolo_ClassifierV1_train_193A1672_jpg.rf.b8208b206fd90402d4fcec75791886a4.jpg,1,49.19,0,2
NewYolo_ClassifierV1_train_193A1677_jpg.rf.45d6d1c9246f231115a3b0225caea589.jpg,3,0.7,0,9
NewYolo_ClassifierV1_train_193A1681_jpg.rf.870354d77185b2653254b05e5f2b1c81.jpg,3,1.22,0,9
NewYolo_ClassifierV1_train_193A1681_jpg.rf.e421baaea9f005307b507f0e7ee9139e.jpg,1,23.55,0,1
NewYolo_ClassifierV1_train_193A1685_jpg.rf.91b144b1ed9fb25da81fe163b05ba332.jpg,2,4.51,0,3
NewYolo_ClassifierV1_train_193A1685_jpg.rf.f12f38c39604c0c69c0eb761a7042bf6.jpg,2,4.97,0,4
NewYolo_ClassifierV1_train_193A1691_jpg.rf.9eb7773c6f18072023c3de524fec2b21.jpg,0,3.92,0,0
NewYolo_ClassifierV1_train_193A1693_jpg.rf.6cd0fba9260a47005fc8a8f2fc76ed68.jpg,2,17.67,0,5
NewYolo_ClassifierV1_train_193A1693_jpg.rf.8e32627bcd4209deb65a976339842d48.jpg,2,5.5,0,6
NewYolo_ClassifierV1_train_193A1693_jpg.rf.f31aeaea77bfd449be1a1b668a43e437.jpg,2,16.74,0,8
NewYolo_ClassifierV1_train_193A1703_jpg.rf.2f369789ae2cb41d6e19a48f97484f7a.jpg,1,17.1,0,1
NewYolo_ClassifierV1_train_193A1703_jpg.rf.8936e59781aa8326df66343b57fbc4c3.jpg,0,4.84,0,3
NewYolo_ClassifierV1_train_193A1704_jpg.rf.9e46fff61b6e82643bd9fe08c33581e4.jpg,3,24.86,0,8
NewYolo_ClassifierV1_train_193A1707_jpg.rf.e8cbabcf9e884374ce075562166e9288.jpg,2,4.0,0,4
NewYolo_ClassifierV1_train_193A1711_jpg.rf.100a2f1abf11136363d4ed981c1d7ba0.jpg,2,24.77,0,8
NewYolo_ClassifierV1_train_193A1711_jpg.rf.93748e4dfab1c56f9e0a3ea96c94f7af.jpg,2,45.64,0,7
NewYolo_ClassifierV1_train_193A1718_jpg.rf.9dbcbe20ebdc87d7f98328598923bc66.jpg,2,14.09,0,5
NewYolo_ClassifierV1_train_193A1718_jpg.rf.d91333488c61aac453ae9abd4da0a052.jpg,1,28.18,0,8
NewYolo_ClassifierV1_train_193A1724_jpg.rf.3e874224a6c36f7fb95a2200bf09e8b8.jpg,2,15.92,0,5
NewYolo_ClassifierV1_train_193A1724_jpg.rf.e1c8f8a4d17aa84a59ced338d6b37f4c.jpg,2,4.23,0,0
NewYolo_ClassifierV1_train_193A1741_jpg.rf.7a295ae96cbc39f0a6079c3e26fc8807.jpg,1,5.0,0,6
NewYolo_ClassifierV1_train_193A1741_jpg.rf.b45bffa7d7505665f1a09b027f35937d.jpg,2,8.57,0,6
NewYolo_ClassifierV1_train_193A1742_jpg.rf.53680a91c730f4ec0833c1baeb5ca9b9.jpg,2,16.74,0,8
NewYolo_ClassifierV1_train_193A1742_jpg.rf.db0719067e33bd72abf2f73f119934cc.jpg,0,23.28,0,5
NewYolo_ClassifierV1_train_193A1745_jpg.rf.0d5059df583ef6577b9293a81e58cea7.jpg,1,31.51,0,1
NewYolo_ClassifierV1_train_193A1745_jpg.rf.a9447df17e45a69b241243fbf1fabd5e.jpg,1,1.78,0,0
NewYolo_ClassifierV1_train_193A1745_jpg.rf.e341eea4b14299ab280b5913304a1d6b.jpg,2,2.54,0,3
NewYolo_ClassifierV1_train_193A1746_jpg.rf.5c9421d8062c9a5d76bf2dc04b0e56d4.jpg,2,22.23,0,2
NewYolo_ClassifierV1_train_193A1746_jpg.rf.a1777cdd214ed221220bdb49f362fcf8.jpg,2,17.8,0,8
NewYolo_ClassifierV1_train_193A1756_jpg.rf.4c703f352b9b65de419b862db2bfed66.jpg,2,14.79,0,8
NewYolo_ClassifierV1_train_193A1756_jpg.rf.d0da119c63dde9bb81932c516aebe9a5.jpg,3,13.4,0,1
NewYolo_ClassifierV1_train_193A1779_jpg.rf.5c38499a32b60ad498e45614539d5576.jpg,1,24.71,0,6
NewYolo_ClassifierV1_train_193A1779_jpg.rf.76526150de46d25d9759eb9599641112.jpg,1,3.29,0,3
NewYolo_ClassifierV1_train_193A1787_jpg.rf.250d0011fdd68fbf1e8049e5b2e2fa1b.jpg,3,19.15,0,8
NewYolo_ClassifierV1_train_193A1787_jpg.rf.e4fa9035c7a6998e897bfa329adcad49.jpg,2,25.75,0,1
NewYolo_ClassifierV1_train_193A1803_jpg.rf.1e90edb0505bda5847eb9c36c6af76ce.jpg,1,18.6,0,8
NewYolo_ClassifierV1_train_193A1803_jpg.rf.37cbaf0076eac0255c440ec5fb32c4e8.jpg,0,4.78,0,4
NewYolo_ClassifierV1_train_193A1837_jpg.rf.63fe1f05d83f11c35f262e2f3e8a82bc.jpg,0,20.78,0,2
NewYolo_ClassifierV1_train_193A1843_jpg.rf.d9eea83b57fba513a80a477ad11a2533.jpg,2,19.54,0,6
NewYolo_ClassifierV1_train_193A1860_jpg.rf.4f5a9db424624271b89a69deecee392f.jpg,2,36.92,0,1
NewYolo_ClassifierV1_train_193A1860_jpg.rf.d3bc17d5650f1e2985bb2b8085251d8c.jpg,2,18.64,0,5
NewYolo_ClassifierV1_train_193A1861_jpg.rf.92f2c80af2552a76ec64aa0fbab56731.jpg,2,34.52,0,2
NewYolo_ClassifierV1_train_193A1861_jpg.rf.e6cbbd8469ad02480a05562fab70cf9a.jpg,2,25.4,0,5
NewYolo_ClassifierV1_train_193A1863_jpg.rf.bbb38c3cf79f43759340d251a68bf93e.jpg,2,3.68,0,3
NewYolo_ClassifierV1_train_193A1865_jpg.rf.688bb92229bb6222af780f472304ccfe.jpg,0,22.08,0,8
NewYolo_ClassifierV1_train_193A1865_jpg.rf.9985b4e6a1d4e1c2d97e01c55ee60b57.jpg,3,33.0,0,7
NewYolo_ClassifierV1_train_193A1866_jpg.rf.a362a26cfdb714579405294f4e0d85bc.jpg,1,4.35,0,3
NewYolo_ClassifierV1_train_193A1870_jpg.rf.76b4dcb38901d1263acf4fdf85107918.jpg,2,20.17,0,7
NewYolo_ClassifierV1_train_193A1870_jpg.rf.daf1f563c3639d0107245f52e0d5ec59.jpg,2,2.56,0,4
NewYolo_ClassifierV1_train_193A1871_jpg.rf.0119ebcd9776f2fc782b72334320a764.jpg,1,2.82,0,3
NewYolo_ClassifierV1_train_193A1874_jpg.rf.240e99e09094dc4fff14d7f193b81413.jpg,0,40.57,0,2
NewYolo_ClassifierV1_train_193A1874_jpg.rf.89d9095dde6adf8ecebe38c956f44059.jpg,3,19.11,0,5
NewYolo_ClassifierV1_train_193A1883_jpg.rf.631a6dfc0d0cee0ca14e14e8772a7b88.jpg,2,2.03,0,9
NewYolo_ClassifierV1_train_193A1883_jpg.rf.7b6e4a32e88b7674fa12e6627cc803b1.jpg,2,20.68,0,7
NewYolo_ClassifierV1_train_193A1888_jpg.rf.93a16164a9a4cb660fbf9b1cfb816f49.jpg,0,6.58,0,3
NewYolo_ClassifierV1_train_193A1888_jpg.rf.d175fb81d5ae815d2cecfc9e1f90d317.jpg,2,30.63,0,2
NewYolo_ClassifierV1_train_193A1888_jpg.rf.edfcbd812f0343270dce41908a247b5c.jpg,2,16.27,0,6
NewYolo_ClassifierV1_train_193A1894_jpg.rf.5ca7b63e493f0ace04d8b557b714287f.jpg,2,36.97,0,2
NewYolo_ClassifierV1_train_193A1898_jpg.rf.a5e0f3cc7347b3f6487b22869d9e5128.jpg,2,5.57,0,3
NewYolo_ClassifierV1_train_193A1898_jpg.rf.cbd03540c5dba7ab2e5de827c19ca83f.jpg,2,20.42,0,8
NewYolo_ClassifierV1_train_193A1904_jpg.rf.288d76d14e697f3f41787fbe92aa542d.jpg,2,16.66,0,5
NewYolo_ClassifierV1_train_193A1904_jpg.rf.a0bb7aa1a98e575ff8d91bead03338e0.jpg,2,5.0,0,6
NewYolo_ClassifierV1_train_193A1913_jpg.rf.4b40eed4fb40fba19d870ca5009ba105.jpg,1,35.81,0,2
NewYolo_ClassifierV1_train_193A1918_jpg.rf.62811f8ce9e7e4dd64b6f0e37cc5b205.jpg,2,16.27,0,7
NewYolo_ClassifierV1_train_193A1922_jpg.rf.e5e0f837a11d4d7a0973caa0d9b101a7.jpg,2,17.83,0,6
NewYolo_ClassifierV1_train_193A1922_jpg.rf.f097a1f5be00ff89dccda8dbbe1d2772.jpg,1,10.32,0,6
NewYolo_ClassifierV1_train_193A1922_jpg.rf.f15a3d7e43df428b2bf6673dfeb5a8f2.jpg,1,1.95,0,9
NewYolo_ClassifierV1_train_193A1935_jpg.rf.1df1b98ccfcc50e0a16ecbbcf065e4b8.jpg,1,7.75,0,0
NewYolo_ClassifierV1_train_193A1942_jpg.rf.80fd89ba35f1d2c90f779d327e0d195c.jpg,2,1.5,0,0
NewYolo_ClassifierV1_train_193A1962_jpg.rf.49b88da51e3970ae851d42e802139861.jpg,2,7.55,0,0
NewYolo_ClassifierV1_train_193A1962_jpg.rf.5f8c2f5aaa89a9875b25bca5eb65ed3d.jpg,0,3.86,0,4
NewYolo_ClassifierV1_train_193A1963_jpg.rf.ac4912320552565b3194d18f07d37f38.jpg,2,7.41,0,0
NewYolo_ClassifierV1_train_193A1974_jpg.rf.38d1b5fc1d1684e8f22840a58822a2c3.jpg,0,20.42,0,1
NewYolo_ClassifierV1_train_193A1974_jpg.rf.6da0c5214fb683744fab53b73756e04b.jpg,2,26.24,0,5
NewYolo_ClassifierV1_train_193A1974_jpg.rf.831b7da58cd9f533c0584eac70ad4d74.jpg,2,23.09,0,5
NewYolo_ClassifierV1_train_193A1999_jpg.rf.53a0dfee454403f6f86574408aba024f.jpg,1,13.9,0,2
NewYolo_ClassifierV1_train_193A1999_jpg.rf.fefa001f57c73722d3c0bd0d06db785b.jpg,2,1.5,0,9
NewYolo_ClassifierV1_train_193A2001_jpg.rf.1defab62e49d13e302231efd70b5a484.jpg,2,30.12,0,2
NewYolo_ClassifierV1_train_193A2001_jpg.rf.b807acb953bc4f88a2a7ed11b6de3a8d.jpg,2,6.28,0,6
NewYolo_ClassifierV1_train_193A2005_jpg.rf.7916a8e66c41d4ef55091e8a77e3b329.jpg,2,16.71,0,1
NewYolo_ClassifierV1_train_193A2006_jpg.rf.355594a125728a72c96da7440bd654be.jpg,3,1.93,0,9
NewYolo_ClassifierV1_train_193A2008_jpg.rf.a5eddf5181174e2eb4939595d7cc12a4.jpg,2,3.18,0,0
NewYolo_ClassifierV1_train_193A2008_jpg.rf.eb192c38122138af42ad8ab47694e727.jpg,2,30.56,0,7
NewYolo_ClassifierV1_train_193A2019_jpg.rf.9b2e79eecaf76dd5a58b149c3261b1d5.jpg,3,21.94,0,1
NewYolo_ClassifierV1_train_193A2030_jpg.rf.465c5d4bdafd5cfa3ee0a6e7cc30a270.jpg,2,23.99,0,1
NewYolo_ClassifierV1_train_193A2031_jpg.rf.8734af57e687e4a0f8732af476c6265f.jpg,2,1.44,0,9
NewYolo_ClassifierV1_train_193A2033_jpg.rf.0c72acc8c786a7b8856a7e69caf0d635.jpg,2,26.3,0,1
NewYolo_ClassifierV1_train_193A2033_jpg.rf.b1558ebbb6fecca038dd345a9abb45c1.jpg,0,29.37,0,7
NewYolo_ClassifierV1_train_193A2034_jpg.rf.c9e45f819297ae4604e04f72ceee21da.jpg,2,11.77,0,6
NewYolo_ClassifierV1_train_193A2036_jpg.rf.6ec166f1c9223f6b1ff8f1722dc45476.jpg,0,2.12,0,9
NewYolo_ClassifierV1_train_193A2044_jpg.rf.96c98e03b8948007bf5e2f18b34b2874.jpg,1,16.59,0,5
NewYolo_ClassifierV1_train_193A2045_jpg.rf.c7eab00ce95a8fcf1d4d755faf85d484.jpg,0,6.02,0,4
NewYolo_ClassifierV1_train_193A2064_jpg.rf.3377cbd110de03e3b8d456369e4c5cd9.jpg,2,3.47,0,0
NewYolo_ClassifierV1_train_193A2064_jpg.rf.7874ed73b48b087eae1c77f515b5d18f.jpg,1,28.43,0,2
NewYolo_ClassifierV1_train_193A2064_jpg.rf.ce1994bf3380de458eddc72e2562a8b0.jpg,2,16.23,0,8
NewYolo_ClassifierV1_train_193A2066_jpg.rf.be6a8ca799f00dc8b9ae66d352a79d35.jpg,1,3.0,0,3
NewYolo_ClassifierV1_train_193A2066_jpg.rf.eafa579a59bd1aa1ceaf4fdd77343c0e.jpg,2,11.92,0,6
NewYolo_ClassifierV1_train_193A2082_jpg.rf.70688a58728f1ea653ef024d1848b30f.jpg,2,1.5,0,0
NewYolo_ClassifierV1_train_193A2103_jpg.rf.40c66c8baa12bfbecddebf2d0193d8c7.jpg,2,3.18,0,4
NewYolo_ClassifierV1_train_193A2103_jpg.rf.dcde8ca3b101ed475c669f9d48814a74.jpg,3,10.82,0,5
NewYolo_ClassifierV1_train_193A2105_jpg.rf.ce4f618af7967608f8316e1fd2146391.jpg,1,5.53,0,6
NewYolo_ClassifierV1_train_193A2106_jpg.rf.1f355a42b0c4732a044257276733e189.jpg,1,13.22,0,5
NewYolo_ClassifierV1_train_193A2106_jpg.rf.64bc2ca8a9682bb044f875b5c4808525.jpg,3,3.77,0,4
NewYolo_ClassifierV1_train_193A2111_jpg.rf.4f451543814b2b19294776b987a45c76.jpg,2,2.05,0,9
NewYolo_ClassifierV1_train_193A2138_jpg.rf.2084f2a2ae32b9bf554eb05055e52932.jpg,3,8.05,0,5
NewYolo_ClassifierV1_train_193A2138_jpg.rf.e77b6bcc68ea409afc37333400bf3676.jpg,2,3.74,0,4
NewYolo_ClassifierV1_train_193A2139_jpg.rf.39913a48294c324ad61120601bfd509e.jpg,2,5.15,0,6
NewYolo_ClassifierV1_train_193A2139_jpg.rf.642ce43a9e6f78445341dcef3e658427.jpg,2,22.02,0,7
NewYolo_ClassifierV1_train_193A2148_jpg.rf.22a5a323661241e81c5158711c9ed3fe.jpg,2,7.46,0,4
NewYolo_ClassifierV1_train_193A2148_jpg.rf.6a2a46f97d2ae47a4fe0e612934efa24.jpg,0,12.64,0,5
NewYolo_ClassifierV1_train_193A2159_jpg.rf.fde810ca1e4850a10682a2de228e20f5.jpg,3,1.86,0,3
NewYolo_ClassifierV1_train_193A2164_jpg.rf.b5d681f9eec5a8210a68d70195c7305b.jpg,0,20.35,0,7
NewYolo_ClassifierV1_train_193A2166_jpg.rf.c94539c0cfcad4da9a3a16bfd45fefe4.jpg,2,2.9,0,3
NewYolo_ClassifierV1_train_193A2167_jpg.rf.6b6da733c5852f028662d3dd3623baad.jpg,0,5.8,0,6
NewYolo_ClassifierV1_train_193A2174_jpg.rf.0929828f145b5de09e6bdca6f81e9744.jpg,0,5.0,0,6
NewYolo_ClassifierV1_train_193A2174_jpg.rf.d27c2e90ee8b73521a086df29b0f87c1.jpg,1,20.52,0,7
NewYolo_ClassifierV1_train_193A2178_jpg.rf.ba9bbd743df392aeff46b5ae08ff4d63.jpg,2,1.43,0,9
NewYolo_ClassifierV1_train_193A2181_jpg.rf.5c34eb3ceb5a3c357b65ea1124565a69.jpg,1,11.31,0,2
NewYolo_ClassifierV1_train_193A2190_jpg.rf.8fcffa5e5879c39d54959be98d330e68.jpg,1,26.54,0,8
NewYolo_ClassifierV1_train_193A2190_jpg.rf.d2ad73de7398ac37a2b8f4e813a05c67.jpg,2,16.1,0,8
NewYolo_ClassifierV1_train_193A2193_jpg.rf.f0ed3dc1bf20a8593bf3fe6d7fc7f0ae.jpg,1,3.61,0,4
NewYolo_ClassifierV1_train_193A2194_jpg.rf.f5ec906022dc06ef065d82d78e256c33.jpg,1,38.45,0,2
NewYolo_ClassifierV1_train_193A2199_jpg.rf.52c0e2552b80dc1371206c7471982871.jpg,2,4.59,0,3
NewYolo_ClassifierV1_train_193A2201_jpg.rf.eba097839f800de3979904cbda61497d.jpg,1,4.17,0,3
NewYolo_ClassifierV1_train_193A2201_jpg.rf.ecbed0ad594cab45280310902fe16ba5.jpg,2,8.28,0,6
NewYolo_ClassifierV1_train_193A2206_jpg.rf.0b6e7f02871bb0b6dfc75fb9fd893bf2.jpg,1,5.0,0,6
NewYolo_ClassifierV1_train_193A2206_jpg.rf.50f30da9faf7eb87ced7d0519ed47415.jpg,2,1.98,0,4
NewYolo_ClassifierV1_train_193A2206_jpg.rf.bef01839a7489babee735fd19d89d4c6.jpg,2,2.67,0,3
NewYolo_ClassifierV1_train_193A2209_jpg.rf.b597a91a75c03c3e0f31ff27c82ef414.jpg,2,4.36,0,4
NewYolo_ClassifierV1_train_193A2210_jpg.rf.d945ad254a120840805749df4f77931f.jpg,2,16.57,0,8
NewYolo_ClassifierV1_train_193A2210_jpg.rf.e67c12ccee08dfc0aec750df073af081.jpg,0,11.39,0,6
NewYolo_ClassifierV1_train_193A2216_jpg.rf.de6d7b09c1437250e3bd12a4ddc7f7f0.jpg,2,6.04,0,3
NewYolo_ClassifierV1_train_193A2222_jpg.rf.6dbb5efed7ce5cfd759784f41e6441e1.jpg,0,7.41,0,5
NewYolo_ClassifierV1_train_193A2222_jpg.rf.f9039b9826bdf6815f28003574f8cba7.jpg,2,5.21,0,3
NewYolo_ClassifierV1_train_193A2223_jpg.rf.0c0fbe6bb28060acc32af80e162affba.jpg,2,5.23,0,0
NewYolo_ClassifierV1_train_193A2223_jpg.rf.a836c5da4ec269be44265f3123668b89.jpg,2,29.3,0,2
NewYolo_ClassifierV1_train_193A2225_jpg.rf.2194546c49dd6852da54b733596dbeae.jpg,3,17.82,0,7
NewYolo_ClassifierV1_train_193A2228_jpg.rf.1220f686c7bcbb138f24dbef151390c5.jpg,3,5.0,0,6
NewYolo_ClassifierV1_train_193A2228_jpg.rf.51233d03be049d7ea5691b67d0a92558.jpg,2,4.21,0,3
NewYolo_ClassifierV1_train_193A2230_jpg.rf.07867b03ead64e9fe96a8e93ac01ef25.jpg,1,17.8,0,5
NewYolo_ClassifierV1_train_193A2230_jpg.rf.2ba94dfb9dce03593fd4099630e79532.jpg,2,21.81,0,8
NewYolo_ClassifierV1_train_193A2230_jpg.rf.31a098eda185656445047f002c7e50b6.jpg,2,1.55,0,9
NewYolo_ClassifierV1_train_193A2231_jpg.rf.238efbec6f1f1a279d5befee9d7a2c16.jpg,0,18.77,0,5
NewYolo_ClassifierV1_train_193A2231_jpg.rf.56caa5322588a779487d4e7f6a246e6d.jpg,2,2.0,0,4
NewYolo_ClassifierV1_train_194A11127_jpg.rf.17545cd22e186ae4ea048965f4079e9f.jpg,3,30.44,0,1
NewYolo_ClassifierV1_train_194A13786_jpg.rf.c7ae8d7e3d743cd29df46ee8c997ceab.jpg,2,7.02,0,0
NewYolo_ClassifierV1_train_194A44_jpg.rf.92fbe9733c0012fc04311e7528db6629.jpg,2,21.54,0,6
NewYolo_ClassifierV1_train_194A51_jpg.rf.628023f92ede40ec763371be4d5b46eb.jpg,2,44.42,0,1
NewYolo_ClassifierV1_train_195A121_jpg.rf.1275c47f88d532fa41a4bac4c180a537.jpg,1,4.79,0,4
NewYolo_ClassifierV1_train_195A124_jpg.rf.4b21bef4428786dd9c438a434ab05f08.jpg,1,2.22,0,9
NewYolo_ClassifierV1_train_195A124_jpg.rf.76b3b9b862952b4874b77b8935e6e0bc.jpg,2,12.92,0,7
NewYolo_ClassifierV1_train_195A124_jpg.rf.d44d1515f6d7c5cf52967dc5d2dd976b.jpg,2,4.53,0,4
NewYolo_ClassifierV1_train_195A130_jpg.rf.805f583bb87d3fe62c895f3a776cfdb5.jpg,1,4.67,0,3
NewYolo_ClassifierV1_train_195A135_jpg.rf.713ed669fe14cce55d9bce6ea9235246.jpg,3,8.21,0,0
NewYolo_ClassifierV1_train_195A144_jpg.rf.3889c4ca0c5c2e8b0d3e01463f239b27.jpg,2,2.11,0,9
NewYolo_ClassifierV1_train_195A144_jpg.rf.c8586f1a673199773030883999849001.jpg,2,4.59,0,3
NewYolo_ClassifierV1_train_195A166_jpg.rf.42dd3b16fc650ad9c8b2a4a32a196376.jpg,2,14.38,0,7
NewYolo_ClassifierV1_train_195A166_jpg.rf.d39ad7ec9fe1599c1a65dc4ee4a7d697.jpg,1,1.32,0,9
NewYolo_ClassifierV1_train_195A173_jpg.rf.cdf25221740ef787597efd480cd6547d.jpg,2,1.5,0,4
NewYolo_ClassifierV1_train_195A174_jpg.rf.51e78a26134a90d4ca88da78899f0a59.jpg,2,1.5,0,4
NewYolo_ClassifierV1_train_195A179_jpg.rf.537874e013809f1e1519242d1979ba83.jpg,2,8.09,0,6
NewYolo_ClassifierV1_train_195A17_jpg.rf.de4d98b5a7cb14119b952197d7390df2.jpg,2,2.6,0,4
NewYolo_ClassifierV1_train_195A29_jpg.rf.8b72f830e71f3e14b314022ea82f9bbf.jpg,2,22.95,0,2
NewYolo_ClassifierV1_train_195A40_jpg.rf.29701c5695d4693d2b7aa72797438fd7.jpg,1,22.1,0,7
NewYolo_ClassifierV1_train_195A40_jpg.rf.a6e6f0ffcb304bb2401eb5c79376b4c0.jpg,3,22.2,0,2
NewYolo_ClassifierV1_train_195A53_jpg.rf.8da8361d98df9fff5f37cc57ab74abfc.jpg,0,1.89,0,9
NewYolo_ClassifierV1_train_195A59_jpg.rf.2eac0c269bdfb01ea4f85da6dfca3188.jpg,2,8.49,0,6
NewYolo_ClassifierV1_train_195A59_jpg.rf.d1517c3a3ad4c4f7f255215f305b4cc7.jpg,2,10.33,0,6
NewYolo_ClassifierV1_train_195A5_jpg.rf.768aff92f1e28affb2ee1ecc31d90ab4.jpg,1,28.35,0,1
NewYolo_ClassifierV1_train_195A69_jpg.rf.f36060df779fefeab7c4d3f4d95fc300.jpg,2,9.23,0,6
NewYolo_ClassifierV1_train_195A88_jpg.rf.28a11c0afdc5277141b5d475105c79d0.jpg,2,3.11,0,0
NewYolo_ClassifierV1_train_195A88_jpg.rf.5d6788ae982d3ac986f42120fbe62af2.jpg,3,4.24,0,3
NewYolo_ClassifierV1_train_195A92_jpg.rf.4a365c898a3c154ea39ba581066f7a02.jpg,2,34.75,0,2
NewYolo_ClassifierV1_train_195A92_jpg.rf.924dc6bf17312e660a6bbd1a2a03764d.jpg,2,13.43,0,2
NewYolo_ClassifierV1_train_195A94_jpg.rf.8badb50a736804039005b12275c3864f.jpg,1,3.9,0,4
NewYolo_ClassifierV1_train_195A9_jpg.rf.eb354dc252dd8c8eabd73cd2a8fd7f0f.jpg,0,1.36,0,9
NewYolo_ClassifierV1_train_196A115_jpg.rf.0b0f17583672a03a6bf351b9431a4f16.jpg,2,23.43,0,5
NewYolo_ClassifierV1_train_196A179_jpg.rf.d97e2ddca8de89b54bb33faa9c54a5a4.jpg,1,15.58,0,5
NewYolo_ClassifierV1_train_196A206_jpg.rf.bddf09df6b2664679f27d4f8e9759f39.jpg,1,5.91,0,3
NewYolo_ClassifierV1_train_196A219_jpg.rf.5fff867b903035c3dbfdd2db7df4c027.jpg,2,5.64,0,0
NewYolo_ClassifierV1_train_196A220_jpg.rf.dd1af3a84c57b7c7202b45ad1efb6203.jpg,2,4.23,0,3
NewYolo_ClassifierV1_train_196A227_jpg.rf.f13ef4b67fa9902b2ddb3eeb2bf086be.jpg,1,10.07,0,5
NewYolo_ClassifierV1_train_196A230_jpg.rf.a30d29714e51df098cd399ae5cc83473.jpg,0,33.25,0,8
NewYolo_ClassifierV1_train_196A233_jpg.rf.38b81c90012603e8cec8f0788fb23029.jpg,1,8.75,0,8
NewYolo_ClassifierV1_train_196A236_jpg.rf.d684cbf3cb64f8a049f2cf895bbc3981.jpg,2,47.27,0,2
NewYolo_ClassifierV1_train_196A237_jpg.rf.0de1b3cf2cca3122e781a61d097eae11.jpg,2,19.87,0,8
NewYolo_ClassifierV1_train_196A240_jpg.rf.f306f683f408b5e1b4df6f0336e17acb.jpg,2,7.53,0,0
NewYolo_ClassifierV1_train_196A246_jpg.rf.aa1cc5039796982b57bf294ab3f3a47d.jpg,0,12.21,0,5
NewYolo_ClassifierV1_train_196A248_jpg.rf.d3d53404ce353a036e8468650fbb9273.jpg,2,10.94,0,8
NewYolo_ClassifierV1_train_196A250_jpg.rf.c99d7b58701a8f52813d4c6d454717a5.jpg,2,1.29,0,9
NewYolo_ClassifierV1_train_196A250_jpg.rf.e5d15716ee0ed44215ec136ce0987866.jpg,3,6.89,0,0
NewYolo_ClassifierV1_train_196A253_jpg.rf.36efe5f18f11c03203b5a1b5a3837189.jpg,2,18.56,0,7
NewYolo_ClassifierV1_train_196A31_jpg.rf.0065e6f0b080c78e2e36a12c499410a3.jpg,2,1.5,0,0
NewYolo_ClassifierV1_train_196A31_jpg.rf.f0e1afbf5e1250b414b078e92ef77efa.jpg,2,43.88,0,1
NewYolo_ClassifierV1_train_196A64_jpg.rf.fd3b697e50947448e5af92feeae5882f.jpg,1,27.86,0,8
NewYolo_ClassifierV1_train_196A72_jpg.rf.59abdfae8588e87222f76a3ae0d12853.jpg,2,10.04,0,5
NewYolo_ClassifierV1_train_196A76_jpg.rf.59b3921f8860315d9615c1cc3a20af16.jpg,1,9.85,0,6
NewYolo_ClassifierV1_train_196A76_jpg.rf.a705f0acd13a6f92d39b06a0016532c2.jpg,3,17.8,0,5
NewYolo_ClassifierV1_train_197A156_jpg.rf.6ce89969a248dd4a4ccacd1094afae6f.jpg,2,6.23,0,3
NewYolo_ClassifierV1_train_197A157_jpg.rf.48141ec692a6d6d5cecf05fe6604f6a2.jpg,2,5.0,0,6
NewYolo_ClassifierV1_train_197A157_jpg.rf.d1ca8c510fbbbff5a53a0a8380bb6a95.jpg,2,44.7,0,2
NewYolo_ClassifierV1_train_197A161_jpg.rf.7987705bdc836230d4d38e11c9b52fbf.jpg,2,1.5,0,4
NewYolo_ClassifierV1_train_197A165_jpg.rf.d5b19aeb70d2dc878ceef5206eb044ce.jpg,2,39.59,0,1
NewYolo_ClassifierV1_train_197A172_jpg.rf.4ccae1b714308cec373d60ac2a7a2de1.jpg,2,33.89,0,8
NewYolo_ClassifierV1_train_197A175_jpg.rf.351396ab596c2fcffd465892bd1ea75b.jpg,1,1.38,0,9
NewYolo_ClassifierV1_train_197A177_jpg.rf.9db60f2bd4bd334478aee2887f1925c9.jpg,1,16.71,0,7
NewYolo_ClassifierV1_train_197A177_jpg.rf.b36c2bcd6ef65c40593594d221bb1936.jpg,2,52.94,0,2
NewYolo_ClassifierV1_train_197A180_jpg.rf.345fa4661f631372df340fb52721ccbd.jpg,2,16.51,0,7
NewYolo_ClassifierV1_train_197A184_jpg.rf.c5d9000bd845eddf3bca99a6665009f4.jpg,2,3.1,0,0
NewYolo_ClassifierV1_train_197A190_jpg.rf.4fc5db473e592b1337306f57a75fa119.jpg,2,11.72,0,8
NewYolo_ClassifierV1_train_197A190_jpg.rf.9804c86f0d429a3db6f1625b59f091b1.jpg,2,31.83,0,7
NewYolo_ClassifierV1_train_197A91518_jpg.rf.a3891ba812f78de41de9ed38dae46a5f.jpg,1,17.32,0,5
NewYolo_ClassifierV1_train_197A91518_jpg.rf.f88ab42fe4081a192451fbc95ad422cc.jpg,2,3.95,0,4
NewYolo_ClassifierV1_train_197A91519_jpg.rf.f18fdc57b6dd5c61e3e0f98d101d9f02.jpg,2,18.65,0,8
NewYolo_ClassifierV1_train_197A91750_jpg.rf.afaa2eed96adeb7ceaadb61396140820.jpg,3,44.38,0,2
NewYolo_ClassifierV1_train_198A138_jpg.rf.5698a9ff618b4ebbe70af7dda236d16e.jpg,2,1.48,0,9
NewYolo_ClassifierV1_train_211A4_jpg.rf.74b562d1cd4ec78c2dba494a2b9f9b3e.jpg,3,4.1,0,4
NewYolo_ClassifierV1_train_212A7_jpg.rf.9cea421e430ec1b00ce91f8d0fc6361f.jpg,2,20.64,0,7
NewYolo_ClassifierV1_train_212A8_jpg.rf.5ddcd07ba884beead07164c34ffc04ad.jpg,2,2.43,0,4
NewYolo_ClassifierV1_train_212A8_jpg.rf.9dfb05eaaf0bf6c60c02e80f7c60e476.jpg,1,11.02,0,7
NewYolo_ClassifierV1_train_213A8_jpg.rf.d8a540ae7b1736bfbf90ba924c9c1467.jpg,2,55.71,0,2
NewYolo_ClassifierV1_train_221A8_jpg.rf.8d877d7bc26989bee07f13f1cc5cd0fc.jpg,2,32.03,0,2
NewYolo_ClassifierV1_train_221A9_jpg.rf.46f03d48293616c613bf3f516995fa4e.jpg,2,9.19,0,6
NewYolo_ClassifierV1_train_240A22_jpg.rf.7895a9249c88c82809ef52fef32e6488.jpg,1,1.2,0,9
NewYolo_ClassifierV1_train_240A22_jpg.rf.c2cd9bf8961f8654bc7ef020adaa82cc.jpg,2,3.94,0,4
NewYolo_ClassifierV1_train_241A28_jpg.rf.c04640d904143be2daac7354adf494bb.jpg,2,1.96,0,4
NewYolo_ClassifierV1_train_241A35_jpg.rf.1bf62a295315559aa6f7ec40b0c44c07.jpg,2,36.0,0,2
NewYolo_ClassifierV1_train_242A9_jpg.rf.9e46b05307795d885b0d23828d841c22.jpg,1,1.58,0,9
NewYolo_ClassifierV1_train_292A2_jpg.rf.6d903abf8a2cbe26ea12a392ddeb19f7.jpg,1,6.05,0,0
NewYolo_ClassifierV1_train_292A2_jpg.rf.f61f071fa0d8e00b42eff328d0097b01.jpg,1,2.63,0,3
NewYolo_ClassifierV1_train_300A17_jpg.rf.0851325df13ca21e83677164eb78a189.jpg,1,7.84,0,6
NewYolo_ClassifierV1_train_300A17_jpg.rf.6fef3b887694ce0227eea8f89ffc1c00.jpg,2,19.05,0,5
NewYolo_ClassifierV1_train_401A2379_jpg.rf.0620503d6eeb7f41846fe762b6efbee2.jpg,2,15.95,0,8
NewYolo_ClassifierV1_train_403A4529_jpg.rf.69551cafcbde89d4ce3dd17551f4e30d.jpg,2,11.98,0,8
NewYolo_ClassifierV1_train_403A4529_jpg.rf.bf721e56b773e86bfa02a12fd09feb28.jpg,3,0.7,0,9
NewYolo_ClassifierV1_train_405A2972_jpg.rf.6da24afd1fe7023831410ebf57be1330.jpg,2,4.07,0,4
NewYolo_ClassifierV1_train_405A2972_jpg.rf.a238613536a4736aaf63a188e21acdea.jpg,2,18.27,0,6
NewYolo_ClassifierV1_train_405A2974_jpg.rf.9bf38abad6594e3c30f015851e8d687d.jpg,1,3.28,0,4
NewYolo_ClassifierV1_train_405A3003_jpg.rf.247eb9a61a487b9f96b97f6f184cd7ca.jpg,1,30.04,0,1
NewYolo_ClassifierV1_train_405A3032_jpg.rf.f752175bd6b35462e0833f8b936d23c5.jpg,1,8.0,0,8
NewYolo_ClassifierV1_train_405A3039_jpg.rf.2a52516e697dc1720d72e692ac2a3c60.jpg,1,53.32,0,2
NewYolo_ClassifierV1_train_405A3054_jpg.rf.9c2278fb23ef786a7f8cd5014e3e00e1.jpg,0,18.24,0,5
NewYolo_ClassifierV1_train_405A3055_jpg.rf.fe6d598b5426d9fbd6fe0627d722950b.jpg,2,5.7,0,0
NewYolo_ClassifierV1_train_405A3058_jpg.rf.cec0ca7e1c8a9d7d9954ba209c973daf.jpg,2,3.37,0,4
NewYolo_ClassifierV1_train_405A3061_jpg.rf.c58372f8dfee926ade0d43c5f135df8f.jpg,1,10.72,0,6
NewYolo_ClassifierV1_train_405A3062_jpg.rf.f95107e73c5fb5e833e2acc183f1d9ca.jpg,2,23.12,0,2
NewYolo_ClassifierV1_train_405A3063_jpg.rf.b34c105f9d8716f90d1c66b1bc25db1d.jpg,2,15.65,0,6
NewYolo_ClassifierV1_train_405A3064_jpg.rf.96c4c3f40026b1f6aa2b50b69163e289.jpg,3,26.85,0,1
NewYolo_ClassifierV1_train_72A1510_jpg.rf.0f067bede2800e752c66e755d9ba02c3.jpg,2,1.5,0,4
NewYolo_ClassifierV1_train_72A1595_jpg.rf.d8c8207bed289360f900d15fd9a94dc2.jpg,1,1.5,0,4
NewYolo_ClassifierV1_train_72A1745_jpg.rf.e7a87c77faef6b54a365274abe7f2f82.jpg,2,3.44,0,4
NewYolo_ClassifierV1_train_72A1751_jpg.rf.8f84744e977b976bfe71a999855c0aea.jpg,1,23.39,0,8
NewYolo_ClassifierV1_train_72A1753_jpg.rf.7c6be529445f289e28d06ccf17bcfaa6.jpg,2,23.45,0,1
NewYolo_ClassifierV1_train_download-1_jpg.rf.2cc7c43294289dcef9312245086f787a.jpg,1,22.35,0,1
NewYolo_ClassifierV1_train_download-2_jpg.rf.26a89101b1deb69d3fa370f3f7b72c4c.jpg,2,21.74,0,2
NewYolo_ClassifierV1_train_download-2_jpg.rf.37b4930ef4aaae04c989b34ba1435a76.jpg,2,22.07,0,1
NewYolo_ClassifierV1_train_download-7_jpg.rf.45bd3add3b4d0158b0989e4bfc94c6e2.jpg,0,15.64,0,5
NewYolo_ClassifierV1_train_download-7_jpg.rf.f59d6d6c6f9bfc50b392a74d52effaf2.jpg,2,3.8,0,3
NewYolo_ClassifierV1_train_download_jpg.rf.bb421c9c20a64e917c9327ad32d335f3.jpg,2,26.42,0,8
NewYolo_ClassifierV1_train_download_jpg.rf.f5cecb6605334bfff1de5e0bc0549f04.jpg,3,21.67,0,8
NewYolo_ClassifierV1_train_images-10_jpg.rf.0d36d45f6f0a3d1e49163fde25d4505d.jpg,1,3.34,0,3
NewYolo_ClassifierV1_train_images-10_jpg.rf.5a08037f198109bb445d4d2a21ace2cb.jpg,1,13.78,0,7
NewYolo_ClassifierV1_train_images-11_jpg.rf.87ba31f8d8fb5f9b0db0942a9c2b2a19.jpg,2,19.81,0,8
NewYolo_ClassifierV1_train_images-11_jpg.rf.cc8ff3ca92046c78d0ca1eedacb348c8.jpg,2,21.62,0,8
NewYolo_ClassifierV1_train_images-12_jpg.rf.fd05524928234973a9b7ddbbc926986e.jpg,0,28.11,0,7
NewYolo_ClassifierV1_train_images-14_jpg.rf.1dfe9b20e355382139ca7c607f342259.jpg,0,9.06,0,0
NewYolo_ClassifierV1_train_images-14_jpg.rf.35aa34a46caebb759ef9474344946f1d.jpg,2,4.36,0,3
NewYolo_ClassifierV1_train_images-14_jpg.rf.958300d1467888e142175a2ba480e6bc.jpg,1,10.88,0,5
NewYolo_ClassifierV1_train_images-15_jpg.rf.21eb4746c889497423bb54802501ad79.jpg,3,28.12,0,2
NewYolo_ClassifierV1_train_images-15_jpg.rf.cc631fd46ce7d930c7ac925c04a867dc.jpg,2,9.87,0,5
NewYolo_ClassifierV1_train_images-16_jpg.rf.0964d8066b32d38109fc3379cf115611.jpg,2,27.15,0,7
NewYolo_ClassifierV1_train_images-16_jpg.rf.0d5d6292053213313a4cab00d34b6e0c.jpg,1,45.4,0,2
NewYolo_ClassifierV1_train_images-16_jpg.rf.f6c05f70c5dd733cd72d00622ca9e67f.jpg,2,2.96,0,3
NewYolo_ClassifierV1_train_images-17_jpg.rf.c476633905cb73713705b216dc20540d.jpg,3,19.84,0,6
NewYolo_ClassifierV1_train_images-19_jpg.rf.bc712756c7e4f802985fcd25d4076fec.jpg,2,28.76,0,1
NewYolo_ClassifierV1_train_images-19_jpg.rf.d9b4387cb9368af57e3de08b6a47a7cf.jpg,2,1.96,0,3
NewYolo_ClassifierV1_train_images-20_jpg.rf.d4d5c0ddffacc98de421de56545ce754.jpg,3,25.79,0,5
NewYolo_ClassifierV1_train_images-2_jpg.rf.25373282f3687f78e3f69540c0caa8e9.jpg,0,9.69,0,6
NewYolo_ClassifierV1_train_images-2_jpg.rf.9cb97067c4aa5b6c7cee71bd00419d52.jpg,2,5.01,0,4
NewYolo_ClassifierV1_train_images-3_jpg.rf.121e6de406fad833b586c1418679a360.jpg,2,0.9,0,9
NewYolo_ClassifierV1_train_images-3_jpg.rf.d0ab23c8cf1799ca60165109c102d70e.jpg,1,9.91,0,5
NewYolo_ClassifierV1_train_images-4_jpg.rf.e6c0f4e1bdfa8eabac776252db50c30a.jpg,2,4.64,0,4
NewYolo_ClassifierV1_train_images-4_jpg.rf.f00d93a7f053738a0ef911e01ec07b06.jpg,1,4.34,0,4
NewYolo_ClassifierV1_train_images-6_jpg.rf.29993b9e5352dd92339c80168fb420d4.jpg,2,12.92,0,5
NewYolo_ClassifierV1_train_images-6_jpg.rf.6f7d90ffb891ae11b8229dc4aa3bd5ad.jpg,3,2.52,0,4
NewYolo_ClassifierV1_train_images-7_jpg.rf.61307eb7649105a0a5ce1840f4177eee.jpg,1,4.2,0,4
NewYolo_ClassifierV1_train_images-7_jpg.rf.adc9e40825b17292c21899ccc1f0f4c2.jpg,1,7.34,0,0
NewYolo_ClassifierV1_train_images-8_jpg.rf.e17c31c1c1e0543dd348c44a3b4ef903.jpg,2,17.68,0,1
NewYolo_ClassifierV1_train_images-9_jpg.rf.14e45e61fab5fabc72f92e081164276f.jpg,1,14.15,0,5
NewYolo_ClassifierV1_train_images-9_jpg.rf.402db6e2ec1b010c8d863a9e7e524c9f.jpg,0,17.67,0,8
NewYolo_ClassifierV1_train_images-9_jpg.rf.7cebd3e777dfb6e14abdcb142a00424f.jpg,2,5.4,0,4
NewYolo_ClassifierV1_train_VA188_jpg.rf.2387c870ab5593df35023cc858d23382.jpg,2,3.82,0,3
NewYolo_ClassifierV1_train_VA188_jpg.rf.fea9ea475e441a298f8e0e3be3df69a2.jpg,2,22.25,0,1
NewYolo_ClassifierV1_train_VA192_jpg.rf.3d18d9a1b06a1f8e2d1b87f457603bc3.jpg,2,10.2,0,6
NewYolo_ClassifierV1_train_VA192_jpg.rf.adaa20cd8b4fedfc41ba1beed227e72b.jpg,2,11.54,0,5
NewYolo_ClassifierV1_train_VA210_jpg.rf.81110efe1004bc9850feba614aa947ff.jpg,1,3.45,0,4
NewYolo_ClassifierV1_train_VA214_jpg.rf.194ea2bbc3adb17dfc7695b47753f752.jpg,2,1.66,0,9
NewYolo_ClassifierV1_train_VA214_jpg.rf.cb4990a77af8728d95c45de6eab2be43.jpg,1,7.35,0,5
NewYolo_ClassifierV1_train_VA238_jpg.rf.9bfe8b306e2e4529f6e2e6b3fa948246.jpg,1,24.74,0,7
NewYolo_ClassifierV1_train_VCL010-4_jpg.rf.3fac9b4e302e2dcc3e476e627329d312.jpg,0,1.63,0,9
NewYolo_ClassifierV1_train_VCL010-4_jpg.rf.aef4327462d51d0214c9f918afff438a.jpg,1,18.75,0,5
NewYolo_ClassifierV1_train_VCL010-6_jpg.rf.e5ba97e8dc27d57fa9891dea0f7bfd43.jpg,2,3.48,0,4
NewYolo_ClassifierV1_train_VCL021-6_jpg.rf.d929b7a2b9e4b02cc9eb6e2784dd2967.jpg,2,29.64,0,7
NewYolo_ClassifierV1_train_VCL021-6_jpg.rf.fe44771683b59af3607636b194972875.jpg,2,4.25,0,4
NewYolo_ClassifierV1_train_VCL029-6_jpg.rf.8dcde352a3f1c46aaf21b697cc7e8e4a.jpg,2,3.0,0,4
NewYolo_ClassifierV1_train_VCL029-6_jpg.rf.b38b488ad4aa33fb352a4686c5d3854c.jpg,2,58.97,0,2
NewYolo_ClassifierV1_train_VCL029-6_jpg.rf.fc4a49c4cd666ae47ba5821da1a8b74b.jpg,2,6.09,0,0
NewYolo_ClassifierV1_train_VF249_jpg.rf.bd45923d7c74ff63f53b2c59d7d7f3da.jpg,2,13.7,0,6
NewYolo_ClassifierV1_train_VF280_jpg.rf.850abd1d4ddf51ee5afab149574e79ab.jpg,2,19.75,0,8
NewYolo_ClassifierV1_train_VH058_jpg.rf.6970ef9b3ba5704be0b6af61ef87d2df.jpg,2,5.55,0,4
NewYolo_ClassifierV1_train_VH058_jpg.rf.88e7ceb7939fd13fd6d1f4c0c00d0dad.jpg,1,3.73,0,3
NewYolo_ClassifierV1_train_VH058_jpg.rf.b6db560d267773c06ca31fd1c734857f.jpg,2,37.32,0,2
NewYolo_ClassifierV1_train_VH065_jpg.rf.94234e6df4ad23d23fe6c68f69d35534.jpg,1,17.58,0,7
NewYolo_ClassifierV1_train_VH069_jpg.rf.305da5c5a5c441e810b2f97c619ff221.jpg,0,5.51,0,4
NewYolo_ClassifierV1_train_VJ319_jpg.rf.5f1f1fb068c6814e92966028a1040718.jpg,2,3.54,0,3
NewYolo_ClassifierV1_train_VJ355_jpg.rf.107e70f3786b99bc9abd05f1638a625c.jpg,0,40.18,0,2
NewYolo_ClassifierV1_train_VJ355_jpg.rf.1a53e34a4e205e151158b0c1dcbd5468.jpg,2,16.89,0,1
NewYolo_ClassifierV1_train_VJ405_jpg.rf.aca0fac1cdd15d85c1e80eb95bc840c8.jpg,3,14.85,0,6
NewYolo_ClassifierV1_train_VJ405_jpg.rf.bbffb6d895c99d234c8f1acaa6297746.jpg,3,5.3,0,0
NewYolo_ClassifierV1_train_VJ421_jpg.rf.9bbc3d07c4a28ce9166524af4e95316d.jpg,3,2.03,0,9
NewYolo_ClassifierV1_train_VJ427_jpg.rf.f7e3725d00bb68bccc52475a083c1cd9.jpg,2,5.25,0,3
NewYolo_ClassifierV1_train_VJ456_jpg.rf.59bf5cd05bc93fc8cae9397c18b4001e.jpg,2,26.66,0,2
NewYolo_ClassifierV1_train_VJ493_jpg.rf.2a7f03bfb4afe4803300c867299dc30e.jpg,1,34.79,0,2
NewYolo_ClassifierV1_train_VL128_jpg.rf.70cff8e55e189d6c4fff44bc7f657ad0.jpg,0,8.14,0,0
NewYolo_ClassifierV1_train_VL128_jpg.rf.af36efeb8efb3ce248572ea7a6620c64.jpg,1,0.62,0,9
NewYolo_ClassifierV1_train_VL139_jpg.rf.2b4765e56d3ed3253dd051f376b935de.jpg,2,15.0,0,7
NewYolo_ClassifierV1_train_VL139_jpg.rf.332b74be48c8f9f49d851428e7a419e8.jpg,2,4.76,0,4
NewYolo_ClassifierV1_train_VL139_jpg.rf.f4e8c2035d627a3065c635a0f57f57bd.jpg,0,17.02,0,8
NewYolo_ClassifierV1_train_VL157_jpg.rf.412e39fa1a105867d34d54dc27afd5cb.jpg,1,37.23,0,2
NewYolo_ClassifierV1_train_VL157_jpg.rf.e194318c6095b9186f7a6f590c773ec3.jpg,2,51.69,0,2
NewYolo_ClassifierV1_train_VL160_jpg.rf.5b34499cdeb75c24c53c93d9ced2d5d4.jpg,1,18.77,0,6
NewYolo_ClassifierV1_train_VM058_jpg.rf.40cf62a32c945862dde25a6062dfc219.jpg,3,16.15,0,5
NewYolo_ClassifierV1_train_VP238_jpg.rf.e5bf1b23dc7fe37d5ba15e1269847e1d.jpg,2,54.62,0,2
NewYolo_ClassifierV1_train_VP344_jpg.rf.1d18e186e9f0f741db8377385c8c73ac.jpg,1,8.96,0,0
NewYolo_ClassifierV1_train_VP344_jpg.rf.b78511f25c0bcf6b18d261fedcb4da74.jpg,2,5.69,0,0
NewYolo_ClassifierV1_train_VS228_jpg.rf.0d48148e784a4a2e1530765dd66c5921.jpg,2,20.68,0,2
NewYolo_ClassifierV1_train_VS246_jpg.rf.65ed70851bc86aca5f89247e54f8439f.jpg,2,13.71,0,6
NewYolo_ClassifierV1_train_VS246_jpg.rf.e9e2eb03ba02a6fe3d6b7218c8a10fda.jpg,2,2.84,0,3
NewYolo_ClassifierV1_train_VS261_jpg.rf.4d003bd88ba4f7135411fe6c5a14fa98.jpg,2,4.5,0,0
NewYolo_ClassifierV1_train_VS261_jpg.rf.a83aa40ddc433187eafb7b924315c740.jpg,1,14.12,0,8
NewYolo_ClassifierV1_train_VS267_jpg.rf.663c627e79de24b5bb870bac59c8bb91.jpg,2,2.9,0,4
NewYolo_ClassifierV1_train_VS285_jpg.rf.82eb888013428b3648a6203a80d792ad.jpg,2,5.6,0,4
NewYolo_ClassifierV1_train_VS285_jpg.rf.d542c64f4de063f9e548ee9af0cb2e38.jpg,2,19.25,0,5
NewYolo_ClassifierV1_test_102A10063_jpg.rf.ada5a813c5e524a18c1792be8dbb582c.jpg,1,14.09,0,7
NewYolo_ClassifierV1_test_102A10073_jpg.rf.7cf7bf0e891bfc505f6adef7b5fbf453.jpg,2,17.12,0,5
NewYolo_ClassifierV1_test_102A10093_jpg.rf.c28943e51a8579982c3af9ad6f9365d9.jpg,0,15.37,0,5
NewYolo_ClassifierV1_test_102A10157_jpg.rf.dbb96b9e84993b06511d4911722bd367.jpg,1,16.85,0,5
NewYolo_ClassifierV1_test_102A10197_jpg.rf.d7fa295350db52d60deec95cff3b9e34.jpg,0,1.56,0,9
NewYolo_ClassifierV1_test_102A10218_jpg.rf.7c57f360caf1e186ba6f0d8f7490ce5b.jpg,2,3.35,0,3
NewYolo_ClassifierV1_test_102A10262_jpg.rf.7d6468b5b87fe26b59d664f06f0f2aed.jpg,2,5.0,0,6
NewYolo_ClassifierV1_test_102A10278_jpg.rf.2eca389a1bdd7bfe7d63fd8540027058.jpg,2,10.0,0,1
NewYolo_ClassifierV1_test_102A10325_jpg.rf.1cc6b048d2e0bc74ffd1b5703a8106eb.jpg,1,35.0,0,1
NewYolo_ClassifierV1_test_102A10369_jpg.rf.f5315bee5596ea18529b3c84aaac45be.jpg,2,5.0,0,5
NewYolo_ClassifierV1_test_102A10384_jpg.rf.b4d035cc006fb84b36fb1360b9feaf99.jpg,1,5.78,0,0
NewYolo_ClassifierV1_test_102A10414_jpg.rf.4f34e6ca3ec2a059e58ddae9a17df08f.jpg,0,47.58,0,2
NewYolo_ClassifierV1_test_102A10419_jpg.rf.303798714c4d5610ba0e6c12cc9e6478.jpg,2,28.23,0,1
NewYolo_ClassifierV1_test_102A10421_jpg.rf.da8d1654cd04af2ad258ab19b397c278.jpg,1,23.24,0,8
NewYolo_ClassifierV1_test_102A10433_jpg.rf.9249c01edc8da2461695512bf5d94c32.jpg,3,23.17,0,7
NewYolo_ClassifierV1_test_103A15776_jpg.rf.ddfc4b112464b985895066c705d5bf73.jpg,2,35.91,0,2
NewYolo_ClassifierV1_test_103A15976_jpg.rf.97587d169dc49e1932f2255111610642.jpg,1,3.12,0,4
NewYolo_ClassifierV1_test_103A15978_jpg.rf.8f68c2e8cdeaefb5d455621af7e96ca0.jpg,2,15.79,0,8
NewYolo_ClassifierV1_test_103A15980_jpg.rf.93ea852b4ca431920e35252c9d4c5728.jpg,1,7.55,0,6
NewYolo_ClassifierV1_test_103A16048_jpg.rf.d82851ba197dd8edabc12b6cadaa5c53.jpg,3,3.28,0,3
NewYolo_ClassifierV1_test_103A16333_jpg.rf.08d8ca7fc5434a8f5dd27137649761f3.jpg,2,30.85,0,2
NewYolo_ClassifierV1_test_103A16380_jpg.rf.5352697c3bd8310c8de81e30085cb497.jpg,0,2.82,0,3
NewYolo_ClassifierV1_test_103A16396_jpg.rf.b6bab6c5c0c38b1cd60db919df3fa2e0.jpg,1,23.49,0,1
NewYolo_ClassifierV1_test_103A16504_jpg.rf.b7b3fed0a6f8e1e0d557685b362d831a.jpg,2,15.07,0,6
NewYolo_ClassifierV1_test_103A16508_jpg.rf.7c850776e1ad04cc2e82078db0e76d39.jpg,2,4.83,0,3
NewYolo_ClassifierV1_test_103A16571_jpg.rf.fdc642762972934416b2c041b2f5a1b9.jpg,2,15.33,0,8
NewYolo_ClassifierV1_test_103A16575_jpg.rf.164e16ab3476af24d6ea3f0e1c331846.jpg,2,22.27,0,7
NewYolo_ClassifierV1_test_103A16640_jpg.rf.ad849c94cb00fbcee39278e1ed2e711a.jpg,1,14.57,0,5
NewYolo_ClassifierV1_test_103A16655_jpg.rf.2707953daab8dfbb0ca071254d3240d9.jpg,2,10.98,0,5
NewYolo_ClassifierV1_test_103A16693_jpg.rf.8ba20496fd61fc4b4cc24099765399a9.jpg,2,24.33,0,1
NewYolo_ClassifierV1_test_106A106650_jpg.rf.fcd15d7a412a66cb621b2965855042a1.jpg,1,15.84,0,5
NewYolo_ClassifierV1_test_106A106885_jpg.rf.1559caae8574461f025bdf8c871110d7.jpg,2,20.34,0,1
NewYolo_ClassifierV1_test_117A3732_jpg.rf.c771a9dcaea3eb3406604fee72ddeaa8.jpg,0,25.64,0,7
NewYolo_ClassifierV1_test_117A3738_jpg.rf.440d3907f2f0f779c7745546cf957f71.jpg,1,27.55,0,8
NewYolo_ClassifierV1_test_117A3742_jpg.rf.3142a8fe433d4a3a74ebf20b82c491c2.jpg,0,54.17,0,2
NewYolo_ClassifierV1_test_117A3767_jpg.rf.d46cf10e24c3cf7c866283237d3d3f12.jpg,2,18.41,0,7
NewYolo_ClassifierV1_test_117A3805_jpg.rf.99799f38dc059acafb70a2be52f84a9c.jpg,0,0.75,0,9
NewYolo_ClassifierV1_test_117A3852_jpg.rf.f4fbbd7b60a9a816282008ea5bca9830.jpg,2,20.33,0,1
NewYolo_ClassifierV1_test_117A3853_jpg.rf.d0e18241d594f202b393beb65b92f79a.jpg,1,3.01,0,3
NewYolo_ClassifierV1_test_117A3887_jpg.rf.9cd3be7b0f562060e79f4c56e761a20d.jpg,1,3.59,0,0
NewYolo_ClassifierV1_test_117A3888_jpg.rf.ed0dc1491215c86f8635de2a2f131461.jpg,2,0.9,0,9
NewYolo_ClassifierV1_test_117A3945_jpg.rf.c7a6f2ef9518b2e5ca95595fda863483.jpg,1,5.0,0,6
NewYolo_ClassifierV1_test_117A3947_jpg.rf.f70d179be0e277761a15c774dbfafbfc.jpg,1,25.67,0,7
NewYolo_ClassifierV1_test_117A3951_jpg.rf.5108c29342f69c8003b6639e5740fc7c.jpg,3,10.22,0,6
NewYolo_ClassifierV1_test_117A3997_jpg.rf.8f29605ad484e34df1e76c7e0087b571.jpg,2,16.57,0,8
NewYolo_ClassifierV1_test_117A4002_jpg.rf.7039822c41ad35c43bd9ec5d6923178e.jpg,2,28.63,0,7
NewYolo_ClassifierV1_test_117A4004_jpg.rf.fadc6bf8e15f2677f3dc922e2f2ccda3.jpg,3,7.23,0,0
NewYolo_ClassifierV1_test_117A4005_jpg.rf.cfc0f5be12462c791f3cf3693a9c3735.jpg,1,25.68,0,5
NewYolo_ClassifierV1_test_117A4017_jpg.rf.b51e06acfbb84de4fc5daf935ed262f1.jpg,2,28.07,0,7
NewYolo_ClassifierV1_test_117A4021_jpg.rf.5e39ae95ac48339092f3cf7093db5cee.jpg,2,4.03,0,4
NewYolo_ClassifierV1_test_117A4094_jpg.rf.c2b11295b66f80a89b1ac4178ea64e20.jpg,0,20.29,0,5
NewYolo_ClassifierV1_test_121A1472_jpg.rf.0f7f838111dc92aea56b38e29323bbf3.jpg,1,5.0,0,6
NewYolo_ClassifierV1_test_121A1487_jpg.rf.0caf579445cb6a71c0004623d651aaa8.jpg,1,16.65,0,6
NewYolo_ClassifierV1_test_121A1490_jpg.rf.a1eb54cbb6e555a656ec6592d2a642b9.jpg,2,14.62,0,1
NewYolo_ClassifierV1_test_121A1503_jpg.rf.cfee47f0855883ada5649dfc9fb49ee0.jpg,2,13.21,0,6
NewYolo_ClassifierV1_test_122A2460_jpg.rf.c8feb9f3380f8d5e4213890c50f1c889.jpg,2,14.52,0,7
NewYolo_ClassifierV1_test_122A2526_jpg.rf.b6f8732f017988ed13442e24c8d9f5d3.jpg,0,6.72,0,0
NewYolo_ClassifierV1_test_122A2608_jpg.rf.90f7cced9a40e20bc7506e342db8938e.jpg,2,5.84,0,0
NewYolo_ClassifierV1_test_122A2609_jpg.rf.1619d3ab4ce1210224fe7f44f30b3e64.jpg,2,7.81,0,0
NewYolo_ClassifierV1_test_122A2619_jpg.rf.aae09a1e736f974591587d809f15d05c.jpg,2,2.96,0,3
NewYolo_ClassifierV1_test_122A2627_jpg.rf.8e6064e8f5d4cfe107a0f80763be7d9c.jpg,2,17.34,0,6
NewYolo_ClassifierV1_test_122A2686_jpg.rf.b757f65f8faf1a270dcbe97eed59e8b6.jpg,0,3.22,0,4
NewYolo_ClassifierV1_test_122A2692_jpg.rf.0bbefcfa10df1020b31899c888670e5a.jpg,2,4.61,0,0
NewYolo_ClassifierV1_test_122A2695_jpg.rf.6ed3d2cf31aa7c15c61fb20279630cd8.jpg,1,1.25,0,9
NewYolo_ClassifierV1_test_122A2751_jpg.rf.10c081a91a86b1ea2fc67064cba165ec.jpg,2,16.02,0,6
NewYolo_ClassifierV1_test_122A2778_jpg.rf.4e58ce7c8bf4a973af389937e7ad8155.jpg,2,24.5,0,2
NewYolo_ClassifierV1_test_122A2787_jpg.rf.697b795a31ff2f0a7181f50b47dc97c4.jpg,0,19.64,0,8
NewYolo_ClassifierV1_test_122A2862_jpg.rf.d150b6d8659e87d7c2c852ddaf35a5c9.jpg,2,16.51,0,2
NewYolo_ClassifierV1_test_122A2874_jpg.rf.bd9d1d9f8ff67b2cc89d64634f7f9640.jpg,2,26.81,0,6
NewYolo_ClassifierV1_test_122A2884_jpg.rf.fae30f68ff3894d1dc5105c48bf3ce0f.jpg,2,4.99,0,0
NewYolo_ClassifierV1_test_122A3043_jpg.rf.a509b6a0c82282652f8abc889eb567d2.jpg,2,5.04,0,0
NewYolo_ClassifierV1_test_122A3053_jpg.rf.4eae395512702d5321d62dab6dea9130.jpg,3,10.0,0,7
NewYolo_ClassifierV1_test_135A16832_jpg.rf.e61093c19d59aeef732026bcee261a37.jpg,2,5.0,0,5
NewYolo_ClassifierV1_test_135A16851_jpg.rf.447261f523aeeca06ea17c1f4ab7dff5.jpg,2,35.66,0,2
NewYolo_ClassifierV1_test_135A16919_jpg.rf.1d8aa8fb2d79429767e033042cfbe298.jpg,2,14.32,0,7
NewYolo_ClassifierV1_test_135A17025_jpg.rf.f8a2521f27e9b2d9ae53967a942914c0.jpg,2,9.09,0,0
NewYolo_ClassifierV1_test_137A42751_jpg.rf.8badd395bdf14f85adac1fa344a9556e.jpg,3,5.0,0,6
NewYolo_ClassifierV1_test_137A42752_jpg.rf.b572dbab1b4ace6767312a95f8ba76fe.jpg,2,50.75,0,2
NewYolo_ClassifierV1_test_137A42922_jpg.rf.c4f139ebc12e003881285231bb0675d3.jpg,2,29.87,0,2
NewYolo_ClassifierV1_test_137A43080_jpg.rf.bf50d24fba7621e4eef3b42851e21893.jpg,3,3.43,0,3
NewYolo_ClassifierV1_test_137A43150_jpg.rf.51448624dc521400da5ca8b0830f1ad4.jpg,1,7.19,0,0
NewYolo_ClassifierV1_test_137A43226_jpg.rf.6edd9cf7e3b45b2cda6193e154d521c2.jpg,2,1.51,0,9
NewYolo_ClassifierV1_test_137A43549_jpg.rf.ababde22d89127cfdb7b2f940e6e1e13.jpg,1,2.62,0,3
NewYolo_ClassifierV1_test_137A43702_jpg.rf.9d3f3ec72adabec33b2880c4e0ac96d1.jpg,2,12.09,0,6
NewYolo_ClassifierV1_test_139A64456_jpg.rf.8749fa860e21337f25e11d00ccf709a2.jpg,3,1.19,0,9
NewYolo_ClassifierV1_test_139A64513_jpg.rf.1ba12ef7dd266ad6a99b02b03231b087.jpg,1,11.54,0,7
NewYolo_ClassifierV1_test_139A64537_jpg.rf.74a2b1ef7019d38026997246fd0d3c60.jpg,2,4.78,0,4
NewYolo_ClassifierV1_test_139A64538_jpg.rf.79dd428f28c4bf3b91481d6ed889b7ad.jpg,1,41.17,0,2
NewYolo_ClassifierV1_test_139A64876_jpg.rf.9d57bd6685167f71aa609a9abc1632e6.jpg,2,13.86,0,7
NewYolo_ClassifierV1_test_139A64909_jpg.rf.f7108e7540bce869410e79e0e40fee45.jpg,3,13.5,0,8
NewYolo_ClassifierV1_test_139A65014_jpg.rf.b421c4e577baf5d01619471c40c710b2.jpg,1,8.6,0,6
NewYolo_ClassifierV1_test_139A65264_jpg.rf.62978ba98023d9b325cb9d1da7da6cb1.jpg,1,15.41,0,5
NewYolo_ClassifierV1_test_139A65380_jpg.rf.464ca8fc26284619bca6b4eec557902e.jpg,2,26.18,0,7
NewYolo_ClassifierV1_test_139A65393_jpg.rf.23381236a883e086699df72c9000cbaa.jpg,2,5.27,0,0
NewYolo_ClassifierV1_test_145A10140_jpg.rf.da3571582e7ebbf84a8935238bb64806.jpg,2,2.32,0,4
NewYolo_ClassifierV1_test_145A10234_jpg.rf.9f2e15eb8115ce744f7646f19e8653d4.jpg,0,4.63,0,4
NewYolo_ClassifierV1_test_145A10247_jpg.rf.8c95808dba9b09b873833369330eba03.jpg,1,46.16,0,2
NewYolo_ClassifierV1_test_145A10268_jpg.rf.4ea56adec06d1e411de89dbbeb8256a3.jpg,1,6.93,0,6
NewYolo_ClassifierV1_test_145A10280_jpg.rf.c8bebfa01cd621374ed6d4569684f0fd.jpg,2,6.48,0,6
NewYolo_ClassifierV1_test_145A10304_jpg.rf.3aa3f8795d99d7d614155463daeeb136.jpg,1,3.58,0,4
NewYolo_ClassifierV1_test_145A10360_jpg.rf.36ceff06d26e9341d444e936c1ceac1c.jpg,2,6.06,0,0
NewYolo_ClassifierV1_test_145A10375_jpg.rf.0f182e4206b3a6cf19106d71ed88a0ed.jpg,2,0.96,0,9
NewYolo_ClassifierV1_test_145A10387_jpg.rf.eaea7380ac1cb7810dbc5a0a9332c4bd.jpg,3,27.05,0,2
NewYolo_ClassifierV1_test_145A10456_jpg.rf.eea225fd3553dc357869dbf899a6dc3c.jpg,2,21.29,0,7
NewYolo_ClassifierV1_test_145A10457_jpg.rf.ab915b6844b7b3a2985482e00b2f8fb1.jpg,1,5.43,0,3
NewYolo_ClassifierV1_test_145A10462_jpg.rf.8632ddcad83b75953eb8db0a6cdf0975.jpg,3,5.45,0,4
NewYolo_ClassifierV1_test_145A10463_jpg.rf.306fc1edd89a7b63b775ace61d562c03.jpg,2,11.44,0,8
NewYolo_ClassifierV1_test_145A10482_jpg.rf.2d7134d609445621a5c0c67feca8fed8.jpg,2,1.42,0,9
NewYolo_ClassifierV1_test_145A8685_jpg.rf.2d95f06a8f23c91f3b7c8fb11656a806.jpg,0,0.52,0,9
NewYolo_ClassifierV1_test_145A8765_jpg.rf.91b5f20e76747feda95b703c62f55605.jpg,0,27.65,0,7
NewYolo_ClassifierV1_test_145A8877_jpg.rf.1d2c956185167936f0aea78d65bb6f37.jpg,2,19.82,0,8
NewYolo_ClassifierV1_test_145A8996_jpg.rf.dceaea8939ad60ce2009eaed69d3d5c9.jpg,2,22.87,0,8
NewYolo_ClassifierV1_test_145A9057_jpg.rf.86a7cdc9d0577395187b6ba6d86b81ea.jpg,2,22.34,0,7
NewYolo_ClassifierV1_test_145A9127_jpg.rf.4ee53f184bd8a7f14642b172c04fb5d9.jpg,2,3.73,0,3
NewYolo_ClassifierV1_test_145A9130_jpg.rf.7ed3564a67bae5c18818a2e2d1ca0400.jpg,1,13.02,0,2
NewYolo_ClassifierV1_test_145A9249_jpg.rf.7fe91ca7f6e658ab02cfc240fa52be51.jpg,2,26.3,0,2
NewYolo_ClassifierV1_test_145A9300_jpg.rf.e0d8484cd5a39d5121059e5cd7fc6b74.jpg,1,11.58,0,6
NewYolo_ClassifierV1_test_145A9421_jpg.rf.d0c8912163b515fb08834bc247744c59.jpg,0,27.52,0,1
NewYolo_ClassifierV1_test_145A9518_jpg.rf.f9d25409dd75d13b85cf1cae29838c46.jpg,2,14.5,0,5
NewYolo_ClassifierV1_test_145A9596_jpg.rf.0c37831c694e144f9142eda866668bcf.jpg,1,12.44,0,5
NewYolo_ClassifierV1_test_145A9611_jpg.rf.9e933ed9faf3f44b119de4615c8d7343.jpg,2,20.35,0,1
NewYolo_ClassifierV1_test_145A9810_jpg.rf.6b5694371b5e8cbc9b7aec280e210987.jpg,2,5.0,0,6
NewYolo_ClassifierV1_test_145A9958_jpg.rf.2ced9a13ce758bff2679c51016bc86e1.jpg,1,5.45,0,3
NewYolo_ClassifierV1_test_175A4385_jpg.rf.e3baad32640ff673ed510c1f1a97b8fd.jpg,0,19.45,0,7
NewYolo_ClassifierV1_test_175A4687_jpg.rf.39ff00953250e834cdfd864127246a60.jpg,2,9.95,0,6
NewYolo_ClassifierV1_test_175A4694_jpg.rf.04397af66b295582934ac19a664a76ad.jpg,2,3.01,0,3
NewYolo_ClassifierV1_test_178A3671_jpg.rf.c075a49ee0424b41eddf88f50f8f6eb7.jpg,1,25.51,0,7
NewYolo_ClassifierV1_test_179A3432_jpg.rf.b4ea44ef1251c9350a3bfb94aa8d1bc0.jpg,0,48.04,0,2
NewYolo_ClassifierV1_test_180A4296_jpg.rf.68ecab6dd909e1625eff739bb19e9088.jpg,1,22.37,0,1
NewYolo_ClassifierV1_test_181A11003_jpg.rf.ec0a395d6a8573fc7d40e92f72956d36.jpg,3,3.17,0,4
NewYolo_ClassifierV1_test_181A11477_jpg.rf.2897e34c285cbb127b425d5db36dea8b.jpg,1,34.47,0,1
NewYolo_ClassifierV1_test_181A11956_jpg.rf.3101b62d6ffde9848c4c788b91f4231f.jpg,0,10.52,0,6
NewYolo_ClassifierV1_test_181A11997_jpg.rf.c40eb8567b277caaa7e9f5994b953f5d.jpg,0,35.0,0,7
NewYolo_ClassifierV1_test_181A12016_jpg.rf.08910972f4702d8e36be4d7d29d74bde.jpg,2,5.0,0,6
NewYolo_ClassifierV1_test_181A12028_jpg.rf.aabf287c2c3c76de562e628f5dca4458.jpg,2,5.2,0,4
NewYolo_ClassifierV1_test_182A2808_jpg.rf.464ab4c54cb6bb961f255438f6e4e5e4.jpg,2,4.07,0,4
NewYolo_ClassifierV1_test_182A2814_jpg.rf.be9f60d1e52beded315d823bd3eda2ff.jpg,1,3.03,0,3
NewYolo_ClassifierV1_test_185A2277_jpg.rf.1c0651a02f9bb8fe1f50b372215a3b39.jpg,2,13.53,0,1
NewYolo_ClassifierV1_test_185A2331_jpg.rf.e2e427a65f5e17336f1c426111801b03.jpg,2,5.59,0,3
NewYolo_ClassifierV1_test_190A17_jpg.rf.82243d1290f8ff2fb64c139209d639f8.jpg,0,34.39,0,2
NewYolo_ClassifierV1_test_192A10963_jpg.rf.c8fe78d6123e870a8e5db1520d3bac4a.jpg,2,2.05,0,0
NewYolo_ClassifierV1_test_192A11041_jpg.rf.ece34c5f5c99b8177d21105ef16d75ee.jpg,2,28.13,0,7
NewYolo_ClassifierV1_test_192A11042_jpg.rf.11426d791358d0eabdaa774eadd101af.jpg,3,5.83,0,0
NewYolo_ClassifierV1_test_192A11046_jpg.rf.702bff5088a9db4fc2cb7a3a6b847def.jpg,0,8.05,0,5
NewYolo_ClassifierV1_test_192A11058_jpg.rf.1f20a011c918a3ad1cfaab06cc6877b6.jpg,1,8.0,0,8
NewYolo_ClassifierV1_test_192A11063_jpg.rf.8c80305f2764fb34ade7a575deae7e66.jpg,2,23.88,0,1
NewYolo_ClassifierV1_test_192A11855_jpg.rf.6aba4e24efc60c4f788a7c3091d368e6.jpg,2,17.16,0,8
NewYolo_ClassifierV1_test_192A12365_jpg.rf.5f30a516a1cc296c031a938bb0392a9a.jpg,2,29.23,0,1
NewYolo_ClassifierV1_test_192A12749_jpg.rf.ae7e13050b58f17d8ccbb0a867cf0183.jpg,1,3.09,0,4
NewYolo_ClassifierV1_test_192A13187_jpg.rf.864b5624ece9c246e94892c85445ab9d.jpg,1,9.33,0,0
NewYolo_ClassifierV1_test_192A13825_jpg.rf.20c874a09210b0f75db84b13d183290f.jpg,2,8.43,0,6
NewYolo_ClassifierV1_test_192A13877_jpg.rf.91ff4840cc3d8fc9932962dac3af792c.jpg,2,1.34,0,9
NewYolo_ClassifierV1_test_192A14073_jpg.rf.3a094ebd6508c3f061fa4a61656c3bf9.jpg,2,25.46,0,8
NewYolo_ClassifierV1_test_192A14221_jpg.rf.700773d19525aea3c59ed8336eacc470.jpg,2,4.92,0,0
NewYolo_ClassifierV1_test_192A1475_jpg.rf.4cfb8af0516db9d4fd402d6b8f9426ae.jpg,2,1.31,0,9
NewYolo_ClassifierV1_test_192A1476_jpg.rf.65be47071b4dd87e9ce176c6ceac1759.jpg,2,8.16,0,5
NewYolo_ClassifierV1_test_192A1488_jpg.rf.700d4ad65d1ffc9c07595786b6ea17ff.jpg,1,11.85,0,8
NewYolo_ClassifierV1_test_192A1490_jpg.rf.c1e808acb1ee969515292906b09a372a.jpg,2,1.87,0,9
NewYolo_ClassifierV1_test_192A1510_jpg.rf.602e783a236b049b96530823dacf3f0d.jpg,2,5.95,0,3
NewYolo_ClassifierV1_test_192A1514_jpg.rf.249e737a9bc26eb6b943570f95e93d9b.jpg,1,3.42,0,4
NewYolo_ClassifierV1_test_192A1529_jpg.rf.1248e4d75f225487cbd86da565709942.jpg,2,14.09,0,5
NewYolo_ClassifierV1_test_192A6376_jpg.rf.256180e33002754ac77c6cb6c3fcb05b.jpg,3,2.82,0,4
NewYolo_ClassifierV1_test_192A7696_jpg.rf.6d86298d66874b1b6f767a025d8228d9.jpg,0,26.88,0,7
NewYolo_ClassifierV1_test_192A7794_jpg.rf.86185e24e5ef93658435f842ca239fd0.jpg,2,29.9,0,7
NewYolo_ClassifierV1_test_192A9307_jpg.rf.140e09f9d96f7c417b0459fdb477ac18.jpg,2,3.43,0,4
NewYolo_ClassifierV1_test_192A9726_jpg.rf.ca677bcc5f487ccce86d96a4eaae7bd0.jpg,1,16.34,0,8
NewYolo_ClassifierV1_test_193A1495_jpg.rf.8d4a25c4994af98a8f8b765f7c8e667e.jpg,2,22.89,0,7
NewYolo_ClassifierV1_test_193A1530_jpg.rf.119046566dd487b2bf35bed4b5bd7345.jpg,1,1.87,0,9
NewYolo_ClassifierV1_test_193A1560_jpg.rf.deedbdbc9e1cc29d98765b878cbc963c.jpg,2,5.15,0,6
NewYolo_ClassifierV1_test_193A1576_jpg.rf.937730aa0ab0b2b87406dea3622d5864.jpg,2,21.24,0,7
NewYolo_ClassifierV1_test_193A1626_jpg.rf.ad1a65493229f1a924763b30cf9263c8.jpg,2,8.44,0,0
NewYolo_ClassifierV1_test_193A1651_jpg.rf.e684a7e28ed1287bc1153e8f69c952fa.jpg,2,6.23,0,0
NewYolo_ClassifierV1_test_193A1696_jpg.rf.9f2b50b2cfe97bfaf1d01e01c6139ab5.jpg,1,3.94,0,0
NewYolo_ClassifierV1_test_193A1749_jpg.rf.00eea373f5f5f64c2d7da2b141a83244.jpg,1,20.49,0,5
NewYolo_ClassifierV1_test_193A1750_jpg.rf.c1533f250c8d69dce9b5fa0828df8d86.jpg,2,15.54,0,2
NewYolo_ClassifierV1_test_193A1781_jpg.rf.66e427897941e69646b6e41391aa904c.jpg,0,6.82,0,0
NewYolo_ClassifierV1_test_193A1867_jpg.rf.2315a73e59d896b22999655bed1f4f8e.jpg,1,7.72,0,6
NewYolo_ClassifierV1_test_193A1886_jpg.rf.1b2caef545dd1db5c85aa6219a254539.jpg,0,27.23,0,1
NewYolo_ClassifierV1_test_193A1938_jpg.rf.b83ede901360aa3bb8aa835b80854d6b.jpg,2,3.1,0,4
NewYolo_ClassifierV1_test_193A1950_jpg.rf.856e86878940b1f93cb978050453efbb.jpg,1,24.53,0,1
NewYolo_ClassifierV1_test_193A2004_jpg.rf.9849e3760b18748f7ad14b2d4d40cb92.jpg,2,7.79,0,6
NewYolo_ClassifierV1_test_193A2112_jpg.rf.1e32fb290c73b6b5d63a38b3493d67c3.jpg,1,35.75,0,1
NewYolo_ClassifierV1_test_193A2143_jpg.rf.9215a18f88df96e15357f39be1862a7a.jpg,2,4.76,0,4
NewYolo_ClassifierV1_test_193A2169_jpg.rf.bec645d54b8d2d47fa5d3f416dc1c57d.jpg,0,57.45,0,2
NewYolo_ClassifierV1_test_193A2187_jpg.rf.5d13820074c7ffca5400035780047727.jpg,2,1.11,0,3
NewYolo_ClassifierV1_test_193A2204_jpg.rf.0239c7a89ecdf347d9683a454c5d5d43.jpg,2,3.93,0,4
NewYolo_ClassifierV1_test_193A2229_jpg.rf.488ec28a7cfe34d821e85a05e3379279.jpg,0,19.51,0,5
NewYolo_ClassifierV1_test_194A20_jpg.rf.d46df79cf78632e21b5ea6573f06870b.jpg,2,3.17,0,4
NewYolo_ClassifierV1_test_194A37_jpg.rf.be3c791c6d71a54cc04e7671753b3750.jpg,2,13.11,0,6
NewYolo_ClassifierV1_test_194A47_jpg.rf.77156c5dd7870656fa415eff12990fff.jpg,2,4.19,0,0
NewYolo_ClassifierV1_test_195A160_jpg.rf.a65ce4e4a53cec678713c8133c300c6e.jpg,2,1.66,0,9
NewYolo_ClassifierV1_test_195A36_jpg.rf.0cdf914bcf73fa6ecce02cb943bc25e7.jpg,2,38.11,0,2
NewYolo_ClassifierV1_test_195A87_jpg.rf.ca44b6a7c31dc108b3223393d3f3dd54.jpg,2,0.5,0,9
NewYolo_ClassifierV1_test_195A89_jpg.rf.2d04ba04265aaccecaf036caf6d41509.jpg,1,3.13,0,4
NewYolo_ClassifierV1_test_196A229_jpg.rf.81a3aea717cb1a800c924758aa559ddc.jpg,3,12.77,0,8
NewYolo_ClassifierV1_test_196A244_jpg.rf.83acdb8f767c5ba355979874902c55b8.jpg,2,5.3,0,0
NewYolo_ClassifierV1_test_196A71_jpg.rf.923a4a15b9b3051f0e85ff73972e407d.jpg,2,22.55,0,7
NewYolo_ClassifierV1_test_196A78_jpg.rf.ed93030cf6b10de42ba20c0dfbe8a206.jpg,1,12.8,0,8
NewYolo_ClassifierV1_test_196A80_jpg.rf.a8b19285c4b225109c0e767310e2be5c.jpg,1,5.24,0,0
NewYolo_ClassifierV1_test_197A112_jpg.rf.b01193f92b4dd3fac6e3cfd9c3d8e646.jpg,2,29.17,0,5
NewYolo_ClassifierV1_test_211A2_jpg.rf.51330b9182539fe8540e6ae81ee410dd.jpg,1,5.0,0,6
NewYolo_ClassifierV1_test_405A2989_jpg.rf.bd47697f6c7c7a5874e7b6232da5522a.jpg,3,4.29,0,0
NewYolo_ClassifierV1_test_405A3053_jpg.rf.f82f227e58b5bb12b611b3b6a587d7d0.jpg,0,34.91,0,2
NewYolo_ClassifierV1_test_405A3060_jpg.rf.fad49670171c34c7c7cfe3d1b60389a0.jpg,2,33.26,0,2
NewYolo_ClassifierV1_test_405A3065_jpg.rf.fe4de214fb02d3b8b062b0cde4aeb931.jpg,0,20.17,0,5
NewYolo_ClassifierV1_test_72A1674_jpg.rf.e2a7155035221d32d25ac53fe4960696.jpg,2,3.69,0,4
NewYolo_ClassifierV1_test_download-5_jpg.rf.ccb1c32697771e7bc9d04e028f2fcab3.jpg,1,4.36,0,0
NewYolo_ClassifierV1_test_images-13_jpg.rf.33bf8852b3d8846383a53dcfff354467.jpg,3,1.12,0,9
NewYolo_ClassifierV1_test_images_jpg.rf.45e1774039a1a1d84437b799d041804c.jpg,2,28.52,0,7
NewYolo_ClassifierV1_test_VF214_jpg.rf.365cfb4fc382136ea1fdf4bb6ed035c8.jpg,2,7.22,0,0
NewYolo_ClassifierV1_test_VF231_jpg.rf.e1fd9dabc4b7ff36de328391fa9d8790.jpg,3,1.5,0,4
NewYolo_ClassifierV1_test_VF324_jpg.rf.e01818d25dfddf3c7f0b97325b601e4e.jpg,2,20.24,0,7
NewYolo_ClassifierV1_test_VJ563_jpg.rf.de3dd91cf017b5e6d2d9fcaa02b44309.jpg,0,10.83,0,0
NewYolo_ClassifierV1_test_VL150_jpg.rf.278d372470540ce68540220500c90ae7.jpg,2,5.46,0,0
NewYolo_ClassifierV1_test_VL158_jpg.rf.7bfc2c0456af3acc33bc8dfc95a89d1b.jpg,2,4.24,0,3
NewYolo_ClassifierV1_test_VP170_jpg.rf.ed7574c3526aa45e13dc65321ae258d3.jpg,0,4.36,0,3
NewTanishq_Necklace_0.jpg,1,26.31,0,2
NewTanishq_Necklace_1.jpg,2,34.31,0,2
NewTanishq_Necklace_2.jpg,2,61.69,0,2
NewTanishq_Necklace_3.jpg,2,54.65,0,2
NewTanishq_Necklace_4.jpg,2,24.16,0,2
NewTanishq_Necklace_5.jpg,2,23.0,0,2
NewTanishq_Necklace_6.jpg,2,36.51,0,2
NewTanishq_Necklace_7.jpg,2,28.41,0,2
NewTanishq_Necklace_8.jpg,1,22.34,0,2
NewTanishq_Necklace_9.jpg,2,38.09,0,2
NewTanishq_Necklace_10.jpg,2,16.5,0,2
NewTanishq_Necklace_11.jpg,2,43.11,0,2
NewTanishq_Necklace_12.jpg,2,11.02,0,2
NewTanishq_Necklace_13.jpg,1,52.18,0,2
NewTanishq_Necklace_14.jpg,1,38.83,0,2
NewTanishq_Necklace_15.jpg,1,27.0,0,2
NewTanishq_Necklace_16.jpg,1,57.3,0,2
NewTanishq_Necklace_17.jpg,2,48.92,0,2
NewTanishq_Necklace_18.jpg,2,41.94,0,2
NewTanishq_Necklace_19.jpg,3,41.29,0,2
NewTanishq_Necklace_20.jpg,2,19.66,0,2
NewTanishq_Necklace_21.jpg,0,38.1,0,2
NewTanishq_Necklace_22.jpg,0,47.62,0,2
NewTanishq_Necklace_23.jpg,2,41.83,0,2
NewTanishq_Necklace_24.jpg,0,43.76,0,2
NewTanishq_Necklace_25.jpg,2,35.71,0,2
NewTanishq_Necklace_26.jpg,2,44.04,0,2
NewTanishq_Necklace_27.jpg,1,44.86,0,2
NewTanishq_Necklace_28.jpg,0,22.2,0,2
NewTanishq_Necklace_29.jpg,3,35.6,0,2
NewTanishq_Necklace_30.jpg,1,31.01,0,2
NewTanishq_Necklace_31.jpg,1,47.53,0,2
NewTanishq_Necklace_32.jpg,3,19.62,0,2
NewTanishq_Necklace_33.jpg,1,15.84,0,2
NewTanishq_Necklace_34.jpg,2,42.99,0,2
NewTanishq_Necklace_35.jpg,2,15.28,0,2
NewTanishq_Necklace_36.jpg,2,36.19,0,2
NewTanishq_Necklace_37.jpg,1,55.2,0,2
NewTanishq_Necklace_38.jpg,2,35.93,0,2
NewTanishq_Necklace_39.jpg,2,11.43,0,2
NewTanishq_Necklace_40.jpg,2,11.27,0,2
NewTanishq_Necklace_41.jpg,2,20.82,0,2
NewTanishq_Necklace_42.jpg,2,35.25,0,2
NewTanishq_Necklace_43.jpg,2,23.22,0,2
NewTanishq_Necklace_44.jpg,3,17.95,0,2
NewTanishq_Necklace_45.jpg,1,51.98,0,2
NewTanishq_Necklace_46.jpg,2,28.18,0,2
NewTanishq_Necklace_47.jpg,1,43.06,0,2
NewTanishq_Necklace_48.jpg,2,21.29,0,2
NewTanishq_Necklace_49.jpg,1,21.9,0,2
NewTanishq_Necklace_50.jpg,1,54.42,0,2
NewTanishq_Necklace_51.jpg,1,28.95,0,2
NewTanishq_Necklace_52.jpg,1,32.79,0,2
NewTanishq_Necklace_53.jpg,1,13.13,0,2
NewTanishq_Necklace_54.jpg,2,48.9,0,2
NewTanishq_Necklace_55.jpg,0,36.4,0,2
NewTanishq_Necklace_56.jpg,3,60.45,0,2
NewTanishq_Necklace_57.jpg,2,32.26,0,2
NewTanishq_Necklace_58.jpg,2,41.02,0,2
NewTanishq_Necklace_59.jpg,2,42.88,0,2
NewTanishq_Necklace_60.jpg,1,37.24,0,2
NewTanishq_Necklace_61.jpg,2,32.15,0,2
NewTanishq_Necklace_62.jpg,2,45.03,0,2
NewTanishq_Necklace_63.jpg,2,40.05,0,2
NewTanishq_Necklace_64.jpg,2,26.87,0,2
NewTanishq_Necklace_65.jpg,1,50.0,0,2
NewTanishq_Necklace_66.jpg,2,44.48,0,2
NewTanishq_Necklace_67.jpg,0,32.11,0,2
NewTanishq_Necklace_68.jpg,0,37.5,0,2
NewTanishq_Necklace_69.jpg,2,42.2,0,2
NewTanishq_Necklace_70.jpg,2,39.38,0,2
NewTanishq_Necklace_71.jpg,0,59.19,0,2
NewTanishq_Necklace_72.jpg,2,32.89,0,2
NewTanishq_Necklace_73.jpg,2,37.36,0,2
NewTanishq_Necklace_74.jpg,2,59.17,0,2
NewTanishq_Necklace_75.jpg,2,42.65,0,2
NewTanishq_Necklace_76.jpg,1,43.27,0,2
NewTanishq_Necklace_77.jpg,2,40.08,0,2
NewTanishq_Necklace_78.jpg,2,27.59,0,2
NewTanishq_Necklace_79.jpg,2,34.11,0,2
NewTanishq_Necklace_80.jpg,2,25.41,0,2
NewTanishq_Necklace_81.jpg,2,47.69,0,2
NewTanishq_Necklace_82.jpg,2,42.79,0,2
NewTanishq_Necklace_83.jpg,1,30.73,0,2
NewTanishq_Necklace_84.jpg,2,38.83,0,2
NewTanishq_Necklace_85.jpg,0,32.59,0,2
NewTanishq_Necklace_86.jpg,2,38.61,0,2
NewTanishq_Necklace_87.jpg,2,44.89,0,2
NewTanishq_Necklace_88.jpg,1,37.02,0,2
NewTanishq_Necklace_89.jpg,1,10.0,0,2
NewTanishq_Necklace_90.jpg,3,55.88,0,2
NewTanishq_Necklace_91.jpg,3,26.47,0,2
NewTanishq_Necklace_92.jpg,2,23.74,0,2
NewTanishq_Necklace_93.jpg,0,32.51,0,2
NewTanishq_Necklace_94.jpg,2,46.76,0,2
NewTanishq_Necklace_95.jpg,1,39.8,0,2
NewTanishq_Necklace_96.jpg,1,16.8,0,2
NewTanishq_Necklace_97.jpg,1,19.96,0,2
NewTanishq_Necklace_98.jpg,2,56.65,0,2
NewTanishq_Necklace_99.jpg,2,35.85,0,2
NewTanishq_Necklace_100.jpg,1,47.64,0,2
NewTanishq_Necklace_101.jpg,0,34.08,0,2
NewTanishq_Necklace_102.jpg,2,46.9,0,2
NewTanishq_Necklace_103.jpg,2,30.6,0,2
NewTanishq_Necklace_104.jpg,1,24.7,0,2
NewTanishq_Necklace_105.jpg,2,40.87,0,2
NewTanishq_Necklace_106.jpg,2,56.82,0,2
NewTanishq_Necklace_107.jpg,2,30.29,0,2
NewTanishq_Necklace_108.jpg,1,22.02,0,2
NewTanishq_Necklace_109.jpg,2,54.4,0,2
NewTanishq_Necklace_110.jpg,2,16.0,0,2
NewTanishq_Necklace_111.jpg,2,21.07,0,2
NewTanishq_Necklace_112.jpg,1,21.26,0,2
NewTanishq_Necklace_113.jpg,0,44.62,0,2
NewTanishq_Necklace_114.jpg,1,53.59,0,2
NewTanishq_Necklace_115.jpg,0,44.48,0,2
NewTanishq_Necklace_116.jpg,0,32.17,0,2
NewTanishq_Necklace_117.jpg,2,39.11,0,2
NewTanishq_Necklace_118.jpg,1,40.18,0,2
NewTanishq_Necklace_119.jpg,2,44.28,0,2
NewTanishq_Necklace_120.jpg,0,43.7,0,2
NewTanishq_Necklace_121.jpg,0,52.32,0,2
NewTanishq_Necklace_122.jpg,0,27.7,0,2
NewTanishq_Necklace_123.jpg,2,44.37,0,2
NewTanishq_Necklace_124.jpg,2,30.02,0,2
NewTanishq_Necklace_125.jpg,2,42.72,0,2
NewTanishq_Necklace_126.jpg,2,37.76,0,2
NewTanishq_Necklace_127.jpg,2,28.82,0,2
NewTanishq_Necklace_128.jpg,2,33.11,0,2
NewTanishq_Necklace_129.jpg,2,21.86,0,2
NewTanishq_Necklace_130.jpg,1,14.03,0,2
NewTanishq_Necklace_131.jpg,2,32.02,0,2
NewTanishq_Necklace_132.jpg,2,61.08,0,2
NewTanishq_Necklace_133.jpg,2,14.06,0,2
NewTanishq_Necklace_134.jpg,2,58.92,0,2
NewTanishq_Necklace_135.jpg,2,23.66,0,2
NewTanishq_Necklace_136.jpg,1,18.29,0,2
NewTanishq_Necklace_137.jpg,3,27.74,0,2
NewTanishq_Necklace_138.jpg,2,32.9,0,2
NewTanishq_Necklace_139.jpg,1,35.3,0,2
NewTanishq_Necklace_140.jpg,2,12.84,0,2
NewTanishq_Necklace_141.jpg,0,30.63,0,2
NewTanishq_Necklace_142.jpg,2,13.29,0,2
NewTanishq_Necklace_143.jpg,0,37.42,0,2
NewTanishq_Necklace_144.jpg,3,54.55,0,2
NewTanishq_Necklace_145.jpg,2,33.62,0,2
NewTanishq_Necklace_146.jpg,0,21.75,0,2
NewTanishq_Necklace_147.jpg,2,20.97,0,2
NewTanishq_Necklace_148.jpg,2,33.23,0,2
NewTanishq_Necklace_149.jpg,2,11.31,0,2
NewTanishq_Necklace_150.jpg,2,32.07,0,2
NewTanishq_Necklace_151.jpg,2,32.87,0,2
NewTanishq_Necklace_152.jpg,1,26.95,0,2
NewTanishq_Necklace_153.jpg,1,47.26,0,2
NewTanishq_Necklace_154.jpg,0,27.11,0,2
NewTanishq_Necklace_155.jpg,2,39.1,0,2
NewTanishq_Necklace_156.jpg,2,39.91,0,2
NewTanishq_Necklace_157.jpg,0,51.64,0,2
NewTanishq_Necklace_158.jpg,2,34.54,0,2
NewTanishq_Necklace_159.jpg,1,25.74,0,2
NewTanishq_Necklace_160.jpg,2,36.35,0,2
NewTanishq_Necklace_161.jpg,2,45.26,0,2
NewTanishq_Necklace_162.jpg,2,45.33,0,2
NewTanishq_Necklace_163.jpg,2,43.9,0,2
NewTanishq_Necklace_164.jpg,2,28.09,0,2
NewTanishq_Necklace_165.jpg,2,36.09,0,2
NewTanishq_Necklace_166.jpg,2,35.17,0,2
NewTanishq_Necklace_167.jpg,0,46.89,0,2
NewTanishq_Necklace_168.jpg,1,20.45,0,2
NewTanishq_Necklace_169.jpg,1,43.69,0,2
NewTanishq_Necklace_170.jpg,2,38.22,0,2
NewTanishq_Necklace_171.jpg,1,66.81,0,2
NewTanishq_Necklace_172.jpg,2,47.02,0,2
NewTanishq_Necklace_173.jpg,0,24.24,0,2
NewTanishq_Necklace_174.jpg,2,10.0,0,2
NewTanishq_Necklace_175.jpg,2,34.76,0,2
NewTanishq_Necklace_176.jpg,2,39.53,0,2
NewTanishq_Necklace_177.jpg,1,28.5,0,2
NewTanishq_Necklace_178.jpg,3,28.84,0,2
NewTanishq_Necklace_179.jpg,2,47.74,0,2
NewTanishq_Necklace_180.jpg,2,27.89,0,2
NewTanishq_Necklace_181.jpg,2,59.7,0,2
NewTanishq_Necklace_182.jpg,1,33.14,0,2
NewTanishq_Necklace_183.jpg,2,11.19,0,2
NewTanishq_Necklace_184.jpg,2,31.49,0,2
NewTanishq_Necklace_185.jpg,1,31.8,0,2
NewTanishq_Necklace_186.jpg,3,38.59,0,2
NewTanishq_Necklace_187.jpg,2,29.6,0,2
NewTanishq_Necklace_188.jpg,2,31.08,0,2
NewTanishq_Necklace_189.jpg,1,41.4,0,2
NewTanishq_Necklace_190.jpg,2,45.85,0,2
NewTanishq_Necklace_191.jpg,2,24.12,0,2
NewTanishq_Necklace_192.jpg,2,33.99,0,2
NewTanishq_Necklace_193.jpg,2,12.48,0,2
NewTanishq_Necklace_194.jpg,2,42.61,0,2
NewTanishq_Necklace_195.jpg,3,33.63,0,2
NewTanishq_Necklace_196.jpg,2,31.74,0,2
NewTanishq_Necklace_197.jpg,1,37.31,0,2
NewTanishq_Necklace_198.jpg,1,35.32,0,2
NewTanishq_Necklace_199.jpg,3,31.8,0,2
NewTanishq_Necklace_200.jpg,2,40.97,0,2
NewTanishq_Necklace_201.jpg,1,35.52,0,2
NewTanishq_Necklace_202.jpg,2,61.7,0,2
NewTanishq_Necklace_203.jpg,1,52.83,0,2
NewTanishq_Necklace_204.jpg,2,42.27,0,2
NewTanishq_Necklace_205.jpg,2,30.96,0,2
NewTanishq_Necklace_206.jpg,1,24.59,0,2
NewTanishq_Necklace_207.jpg,2,41.08,0,2
NewTanishq_Necklace_208.jpg,3,54.39,0,2
NewTanishq_Necklace_209.jpg,2,44.91,0,2
NewTanishq_Necklace_210.jpg,0,68.15,0,2
NewTanishq_Necklace_211.jpg,1,16.36,0,2
NewTanishq_Necklace_212.jpg,1,49.75,0,2
NewTanishq_Necklace_213.jpg,3,32.35,0,2
NewTanishq_Necklace_214.jpg,2,17.54,0,2
NewTanishq_Necklace_215.jpg,3,27.54,0,2
NewTanishq_Necklace_216.jpg,3,46.97,0,2
NewTanishq_Necklace_217.jpg,2,28.42,0,2
NewTanishq_Necklace_218.jpg,1,31.56,0,2
NewTanishq_Necklace_219.jpg,0,37.0,0,2
NewTanishq_Necklace_220.jpg,2,46.27,0,2
NewTanishq_Necklace_221.jpg,1,33.45,0,2
NewTanishq_Necklace_222.jpg,1,37.51,0,2
NewTanishq_Necklace_223.jpg,2,28.27,0,2
NewTanishq_Necklace_224.jpg,2,35.9,0,2
NewTanishq_Necklace_225.jpg,2,47.42,0,2
NewTanishq_Necklace_226.jpg,2,11.32,0,2
NewTanishq_Necklace_227.jpg,3,43.17,0,2
NewTanishq_Necklace_228.jpg,2,37.2,0,2
NewTanishq_Necklace_229.jpg,2,28.29,0,2
NewTanishq_Necklace_230.jpg,2,19.53,0,2
NewTanishq_Necklace_231.jpg,3,50.7,0,2
NewTanishq_Necklace_232.jpg,2,17.83,0,2
NewTanishq_Necklace_233.jpg,2,45.81,0,2
NewTanishq_Necklace_234.jpg,2,33.53,0,2
NewTanishq_Necklace_235.jpg,2,32.41,0,2
NewTanishq_Necklace_236.jpg,2,21.86,0,2
NewTanishq_Necklace_237.jpg,2,31.32,0,2
NewTanishq_Necklace_238.jpg,2,23.77,0,2
NewTanishq_Necklace_239.jpg,1,38.16,0,2
NewTanishq_Necklace_240.jpg,2,41.65,0,2
NewTanishq_Necklace_241.jpg,2,18.48,0,2
NewTanishq_Necklace_242.jpg,1,42.08,0,2
NewTanishq_Necklace_243.jpg,2,44.14,0,2
NewTanishq_Necklace_244.jpg,1,37.0,0,2
NewTanishq_Necklace_245.jpg,2,24.45,0,2
NewTanishq_Necklace_246.jpg,1,50.47,0,2
NewTanishq_Necklace_247.jpg,1,35.43,0,2
NewTanishq_Necklace_248.jpg,2,53.35,0,2
NewTanishq_Necklace_249.jpg,2,47.5,0,2
NewTanishq_Necklace_250.jpg,2,37.69,0,2
NewTanishq_Necklace_251.jpg,1,28.63,0,2
NewTanishq_Necklace_252.jpg,2,23.05,0,2
NewTanishq_Necklace_253.jpg,1,44.26,0,2
NewTanishq_Necklace_254.jpg,2,20.16,0,2
NewTanishq_Necklace_255.jpg,2,29.66,0,2
NewTanishq_Necklace_256.jpg,1,35.58,0,2
NewTanishq_Necklace_257.jpg,1,48.98,0,2
NewTanishq_Necklace_258.jpg,2,12.31,0,2
NewTanishq_Necklace_259.jpg,2,37.15,0,2
NewTanishq_Necklace_260.jpg,1,26.34,0,2
NewTanishq_Necklace_261.jpg,2,28.9,0,2
NewTanishq_Necklace_262.jpg,1,48.75,0,2
NewTanishq_Necklace_263.jpg,2,48.72,0,2
NewTanishq_Necklace_264.jpg,2,38.25,0,2
NewTanishq_Necklace_265.jpg,2,48.93,0,2
NewTanishq_Necklace_266.jpg,1,50.63,0,2
NewTanishq_Necklace_267.jpg,0,24.33,0,2
NewTanishq_Necklace_268.jpg,1,51.59,0,2
NewTanishq_Necklace_269.jpg,2,59.69,0,2
NewTanishq_Necklace_270.jpg,2,21.56,0,2
NewTanishq_Necklace_271.jpg,2,47.83,0,2
NewTanishq_Necklace_272.jpg,1,40.65,0,2
NewTanishq_Necklace_273.jpg,2,10.0,0,2
NewTanishq_Necklace_274.jpg,2,10.0,0,2
NewTanishq_Necklace_275.jpg,0,34.35,0,2
NewTanishq_Necklace_276.jpg,0,11.63,0,2
NewTanishq_Necklace_277.jpg,2,24.27,0,2
NewTanishq_Necklace_278.jpg,1,44.52,0,2
NewTanishq_Necklace_279.jpg,1,39.92,0,2
NewTanishq_Necklace_280.jpg,1,38.27,0,2
NewTanishq_Necklace_281.jpg,2,24.21,0,2
NewTanishq_Necklace_282.jpg,1,23.66,0,2
NewTanishq_Necklace_283.jpg,2,39.94,0,2
NewTanishq_Necklace_284.jpg,2,39.06,0,2
NewTanishq_Necklace_285.jpg,1,42.75,0,2
NewTanishq_Necklace_286.jpg,1,50.41,0,2
NewTanishq_Necklace_287.jpg,2,31.68,0,2
NewTanishq_Necklace_288.jpg,2,31.78,0,2
NewTanishq_Necklace_289.jpg,2,53.01,0,2
NewTanishq_Necklace_290.jpg,3,41.88,0,2
NewTanishq_Necklace_291.jpg,2,40.46,0,2
NewTanishq_Necklace_292.jpg,1,29.85,0,2
NewTanishq_Necklace_293.jpg,2,40.63,0,2
NewTanishq_Necklace_294.jpg,2,34.62,0,2
NewTanishq_Necklace_295.jpg,0,59.45,0,2
NewTanishq_Necklace_296.jpg,1,39.15,0,2
NewTanishq_Necklace_297.jpg,0,47.93,0,2
NewTanishq_Necklace_298.jpg,3,47.84,0,2
NewTanishq_Necklace_299.jpg,2,37.0,0,2
NewTanishq_Necklace_300.jpg,2,22.07,0,2
NewTanishq_Ring_0.jpg,1,7.05,0,0
NewTanishq_Ring_1.jpg,1,5.11,0,0
NewTanishq_Ring_2.jpg,2,4.36,0,0
NewTanishq_Ring_3.jpg,2,5.28,0,0
NewTanishq_Ring_4.jpg,0,2.75,0,0
NewTanishq_Ring_5.jpg,0,5.05,0,0
NewTanishq_Ring_6.jpg,0,4.89,0,0
NewTanishq_Ring_7.jpg,2,6.05,0,0
NewTanishq_Ring_8.jpg,2,4.31,0,0
NewTanishq_Ring_9.jpg,3,5.86,0,0
NewTanishq_Ring_10.jpg,1,6.59,0,0
NewTanishq_Ring_11.jpg,1,5.95,0,0
NewTanishq_Ring_12.jpg,2,2.36,0,0
NewTanishq_Ring_13.jpg,2,4.77,0,0
NewTanishq_Ring_14.jpg,2,6.09,0,0
NewTanishq_Ring_15.jpg,3,6.76,0,0
NewTanishq_Ring_16.jpg,1,3.66,0,0
NewTanishq_Ring_17.jpg,2,6.02,0,0
NewTanishq_Ring_18.jpg,2,4.34,0,0
NewTanishq_Ring_19.jpg,1,4.93,0,0
NewTanishq_Ring_20.jpg,3,1.91,0,0
NewTanishq_Ring_21.jpg,2,1.5,0,0
NewTanishq_Ring_22.jpg,2,4.7,0,0
NewTanishq_Ring_23.jpg,2,3.66,0,0
NewTanishq_Ring_24.jpg,2,7.16,0,0
NewTanishq_Ring_25.jpg,2,6.37,0,0
NewTanishq_Ring_26.jpg,1,6.77,0,0
NewTanishq_Ring_27.jpg,2,1.73,0,0
NewTanishq_Ring_28.jpg,2,3.96,0,0
NewTanishq_Ring_29.jpg,2,4.71,0,0
NewTanishq_Ring_30.jpg,2,2.67,0,0
NewTanishq_Ring_31.jpg,0,5.99,0,0
NewTanishq_Ring_32.jpg,2,4.08,0,0
NewTanishq_Ring_33.jpg,1,5.65,0,0
NewTanishq_Ring_34.jpg,2,5.9,0,0
NewTanishq_Ring_35.jpg,2,4.9,0,0
NewTanishq_Ring_36.jpg,1,6.1,0,0
NewTanishq_Ring_37.jpg,3,3.26,0,0
NewTanishq_Ring_38.jpg,2,5.46,0,0
NewTanishq_Ring_39.jpg,2,5.2,0,0
NewTanishq_Ring_40.jpg,1,7.31,0,0
NewTanishq_Ring_41.jpg,2,1.9,0,0
NewTanishq_Ring_42.jpg,2,5.49,0,0
NewTanishq_Ring_43.jpg,2,5.16,0,0
NewTanishq_Ring_44.jpg,1,4.43,0,0
NewTanishq_Ring_45.jpg,1,1.76,0,0
NewTanishq_Ring_46.jpg,2,2.79,0,0
NewTanishq_Ring_47.jpg,1,4.11,0,0
NewTanishq_Ring_48.jpg,3,5.51,0,0
NewTanishq_Ring_49.jpg,2,2.93,0,0
NewTanishq_Ring_50.jpg,2,7.12,0,0
NewTanishq_Ring_51.jpg,1,4.96,0,0
NewTanishq_Ring_52.jpg,2,6.52,0,0
NewTanishq_Ring_53.jpg,2,7.83,0,0
NewTanishq_Ring_54.jpg,2,3.34,0,0
NewTanishq_Ring_55.jpg,2,1.5,0,0
NewTanishq_Ring_56.jpg,1,4.56,0,0
NewTanishq_Ring_57.jpg,2,2.83,0,0
NewTanishq_Ring_58.jpg,3,9.23,0,0
NewTanishq_Ring_59.jpg,0,5.22,0,0
NewTanishq_Ring_60.jpg,2,5.28,0,0
NewTanishq_Ring_61.jpg,1,3.2,0,0
NewTanishq_Ring_62.jpg,1,7.16,0,0
NewTanishq_Ring_63.jpg,2,6.12,0,0
NewTanishq_Ring_64.jpg,2,4.49,0,0
NewTanishq_Ring_65.jpg,2,5.84,0,0
NewTanishq_Ring_66.jpg,2,5.6,0,0
NewTanishq_Ring_67.jpg,2,6.28,0,0
NewTanishq_Ring_68.jpg,2,4.33,0,0
NewTanishq_Ring_69.jpg,2,5.22,0,0
NewTanishq_Ring_70.jpg,0,4.25,0,0
NewTanishq_Ring_71.jpg,3,3.74,0,0
NewTanishq_Ring_72.jpg,2,5.55,0,0
NewTanishq_Ring_73.jpg,1,2.92,0,0
NewTanishq_Ring_74.jpg,1,7.96,0,0
NewTanishq_Ring_75.jpg,2,5.38,0,0
NewTanishq_Ring_76.jpg,0,3.09,0,0
NewTanishq_Ring_77.jpg,2,6.89,0,0
NewTanishq_Ring_78.jpg,3,5.27,0,0
NewTanishq_Ring_79.jpg,0,2.62,0,0
NewTanishq_Ring_80.jpg,2,3.81,0,0
NewTanishq_Ring_81.jpg,2,4.91,0,0
NewTanishq_Ring_82.jpg,2,2.91,0,0
NewTanishq_Ring_83.jpg,2,7.61,0,0
NewTanishq_Ring_84.jpg,2,5.58,0,0
NewTanishq_Ring_85.jpg,1,5.65,0,0
NewTanishq_Ring_86.jpg,1,3.85,0,0
NewTanishq_Ring_87.jpg,2,6.49,0,0
NewTanishq_Ring_88.jpg,1,5.98,0,0
NewTanishq_Ring_89.jpg,1,4.82,0,0
NewTanishq_Ring_90.jpg,2,5.07,0,0
NewTanishq_Ring_91.jpg,2,7.92,0,0
NewTanishq_Ring_92.jpg,1,4.07,0,0
NewTanishq_Ring_93.jpg,1,6.5,0,0
NewTanishq_Ring_94.jpg,2,5.04,0,0
NewTanishq_Ring_95.jpg,1,5.53,0,0
NewTanishq_Ring_96.jpg,1,4.71,0,0
NewTanishq_Ring_97.jpg,2,8.28,0,0
NewTanishq_Ring_98.jpg,2,5.76,0,0
NewTanishq_Ring_99.jpg,1,5.81,0,0
NewTanishq_Ring_100.jpg,2,2.77,0,0
NewTanishq_Ring_101.jpg,2,3.71,0,0
NewTanishq_Ring_102.jpg,2,5.86,0,0
NewTanishq_Ring_103.jpg,2,4.78,0,0
NewTanishq_Ring_104.jpg,2,2.87,0,0
NewTanishq_Ring_105.jpg,2,6.81,0,0
NewTanishq_Ring_106.jpg,0,2.99,0,0
NewTanishq_Ring_107.jpg,0,8.62,0,0
NewTanishq_Ring_108.jpg,2,6.12,0,0
NewTanishq_Ring_109.jpg,1,4.98,0,0
NewTanishq_Ring_110.jpg,0,4.56,0,0
NewTanishq_Ring_111.jpg,0,3.64,0,0
NewTanishq_Ring_112.jpg,1,1.5,0,0
NewTanishq_Ring_113.jpg,2,3.41,0,0
NewTanishq_Ring_114.jpg,2,5.87,0,0
NewTanishq_Ring_115.jpg,0,2.57,0,0
NewTanishq_Ring_116.jpg,1,4.3,0,0
NewTanishq_Ring_117.jpg,2,8.37,0,0
NewTanishq_Ring_118.jpg,2,3.73,0,0
NewTanishq_Ring_119.jpg,2,1.86,0,0
NewTanishq_Ring_120.jpg,2,2.73,0,0
NewTanishq_Ring_121.jpg,2,8.54,0,0
NewTanishq_Ring_122.jpg,2,5.26,0,0
NewTanishq_Ring_123.jpg,1,3.35,0,0
NewTanishq_Ring_124.jpg,2,5.78,0,0
NewTanishq_Ring_125.jpg,3,3.12,0,0
NewTanishq_Ring_126.jpg,0,1.5,0,0
NewTanishq_Ring_127.jpg,0,7.63,0,0
NewTanishq_Ring_128.jpg,2,4.55,0,0
NewTanishq_Ring_129.jpg,2,8.76,0,0
NewTanishq_Ring_130.jpg,3,6.44,0,0
NewTanishq_Ring_131.jpg,2,4.41,0,0
NewTanishq_Ring_132.jpg,0,5.07,0,0
NewTanishq_Ring_133.jpg,2,5.04,0,0
NewTanishq_Ring_134.jpg,2,5.73,0,0
NewTanishq_Ring_135.jpg,2,2.32,0,0
NewTanishq_Ring_136.jpg,2,7.46,0,0
NewTanishq_Ring_137.jpg,2,5.91,0,0
NewTanishq_Ring_138.jpg,1,4.57,0,0
NewTanishq_Ring_139.jpg,2,7.68,0,0
NewTanishq_Ring_140.jpg,2,6.4,0,0
NewTanishq_Ring_141.jpg,3,2.17,0,0
NewTanishq_Ring_142.jpg,2,6.77,0,0
NewTanishq_Ring_143.jpg,1,3.46,0,0
NewTanishq_Ring_144.jpg,2,1.83,0,0
NewTanishq_Ring_145.jpg,2,3.07,0,0
NewTanishq_Ring_146.jpg,1,8.2,0,0
NewTanishq_Ring_147.jpg,3,6.31,0,0
NewTanishq_Ring_148.jpg,1,5.31,0,0
NewTanishq_Ring_149.jpg,1,5.86,0,0
NewTanishq_Ring_150.jpg,1,6.69,0,0
NewTanishq_Ring_151.jpg,1,4.57,0,0
NewTanishq_Ring_152.jpg,2,7.79,0,0
NewTanishq_Ring_153.jpg,1,5.08,0,0
NewTanishq_Ring_154.jpg,2,1.69,0,0
NewTanishq_Ring_155.jpg,1,8.6,0,0
NewTanishq_Ring_156.jpg,2,2.35,0,0
NewTanishq_Ring_157.jpg,2,7.26,0,0
NewTanishq_Ring_158.jpg,2,1.5,0,0
NewTanishq_Ring_159.jpg,2,5.38,0,0
NewTanishq_Ring_160.jpg,3,3.75,0,0
NewTanishq_Ring_161.jpg,2,5.92,0,0
NewTanishq_Ring_162.jpg,2,8.48,0,0
NewTanishq_Ring_163.jpg,3,4.48,0,0
NewTanishq_Ring_164.jpg,2,2.4,0,0
NewTanishq_Ring_165.jpg,2,5.39,0,0
NewTanishq_Ring_166.jpg,0,4.53,0,0
NewTanishq_Ring_167.jpg,2,2.78,0,0
NewTanishq_Ring_168.jpg,3,6.23,0,0
NewTanishq_Ring_169.jpg,2,1.5,0,0
NewTanishq_Ring_170.jpg,1,3.4,0,0
NewTanishq_Ring_171.jpg,2,5.78,0,0
NewTanishq_Ring_172.jpg,2,3.4,0,0
NewTanishq_Ring_173.jpg,1,2.44,0,0
NewTanishq_Ring_174.jpg,2,6.49,0,0
NewTanishq_Ring_175.jpg,2,5.42,0,0
NewTanishq_Ring_176.jpg,2,2.86,0,0
NewTanishq_Ring_177.jpg,2,4.55,0,0
NewTanishq_Ring_178.jpg,1,6.91,0,0
NewTanishq_Ring_179.jpg,0,1.5,0,0
NewTanishq_Ring_180.jpg,2,7.88,0,0
NewTanishq_Ring_181.jpg,1,5.58,0,0
NewTanishq_Ring_182.jpg,1,4.92,0,0
NewTanishq_Ring_183.jpg,2,6.45,0,0
NewTanishq_Ring_184.jpg,1,6.61,0,0
NewTanishq_Ring_185.jpg,2,2.06,0,0
NewTanishq_Ring_186.jpg,2,4.32,0,0
NewTanishq_Ring_187.jpg,2,4.23,0,0
NewTanishq_Ring_188.jpg,2,5.47,0,0
